skillId;Название;Заведующий;headId;Мин. возраст;Макс. возраст;Доступность для записи;Максимальная длительность;Установщик;Видео презентация;ОС;Планшет;Пинок по АЗ;Формат;Описание направления;Страница на Tilda;Ссылка для ЛК с Tilda;Шаблон;Внутренняя заметка;Коэффициент;ИГФ;ИФ;ГФ;Языковое направление;Без оплаты тренеру;Отображение пожелания родителя;Обязательное пожелание родителя;Группа;visibility;requiredSkillId;languages;visibleLanguages;downloadLink
12;3D Zbrush;Капариха Татьяна;TuuxHqNwgt3udSSkP;13;;Доступно;2;https://docs.google.com/document/d/1tkfCCzlc7nK2NUy5scMoWSzcWQYxQ1Tv/edit;;"Windows, MacOS, Linux, ChromeOS";;Да;"Индивидуальный, Индивидуально-групповой";"Курс для будущих 3d-моделлеров: цифровая лепка из виртуального пластилина на профессиональном уровне. Создание сложных детализированных персонажей и объектов для видео и игровой индустрии, медицины, промышленности, подготовка к 3d печати.";https://itgen.io/design/3d-sculpting-zbrush;https://itgen.io/3d-zbrush-gena;;"[#zbrush](https://itgenio.slack.com/archives/C03H9E70ATV)

**
**

**Рекомендуем новым клиентам только в крайнем случае (если хотят ТОЛЬКО это и больше НИЧЕГО нет)** 

**Чему научим?**

Научим создавать простые и сложные цифровые скульптуры, моделировать персонажей из любимых игр, ювелирные изделия, одежду и обувь. Такая цифровая лепка идеальна для создания людей, животных, и вообще всего органического. Модели можно использовать в связке с другими программами и движками для создания игр и печатать на 3Д принтере.

.

**Особенности в обучении?**

ZBrush позволяет создавать модели с миллионами полигонов даже на относительно слабых компьютерах. Все в ней направлено на удобную и качественную работу со сложными объектами без ущерба производительности. 

.

**Что на пробном уроке?**

На пробном уроке ученик знакомится с интерфейсом программы, базовыми командами и инструментами. Также поэкспериментирует с ""цифровой глиной"", научится работать с цветом и материалами. В итоге создаст первого высокополигонального персонажа.

.

**Результат в конце курса какой?**

Собственное портфолио. Ряд практических навыков и знаний, которые могут применять в различных областях, требующих владения 3D-графикой и анимацией.

.

**Вау эффект какой?**

Возможность создавать впечатляющие 3D-модели, анимировать их, визуализировать и рендерить с высоким качеством.

.

Обязательна установка программы для первого занятия. На английском языке материалов нет. Целью обучения является создание персонажей и животных (посредством лепки). Рекомендовано изучение после базы на Sculptris или Blender, но можно записывать и без них. Идеально даже совмещать Blender и Zbrush. Возможны занятия на графическом планшете. На изучение данного курса на базовом уровне без дополнительных тем потребуется около 40 часов.

На углубленном уровне до 60 часов.

.

**Системные требования**

• Операционная система: Windows 10 x64, Mac OS 10\.13 и выше;

• Процессор: с тактовой частотой не менее 2 ГГц, желательно 4-х, 6-ти ядерный;

• Установленный интернет браузер Google Chrome;

• Оперативная память: 16 ГБ (рекомендованная 32 ГБ);

• Видеокарта с поддержкой DirectX 12 и 4 Гб видеопамяти (рекомендовано графический

процессор с поддержкой DirectX 12 и 12 ГБ видеопамяти ГП или больше);

• Место на жестком диске: не менее 20 ГБ свободного пространства на жёстком диске;";1.2;1.2;1;1;Нет;;Да;;Дизайн и творчество;visible;;"ru, en, fr, es";ru;https://docs.google.com/document/d/1tkfCCzlc7nK2NUy5scMoWSzcWQYxQ1Tv/edit
28;3D-моделирование: Blender;Шабунько Дмитрий;aB57S7cbrCjXtYqcz;12;;Доступно;2;https://docs.google.com/document/d/1tJd36NAAbSqauSM0qVhd7r3_hTN9DBy5/edit;JZq9c9ZgK8z44YRL6;"Windows, MacOS, Linux";;Да;"Индивидуально-групповой, Индивидуальный";"Курс для будущих 3d моделлеров. Возможность научится работать в профессиональной программе для 3D-моделирования: создавать персонажей, сцены и анимации. Курс развивает пространственное мышление и открывает путь в геймдев, анимацию и архитектуру.";https://itgen.io/design/3d-modeling/blender;https://itgen.io/3d-blender-gena;;"[#blender\_party](https://itgenio.slack.com/archives/CUDP4Q1L3)

[**Визитка направления.**](https://editor.itgen.io/editor/kARLJN0ad4N6LW)

.

**🎨 Blender — создание 3D-моделей и анимации**

.

Blender — это профессиональная программа, в которой создают 3D-модели, анимации и визуальные эффекты. На этом курсе ребёнок научится создавать персонажей, предметы, сцены и даже целые виртуальные миры. Такие навыки используют в мультфильмах, компьютерных играх, рекламе и архитектуре.

.

**Почему Blender актуален именно сейчас**

*   3D-графика везде.  Игры, фильмы, реклама, YouTube — везде нужны специалисты по 3D.
*   Инструмент мирового уровня. Blender используют как начинающие, так и профессиональные студии. Он бесплатный и доступный, но с мощными возможностями.
*   Творчество без границ. Можно воплотить любую идею: от мультипликационного персонажа до реалистичной квартиры или сложной анимации.
*   Подходит для старших детей. С 11 лет — при опыте в Tinkercad или Sculptris, с 12 лет — без ограничений.

.

**🎓 Чему научим**

1.  Работать в Blender: моделировать объекты, анимировать их, настраивать материалы и освещение для реалистичного вида
2.  Создавать персонажей, объекты и сцены с нуля
3.  Использовать физические симуляции — эффекты движения тканей или жидкостей для более реалистичной анимации
4.  Разрабатывать дизайн интерьеров и архитектурных объектов
5.  Подготавливать проекты для обработки, для достижения высокого качества детализации
6.  **Опционально:** Подготовим модель под печать и создадим файлик для печати .STL/ НО пользоваться вашим принтером не научим (производителей много, у каждого производителя свой софт под эти файлики и тд.)

.

**🎯 Что получит ребёнок**

*   Портфолио 3D-работ: персонажи, сцены, анимации
*   Навыки, которые востребованы в геймдеве, анимации, рекламе и архитектуре
*   Опыт работы в профессиональной программе мирового уровня
*   Уверенность в реализации собственных творческих идей

.

**🧊 Что будет на пробном?**

Ученик познакомится с интерфейсом Blender и основными окнами программы. Он научится ориентироваться в 3D-пространстве, управлять камерой и выполнять базовые действия с объектами в объектном режиме: добавлять их на сцену, перемещать, вращать и масштабировать.

Главный результат — создание первой 3D-сцены. Ребенок применит полученные навыки на практике, смоделировав стаканчик бабл-ти с кубиками льда, и увидит, как из простых геометрических фигур создаются объемные объекты.

**🚀 Дальнейшие шаги**

После Blender ребёнок сможет:

*   Перейти в геймдев (создание игр) — создавать наборы 3D-объектов для игр в Unity или Unreal Engine
*   Попробовать себя в Цифровой анимации

.

**📚 Программа курса — 70 часов (9 тем)**

*   Основы работы в Blender: интерфейс, инструменты, простые модели
*   Моделирование персонажей и предметов
*   Создание материалов и текстур
*   Освещение и камера
*   Анимация объектов и персонажей
*   Физические симуляции (ткань, жидкость, частицы)
*   Дизайн интерьеров и архитектура
*   Рендеринг и постобработка
*   Итоговый проект для портфолио

.

**💥 Вау-эффект**

Ребёнок сможет создавать реалистичные 3D-сцены, анимации и персонажей, как в любимых играх и мультфильмах. Проекты будут выглядеть профессионально — их можно показывать на конкурсах или использовать в будущем портфолио.

.

**💻 Системные требования**

*   ОС: Windows 8/10 x64 или macOS 10\.9\+
*   ОЗУ: 8–16 ГБ
*   Процессор: 4 ядра от 2,5 ГГц
*   Видеокарта: с поддержкой OpenGL 3\.2, 2–4 ГБ памяти
*   Свободное место: 500 МБ";1.2;1.2;1;1;Нет;;Да;;Дизайн и творчество;visible;;"ru, en, es";"ru, en";https://docs.google.com/document/d/1tJd36NAAbSqauSM0qVhd7r3_hTN9DBy5/edit
11;3D-моделирование: Sculptris;Гинько Елена;q9bu3BwbmAny9miDE;10;;Доступно;2;https://stephaneginier.com/sculptgl/;;"Windows, MacOS, Linux, ChromeOS";"Android, iPad";Нет;"Индивидуальный, Индивидуально-групповой";"Курс для начинающих моделлеров: цифровая лепка из виртуального пластилина. Создание сложных скульптур, животных и персонажей, ярких и детальных, для 3d анимации, дизайна, 3d печати. Возможность продолжать занятия в редакторах ZBrush и Blender.";https://itgen.io/design/3d-modeling/sculptris;https://itgen.io/3d-sculptris-gena;;"[#sculptris](https://itgenio.slack.com/archives/CG9LY3JH1)

**Рекомендуем новым клиентам ТОЛЬКО В КРАЙНЕМ СЛУЧАЕ  (если хотят ТОЛЬКО это и больше НИЧЕГО нет)**

**Не работает в РФ без VPN**

**Чему научим?**

Ребенок учится основам 3Д моделирования по принципу скульптинга (лепки), ориентироваться в 3Д пространстве,  изучает пропорции, текстуры и различные особенности работы с виртуальной глиной.

.

**Особенности в обучении?**

Весь курс состоит только из практических материалов. Ученик учится работать по инструкции, параллельно изучая новые возможности программы. Также, во время курса, тренер уделяет внимание развитию фантазии и умению лепки собственных моделей ученика.

.

**Что на пробном уроке?**

На первом уроке ученик работает над своим первым 3Д проектом ""Авокадо"". В этом проекте подробно рассматриваются базовые инструменты 3Д скульптинга (трансформация, 3д расплющить, 3д тянучка и многие другие)

.

**Результат в конце курса какой?**

Ребята научатся:

Ориентироваться в 3Д пространстве;

Поворачивать, изменять размеры, передвигать 3Д объекты в трех плоскостях;

Распознавать 3Д-формы с 2Д-изображений или предметов, которые нас окружают в жизни (из каких форм состоит стол, здание, персонаж и тд.);

Использовать все инструменты программы 3D Sculptris (3D Кисть, 3D Надуть, 3D Закручивание, 3D Маска, Трансформация и тд.);

Импортивать и экспортировать готовые 3D объекты;

Менять параметры инструментов (работать с негативом, симметрией, тонкой поверхностью и тд.);

Работать с топологией, перестраивать сетку, изменять количество полигонов;

Импортировать 2Д-текстуры и правильно их использовать;

Работать с визуализацией (подбирать шейдеры, материал, прозрачность);

""

.

**Вау эффект какой?**

Ученик сможет собрать портфолио из моделей и персонажей любимых игр и мультфильмов.

.

Установка программы не требуется (работаем в онлайн версии). Целью обучения является получение навыков моделирование 3Д-объектов по принципу “лепки”. Развитие пространственного мышления, умение проектировать и воплощать реальные объекты в 3Д-модели. Понимание пропорций предметов, персонажей, человека и тд.. Если текущий ученик 10 лет, захотел создавать именно такие проекты, то его можно сразу на Sculptris. Если цели создания персонажей нет, то лучше направить на Tinkercad. Следующая ступенька после изучения Sculptris -  ZBrush или Blender.

.

Среднее кол-во часов в курсе - 30-40\.

.

**Системные требования:** • Операционная система: Windows 7/8/8\.1/10 x64, Mac OS X 10\.9, 10\.10, 10\.11 и выше; • Оперативная память: от 2 Гб и выше, процессор: 2 ядерный процессор от 1\.8 ГГц;";1;1;1;1;Нет;;Да;;Дизайн и творчество;visible;;"ru, en, es";"ru, en";https://stephaneginier.com/sculptgl/
10;3D-моделирование: Tinkercad;Гинько Елена;q9bu3BwbmAny9miDE;7;12;Доступно;2;;5Kb2nWCySxGZGezR2;"Windows, MacOS, Linux, ChromeOS";"Android, iPad";;"Индивидуально-групповой, Индивидуальный";"Мы научимся работать в 3D-пространстве, создавать собственные объекты и персонажей. Уже с первых уроков  будем собирать свои модели и сделаем первые шаги в мир 3D-дизайна и технологий будущего.";https://itgen.io/design/3d-modeling/tinkercad;https://itgen.io/3d-tinkercad-gena;;"**тинкер из РФ не работает и нужен впн уже на ПРОБНОЕ**

[#3d\_tinkercad](https://itgenio.slack.com/archives/CH72V923E)

**.**

[**Визитка направления.**](https://editor.itgen.io/editor/HLO-l16UuEhMJ0)

.

**🖥️ Tinkercad — первый шаг в 3D-моделирование**

Tinkercad — это простая и понятная онлайн-программа, с которой легко начать путь в 3D-моделирование. На курсе ребёнок создаёт собственные объекты и персонажей, учится ориентироваться в 3D-пространстве и превращать свои идеи в реальные модели.

.

Почему Tinkercad актуален именно сейчас

*   3D — технология будущего. Печать деталей на 3D-принтере, разработка игр, дизайн — всё это начинается с умения создавать 3D-модели.
*   Простой старт. Интерфейс Tinkercad интуитивный, а обучение проходит через интересные задания и творческие проекты.
*   От идеи к результату. Уже на первом занятии ребёнок создаёт свой первый 3D-объект.
*   Плавный переход к более сложным программам. После Tinkercad легко перейти к более сложным, взрослым программам — Sculptris, Blender или ZBrush.

.

**🎓 Чему научим**

*   Разбираться в 3D-пространстве и уверенно работать в нём
*   Создавать объекты — от кубика до сложной модели
*   Настраивать внешний вид: размер, форма, цвет
*   Переделывать и дополнять модели по своим идеям
*   Использовать и изменять готовые модели из библиотеки
*   Замечать, из каких деталей состоят вещи вокруг нас, и воссоздавать их в 3D

.

🎯 Что получит ребёнок

*   Портфолио из собственных 3D-моделей: персонажи игр, предметы интерьера, техника
*   Навыки работы в Tinkercad — первом шаге в 3D-модeлирование
*   Логическое и пространственное мышление
*   Уверенность в реализации собственных идей

.

**🧊 Что будет на пробном?**

Ученик познакомится с платформой Tinkercad и научится работать в трёхмерном пространстве. Он освоит навигацию по сцене — вращение, масштабирование и перемещение вида, а также научится управлять базовыми геометрическими формами, настраивая их размеры и положение.

Главный результат — создание первого 3D-проекта (модели домика) из комбинации различных фигур. Ребенок поймет принципы построения объектов в объеме и научится точно совмещать детали между собой.

.

**Важно для родителя:** Для работы на уроке обязательно наличие компьютерной мыши (работать на тачпаде будет крайне неудобно).

.

**🚀 Дальнейшие шаги**

После Tinkercad ребёнок сможет перейти к:

*   🎨 Цифровая живопись — научиться рисовать персонажей, которых потом сможет воплощать в 3D пространстве
*   🎨Sculptris — создание более сложных органичных форм и персонажей
*   🖌️ Blender или ZBrush (с 12 лет) — профессиональное 3D-моделирование и анимация
*   🕹️ 3D для игр — создание моделей для игр

.

**📚 Программа курса — 30–40 часов**

*   Основы работы в Tinkercad, знакомство с интерфейсом
*   Создание простых объектов и их модификация
*   Построение сложных форм и комбинаций
*   Работа с отверстиями, зеркалом, выравниванием
*   Импорт и экспорт готовых моделей
*   Итоговый творческий проект

.

**💥 Вау-эффект**

Ребёнок создаёт своих героев, автомобили, здания и предметы интерьера в 3D. Эти модели можно не только показать друзьям, но и напечатать на 3D-принтере.

.

**💻 Системные требования**

*   ОС: Windows 8/10 или macOS 10\.9\+
*   ОЗУ: от 2 ГБ
*   Процессор: от 2 ядер, от 1\.8 ГГц
*   Мышь: обязательна (две кнопки \+ колесо прокрутки)

Программа: не требуется установка, Tinkercad работает в браузере

Для детей 7 лет - пн обязательны! Лучше записать на индивидуальную КГ (если не умеет читать - ЮП) \+Тинкеркад.

**.**

**Условия для пробного занятия:**

**обязательна компьютерная мышь с двумя клавишами** **и колесом прокрутки**

**Если ребёнку важно именно 3D.**

**На Tinkercad в 11 лет уже не записывают** — этот курс считается слишком базовым для такого возраста.

Если по возрасту ребёнок ещё не подходит для Blender (курс с 12 лет), то оптимальный вариан**т — Sculptris.**

**Дополнение по 10-летним.**

Если ребёнку 10 лет, он очень хочет заниматься 3D и уже имеет хороший опыт работы за компьютером или самостоятельно что-то изучал, **— его также можно записать на Sculptris, иначе Тinkercad будет слишком простым и скучным.**";0.9;0.9;1;1;Нет;;Да;;Дизайн и творчество;visible;;"ru, en, es";"ru, en";
EoywvoPMM8soTJ5Hx;Английский язык;Шишикина Анастасия;2QoskkF7CoeevZmXh;8;;Доступно;1;;;"Windows, MacOS, Linux, ChromeOS";"Android, iPad";;"Индивидуальный, Групповой";"Занятия помогают свободно говорить, понимать и думать на английском! Упор делается на практику и уверенность в общении. Курс подходит как для начинающих, так и для тех, кто хочет повысить уровень английского языка до С1.";https://itgen.io/kursy-inostrannyh-yazykov-dlya-detey/angliyskiy-yazyk;https://itgen.io/english_gena;;"**Не записывать на это направление клиентов с ЯО ""английский""!!!!!!**

.

[#english\_classes\_аки](https://itgenio.slack.com/archives/C01CUU27DMF)

.

**🇬🇧 Английский язык — уверенное общение без барьеров**

Наш курс помогает детям говорить, понимать и думать на английском. Мы учим не зубрить слова и правила, а использовать язык в жизни: в разговоре, переписке, при просмотре фильмов и чтении книг.

.

**Почему учить английский важно уже сейчас**

*   Английский открывает двери. Это язык международного общения, путешествий, карьеры и интернета.
*   Чем раньше — тем проще. Дети легче усваивают произношение и грамматику, когда начинают в младшем возрасте.
*   Практика, а не только теория. Мы учим через реальные ситуации: от заказа еды до обсуждения фильмов и любимых игр.
*   Уверенность в себе. Ребёнок перестаёт бояться говорить и ошибаться, ведь обучение проходит в поддерживающей атмосфере.

.

**🎓 Чему научим**

*   Грамотно строить предложения и свободно общаться на английском
*   Понимать носителей языка на слух
*   Читать и понимать книги, рассказы, статьи
*   Правильно произносить слова и интонировать фразы
*   Использовать новые слова и грамматические конструкции в своей речи

.

**🎯 Что получит ребёнок**

*   Уверенность в разговорной речи
*   Словарный запас, достаточный для общения и переписки
*   Навык понимать фильмы, видео и песни на английском
*   Умение свободно выражать своё мнение и аргументировать его
*   Осознанное использование грамматики и времён
*   Если старт с нуля — умение представиться, рассказать о себе и поддержать простой диалог

.

**🇬🇧 Что будет на пробном?**

Ученик определит свой текущий уровень владения языком через живое общение с тренером и интерактивные задания, такие как «колесо вопросов». Это поможет выявить сильные стороны в коммуникации и обнаружить пробелы, требующие внимания.

В ходе занятия решаются ключевые задачи:

*   Постановка целей: С помощью специального инструмента «компас» и обсуждения с тренером ребенок сформулирует желаемые результаты, сроки обучения и выберет аспекты языка, на которых хочет сделать упор.
*   Знакомство с форматом: Ученик изучит возможности платформы и увидит, как работают видеоматериалы в обучении.
*   Работа над первым проектом: Во второй половине урока ребенок получит свой первый тематический проект. Он сразу начнет практиковать лексику и грамматику, а также задействует основные навыки: чтение, аудирование, письмо и говорение.

**🚀 Дальнейшие шаги**

*   После основного курса ребёнок сможет:
*   Присоединиться к Speaking Club со сверстниками
*   Продолжить изучать язык с носителем
*   Перейти на углублённый курс для подготовки к экзаменам (PET, FCE и др.)
*   Начать изучать специализированный английский — для путешествий, IT или творческих направлений

.

**📚 Формат и особенности**

*   Индивидуальные занятия с русскоговорящим тренером
*   Возможность занятий с носителями языка
*   Подбор тем и материалов под интересы ребёнка
*   Максимум разговорной практики на каждом занятии
*   Интерактивные задания, видео и игры для закрепления
*   Повторение материала на нашей онлайн-платформе
*   Возможны мини-группы (2–3 человека)

.

💥 Вау-эффект

Ребёнок начинает думать на английском и чувствует себя уверенно в общении: от разговора с иностранцем до просмотра фильма без субтитров.

.

**Speaking Club**

[https://www.notion.so/Speaking-Club-\_-fa8c3f0b456d4d19acb0e5d3bf2af564](https://www.notion.so/Speaking-Club-_-fa8c3f0b456d4d19acb0e5d3bf2af564)

Описание на тильда: [https://itgen.io/speaking-club](https://itgen.io/speaking-club)";1;1;1;1;Нет;;Да;;Иностранные языки;visible;;"ru, en, es";ru;
Me2omeDWgNXy8R7TC;Английский язык 30;Шишикина Анастасия;2QoskkF7CoeevZmXh;5;7;invisibly;1;;;"Windows, MacOS, Linux, ChromeOS";;;Индивидуальный;"Курс рекомендован для начинающих. Одновременная тренировка всех видов речевой деятельности: говорение, понимание на слух, чтение и письмо.";https://itgen.io/kursy-inostrannyh-yazykov-dlya-detey/angliyskiy-yazyk;https://itgen.io/english_gena;;;1;1;0.7;1;Нет;;;;Дошкольные программы;invisibly;;ru;;
Y8n3Skqa3rEsxuFnu;Английский язык с носителем;Шишикина Анастасия;2QoskkF7CoeevZmXh;8;;Доступно;1;;;"Windows, MacOS, Linux, ChromeOS";"Android, iPad";;"Индивидуальный, Групповой";"Курс рекомендован тем, кто хочет повысить уровень английского языка. 
Практикуем говорение, чтение и изучаем грамматику с носителем языка.";https://itgen.io/kursy-inostrannyh-yazykov-dlya-detey/angliyskiy-yazyk;https://itgen.io/english_gena;;"Направление для желающих прокачать свой уровень языка и научиться свободно выражать свои мысли, наслаждаться просмотром фильмов на английском языке. На занятиях много разговариваем, изучаем новую лексику, тренируемся воспринимать устную речь на слух. Мы предлагаем индивидуальный формат занятий и максимальное количество внимания от преподавателя. Обучающиеся занимаются с носителями языка, что помогает им максимально быстро и плавно влиться в языковую среду.

Запись на направление от уровня B1\.";1;1;1.2;1;Нет;;Да;;Иностранные языки;visible;;"ru, en, es";"ru, es";
Gb8bCkcMM77dvJ9XL;Английский язык с носителем 30;Шишикина Анастасия;2QoskkF7CoeevZmXh;7;;onlyAdmin;0.5;;;"Windows, MacOS, Linux, ChromeOS";;;Индивидуальный;"Курс рекомендован тем, кто хочет повысить уровень английского языка. 
Практикуем говорение, чтение и изучаем грамматику с носителем языка.";https://itgen.io/kursy-inostrannyh-yazykov-dlya-detey/angliyskiy-yazyk;;;"Направление для желающих прокачать свой уровень языка и научиться свободно выражать свои мысли, наслаждаться просмотром фильмов на английском языке. На занятиях много разговариваем, изучаем новую лексику, тренируемся воспринимать устную речь на слух. Мы предлагаем индивидуальный формат занятий и максимальное количество внимания от преподавателя. Обучающиеся занимаются с носителями языка, что помогает им максимально быстро и плавно влиться в языковую среду.

Запись на направление от уровня B1\.";1;1;1.2;1;Нет;;;;Иностранные языки;onlyAdmin;;"ru, en";"ru, en";
gje7EGtMWAs8RugdF;Английский язык: экзамены;Шишикина Анастасия;2QoskkF7CoeevZmXh;15;;Доступно;1;;;"Windows, MacOS, Linux, ChromeOS";"Android, iPad";;Индивидуальный;"Курс для подготовки к ЕГЭ, ОГЭ, ЦТ и международным экзаменам: IELTS, TOEFL.  Детальный анализ знаний, составление индивидуального плана. Распределение времени на экзамене, быстрое решения заданий.";https://itgen.io/kursy-inostrannyh-yazykov-dlya-detey/angliyskiy-yazyk;;;;1;1;1.2;1;Нет;;Да;;Иностранные языки;visible;;"ru, en, es";ru;
13;Анимация в After Effects;Вишневецкая Александра;kqhRM9KRgfvetQsw5;12;;onlyAdmin;2;;;"Windows, MacOS, Linux, ChromeOS";;Да;"Индивидуально-групповой, Индивидуальный";"Курс для продвинутых клипмейкеров, будущих аниматоров. Выпускник научится создавать крутые интро, анимацию иллюстраций и персонажей, основы анимации интерфейсов для UI/UX и графического дизайна.";https://itgen.io/aftereffects-gena;https://itgen.io/aftereffects-gena;;"[#after-effects](https://itgenio.slack.com/archives/C03ECC2886L)

**Чему научим?**

-Разберемся с интерфейсом программы. 

-Научимся создавать базовую и сложную анимацию. Создадим анимированные

композиции из готовых изображений, научимся рисовать анимацию самостоятельно,

научимся применять анимацию в видеороликах.

-Научимся создавать яркие и уникальные анимированные эффекты для текста, анимации,

видео и других композиций.

-Научимся создавать спецэффекты для видеороликов. Разберем основы для создания трюков

как в тик-токе и инстаграме.

.

**Особенности в обучении?**

Практикуемся в создании как видео, так и шейповой анимации, заставок, текстов и визуальных трюков.

Индивидуальный подход! Разрабатываем проекты с учетом индивидуальных интересов и вкусов ребенка.

Создаем конкретные эффекты, которые ребенок лично хотел бы использовать в своих работах.

.

**Что на пробном уроке?**

- Знакомство с возможностями программы. 

-Изучение инструментов.

-Знакомство с техникой базовой анимации всего по ключевым кадрам.

-Создание первого анимированного ролика с отработанными техниками анимации по разным параметрам.

.

**Результат в конце курса какой?**

-Умение рисовать анимации, небольшие мультики и заставки

-Умение создавать переходы и эффекты для видео, а так же анимированные текстовые модули.

-Умение взаимодействовать с другими программами Adobe

-Наличие арсенала уникальных приемов, для создания контента в моушн дизайне

.

**Вау эффект какой?**

Ребенок повторит заставки или интересно обработанные ролики, которые раньше мог видеть в тик-токе и вдохновляться ими.

Кроме того, ребенок получит возможность визуализировать самые смелые фантазии. 

.

Обязательна установка программы для первого занятия (нужен мощный компьютер с ОП - не меньше 4 ГБ, но лучше больше). 

.

СРЕДНЕЕ кол-во часов в курсе - 35-45\. 

.

Системные требования: • Операционная система: Windows 7/8/8\.1/10 x64, Mac OS X 10\.9, 10\.10, 10\.11 и выше; • Оперативная память: 4 Гб и выше, процессор: 4 ядерный процессор от 2 ГГц;";1.1;1.1;1;1.1;Нет;;;;Дизайн и творчество;onlyAdmin;;"ru, en, es";"ru, en";
rSQMAFvBPTMCtpeCd;Архитектура и дизайн;Саломахина Ольга;yFx73Csiu6kFSXS2J;12;;onlyAdmin;2;;;Windows;;Нет;"Индивидуально-групповой, Индивидуальный";"Курс для будущих архитекторов. Работа в профессиональных аритектурных программах: построение планов, разверток фасадов, разрезов и формирование комплекта чертежей в AutoCad, создание трехмерных моделей в программе  ScketchUp.";https://itgen.io/design/architecture_and_design_itgenio;https://itgen.io/architecture_and_design_gena;;"[#архитектура](https://itgenio.slack.com/archives/C04299HJ48H)

**Рекомендуем новым клиентам только в крайнем случае (если хотят ТОЛЬКО это и больше НИЧЕГО нет)**

**
**

**Чему научим?**

Архитектурному мышлению. Узнают из чего состоит архитектурный проект. Преобретут навыки работы в профессиональных архитектурных программах:

AutoCad - для создания чертежей,

3D-SketchUp - для создания трехмерной модели.

Создадут свои собственные архитектурные проекты.

.

**Особенности в обучении?**

Программа обучения адаптирована для детей-подростков с уклоном на развитие архитектурного мышления.

Сначала идет обучение основным навыкам работы в профессиональных архитектурных программах AutoCad и 3D-SketchUp, на основе выполнения архитектурного проекта коттеджа.

Когда навыки черчения и построения 3д -модели получены - переходим к созданию творческих проектов, на основе задания на проектирование.

.

**Что на пробном уроке?**

Определяемся с целями и задачами ученика на направлении. В зависимости от этого учимся основам работы в программе AutoCad, знакомимся с интерфейсом, создаем чертеж простой фигуры по заданным параметрам. Либо учимся работать в программе 3D-SketchUp, создаем первые 3д - модели.

.

**Результат в конце курса какой?**

Уверенные навыки работы в профессиональных архитектурных программах, развитое объемно-пространственное мышление.

Полученные знания и навыки будут служить хорошим фундаментом-подготовкой к обучению в профильном колледже или ВУЗе.

.

**Вау эффект какой?**

Навыки проектирования и понимание процессов при создании архитектурного проекта, разовьют архитектурное мышление и умение чувствовать масштаб.

.

**Обучение только на РУС. На английском языке материалов НЕТ.**

Autocad: Windows- ✅ , MacOS - ❌

SketchUp: Windows- ✅ , MacOS - ✅

.

Черчение в AutoCad, 3D моделирование в SketchUp.

Обязательна установка программы до первого занятия.

с 11 лет - ОБЯЗАТЕЛЬНОЕ владение Tinkercad или Sculptris

.

На изучение данного курса на базовом уровне без дополнительных тем потребуется от 20 до 35 часов.

На углубленном уровне с дополнительными темами - от 50 до 75 часов.

Системные требования: Операционная система 64-разрядная версия Microsoft® Windows® 8\.1 и Windows 10\. Процессор Базовые требования: процессор с тактовой частотой 2,5–2,9 ГГц. Рекомендуется: процессор с тактовой частотой выше 3 ГГц. Память Базовые требования: 8 ГБ Рекомендуется: 16 ГБ.

[Установщик SketchUp](https://portal.itgen.io/joinMaterial/RGYpLukCFf6YT8gqZ)

[Установка SketchIUp сессией]()";1.2;1.2;1;1;Нет;;;;Дизайн и творчество;onlyAdmin;;"ru, en, es";ru;
ZCHezDBFmX8mWBCyc;Астрономия;;DTNL3rL2JCXzMrTd7;10;;invisibly;2;;;"Windows, MacOS, Linux, ChromeOS";;;"Индивидуально-групповой, Индивидуальный";"Реальное, полноценное представление о том, где вообще мы живем и как устроена Вселенная.
Осознание, сколь уникальна, но в то же время мала и незначительна в масштабах космоса наша планета, на которой сосредоточены все наши жизни и проблемы.";;;;"Временно заморозили ) уметь открывать ссылки, уверенно печатать на клавиатуре

[Памятка для админов](https://docs.google.com/document/d/1Cyll2mPFsq2Dl5UO99tG6QHwIpHgdvWvVuvxmvOPygg/edit)";1;1;1;1;Нет;;;;Школьные предметы;invisibly;;"ru, en";;
eLJQ8Je94bhWvEqFD;Аттестация тренеров;Ефимович Валерия;hN5qPSK8YpERLxjMg;7;;invisibly;1;-;;"Windows, MacOS, Linux, ChromeOS";;;Индивидуальный;"Направление для заведующих, которые аттестуют тренеров на свои направления";;;;.;1;1;1;1;Нет;;;;Развитие личности;invisibly;;ru;;-
ZSoZRsqHJu2xcxYvo;БЕСПЛАТНАЯ НЕДЕЛЯ;Рогалевич Елена;9;6;;invisibly;1;;;"Windows, MacOS, Linux, ChromeOS";;;Групповой;Помогаем ученикам разобраться в сложных темах и изучать новые.;;;;;1;1;1;1;Нет;;;;Школьные предметы;invisibly;;ru;;
FaWENYzL6cqXAEXEy;Биология;Александрович Владимир;98zPFWFETGfsG8KHf;10;;Доступно;1;;;"Windows, MacOS, Linux, ChromeOS";"Android, iPad";;"Индивидуальный, Групповой";"Курс для любознательных ребят, которые увлекается биологией. Системный подход, изучение основ биологии, зоологии, анатомии и ботаники.";https://itgen.io/shkolnye-predmety/biologiya;https://itgen.io/biology_gena;;"**УТП:**

1\. Качественно подготовится к контрольным, экзаменам и поступлению в вуз

2\. Восполнит пробелы в знаниях и одновременно разберет с учителем текущие темы

3\. Увидит реальную связь биологии с другими науками, научится понимать ее.

4\. Улучшит оценки. За 1,5 - 2 месяца наши ученики становятся хорошистами и отличниками

5\. Будет гораздо эрудированнее сверстников, выйдет за рамки школьной программы

6\. Разберется в анатомии, биологических классификациях и процессах

7\. Покажет результат: хорошие оценки в дневнике и уверенность в своих знаниях на уроках

.

**Чему научим?**

Курс биологии предоставит основы понимания живых организмов и их взаимодействия в природе, погрузившись в основы биологии, анатомии, и экологии.

.

**Особенности в обучении?**

Программа обучения разработана с использованием интерактивных игр, позволяющих ученикам увлекательно изучать биологические процессы.

.

**Что на пробном уроке?**

Пробный урок предлагает введение в мир биологии с кратким обзором основных понятий и предметов изучения биологии.

.

**Результат в конце курса?**

Ученики приобретут глубокие знания о различных видов жизни, их строении и взаимодействии в экосистемах, а также смогут применять полученные знания на практике.

.

**Вау-эффект?**

Биология не только развивает понимание природы, но и обогащает учеников новыми методами изучения и познания мира вокруг себя.

.

Только с 10 лет.  Материалов на английском нет, но вести может Лукьянова Мария. Темы тренерам, желательно выслать заранее. [Цель программы и темы занятий](https://docs.google.com/document/d/1V32NubXSV3PzGoGi7E1uiQCR43sh0JhH/edit?usp=sharing&ouid=108393900913420673398&rtpof=true&sd=true)";1;1;1;1;Нет;;Да;;Школьные предметы;visible;;"ru, en, es";"ru, en";
mmdPqm75CQCuLDZ7Z;"Биология: ЕГЭ, ОГЭ, ЦТ";Александрович Владимир;98zPFWFETGfsG8KHf;15;;Доступно;1;;;"Windows, MacOS, Linux, ChromeOS";"Android, iPad";;Индивидуальный;"Курс подготовки к ЕГЭ, ОГЭ и ЦТ. Детальный анализ знаний, составление индивидуального плана. Распределение времени на экзамене, быстрое решения заданий, развитие внимания к деталям.";https://itgen.io/shkolnye-predmety/podgotovka-k-ege-oge;;;;1.2;1.2;1.2;1;Нет;;Да;;Школьные предметы;visible;;"ru, en, es";ru;
zFgxyQ5CcnRcsbwzR;Блочный HTML+CSS;Сташкевич Александр;18;8;;Доступно;2;;;"Windows, MacOS, Linux, ChromeOS";"Android, iPad";;"Индивидуальный, Индивидуально-групповой";"Курс подготовки веб-программистов. Подходит для тех, кто хочет изучать html+css, но еще не готов к сухому текстовому языку. Блочное программирование позволяет сразу видеть результат своей работы в виде готового сайта.";https://itgen.io/programmirovanie/block_html_css;https://itgen.io/block_html_css_gena;;"[#блочный\_html](https://itgenio.slack.com/archives/C02CX8Z777U)

.

[Визитка направления.](https://editor.itgen.io/editor/790bGmtA4ZZL1O) .

***Чему научим?***

Научим создавать сайты в блочной среде разработке. Познакомим с языками HTML и CSS. Изучим различные теги, свойства и селекторы для создания интерактивных и привлекательных веб-страниц. Разработаем понимание о том, как структурировать информацию на странице с помощью HTML и как придать ей визуальное оформление с помощью CSS.

.

***Особенности в обучении?***

Простота и понятность: блочный подход с помощью инструмента eduBlocks, который позволяет детям легко и интуитивно понять основные принципы HTML и CSS. Блоки заменяют реальный код, что делает процесс обучения более доступным и увлекательным.

Акцент на практическом применении знаний, предлагая ученикам создавать полноценные проекты.

.

***Что на пробном уроке?***

Ученики создадут свою первую веб-страницу. Мы научим их использовать заголовки, абзацы и вставлять картинки. Ученики смогут наблюдать, как их созданный код превращается в визуальную веб-страницу. Разработают аналогичный сайт по своему выбору.

.

***Результат в конце курса какой?***

Результатом будет приобретение учениками навыков создания полноценных веб-страниц с использованием блочной структуры и стилизации элементов с помощью CSS.

.

***Вау эффект какой?***

Ребенок получает мгновенный результат своей работы. Когда он создает веб-страницу с использованием блочного подхода, он сразу видит, как его код превращается в визуальную веб-страницу. Это мотивирует и вдохновляет ребенка, поскольку он наблюдает, как его идеи и творческие решения оживают на экране.

.

**ПРОГРАММА КУРСА на 34 часа:**

Модуль Основы HTML 16 часов

Модуль Основы CSS 16 часов

Модуль Расширенный CSS 2 часа

.

[Памятка для админов](https://docs.google.com/spreadsheets/d/1ydaE5eWb37rHftczN2oUC9lniqpkSo5TN7ahVZw0TJs/edit#gid=0)";0.9;0.9;1;1;Нет;;Да;;Программирование;visible;;"ru, en, es";ru;
s3rGP3RwkXFP3jKdB;Блочный Python;Мурина Ольга;sWz3o373r3Mgff2Ec;9;;Доступно;2;;;"Windows, MacOS, Linux, ChromeOS";"Android, iPad";;"Индивидуально-групповой, Индивидуальный";"Курс для начинающих программистов, которые готовятся к переходу на текстовые языки программирования. Это переходный этап обучения с визуального программирования, как в Scratch и Minecraft, на взрослый код.";https://itgen.io/programmirovanie/blockpython;https://itgen.io/block-python-gena;;"[#python-блоки](https://itgenio.slack.com/archives/C01DXGB9FGA)

[Визитка направления.](https://editor.itgen.io/editor/K1n34EWWozvMMT)

.

НА ПЛАНШЕТАХ берут только эти тренеры:

Екатерина Черныш

Арсений Шубин

Егор Житковский

Олеся Ивлева

Сергей Цеханович

Полина Стасюлевич

Герасимович Юрий

***Чему научим?***

Понимать и применять базовые инструменты и типичные алгоритмы в программировании на основе языка Python. Познакомим ученика с переменными, модулями, условиями, циклами, основами использования списков, функций и классов.

.

***Особенности в обучении?***

Обучение проходит на платформе EduBlocks с использованием блочного программирования. Это позволяет ученику концентрировать внимание на изучении и построении алгоритмов при решении задач без упора на синтаксис языка.

.

***Что на пробном уроке?***

Регистрация на сайте EduBlocks, научимся создавать новый проект, сохранять проект и открывать уже существующий. Познакомимся с использованием переменных и командой вывода текста на экран (print), закрепим изученное на практическом задании. Изучим команду, позволяющую получать в программу информацию от пользователя и использовать ее в программе (input).

.

***Результат в конце курса какой?***

Будет знаком со всеми базовыми алгоритмами решения задач и будет понимать, из чего строится любая программа, а также сможет приступить к изучению текстового языка программирования.

.

***Вау эффект какой?***

Легкий, непринужденный старт в изучении профессиональных языков программирования.

.

**ПРОГРАММА КУРСА на 54 часов:**

Начальный модуль 10 часов

Базовый модуль 34 часа

Продвинутый модуль 10 часов

.

Занятия проводятся на базе сайта [https://app.edublocks.org/.](https://app.edublocks.org/.)  Составляя блоки, ученик будет видеть аналогию текстового питона и блочного, что поможет ученику перейти со Скретча на Python более плавно. Занятия проходят с детьми от 9 лет  (обязательно уверенное использование базовых математических операций: сложение, вычитание, умножение, деление, деление с остатком).

На освоение данного курса потребуется от 60 до 80 часов.

.

*🔺 Ключевые слова: блочный, питон,*";1;1;1;1;Нет;;Да;;Программирование;visible;;"ru, en, es";"ru, en";
6mc6TCuFBWLWGMsYp;Вводное занятие;Рогалевич Елена;9;7;;onlyAdmin;1;;;"Windows, MacOS, Linux, ChromeOS";;;"Индивидуальный, Групповой";Влюбляем в технологии с первого урока. Помогаем найти занятие по душе и составить индивидуальную образовательную программу.;;;;"Направление отличное от продажного пробного на Вводном занятии. Показываем несколько направлений на занятии: 

*   скретч
*   роблокс
*   майнкрафт
*   тинкеркад
*   скульптрис
*   нейросети
*   питон
*   видеомонтаж";1;1;1;1.8;Нет;;;;Развитие личности;onlyAdmin;;ru;ru;
14;Видеомонтаж в Premiere Pro;Вишневецкая Александра;kqhRM9KRgfvetQsw5;10;;Доступно;2;;PRHgHCtvF2fx25hdJ;"Windows, MacOS, Linux, ChromeOS";;Да;"Индивидуально-групповой, Индивидуальный";"Курс для начинающих блоггеров и ютюберов. Создание видео от А до Я: монтаж, спецэффекты, фильтры, звук, текст, субтитры. Ученик создаст и выложит видео на Youtube, научится оформлять и вести Youtube канал.";https://itgen.io/design/premier-pro-zanyatiya;https://itgen.io/premierepro-gena;;"Чат [#premiere-pro](https://itgenio.slack.com/archives/CHC8AA614)

.

[Визитка направления](https://editor.itgen.io/editor/RKt40RCcrfyXZe).

**Чему научим?**

Изучат работу с текстом, создание субтитров, анимацию ключевых кадров с изображениями, эффектами, фигурами и в тексте. Подробно освоят работу с масками и трекинг масок на примере практических заданий. Также ученики научатся работать со звуком и обработкой аудиофайлов, отдельно поработают с цветокоррекцией видеороликов, как со встроенными функциями программы, так и с добавлением сторонних прессетов. Узнают, как создавать различные популярные эффекты и будут использовать их в своих работах. Смогут создать собственный You-tube канал, оформят его и научатся всем тонкостям видеоблогинга. 

.

**Особенности в обучении?**

Изучения базовых навыков с постепенным переходом к более сложным темам. Программа гибкая и выстроена с учетом индивидуальных интересов каждого ученика. Мы можем изучать программу как с ребятами, которые хотят вести свой блог, или снимать кино и стать режиссерами, так и теми кто просто хочет научиться монтировать красивое видео.

Изучать программу могут и новички, и тех кто уже знаком с видеомонтажом.

.

**Что на пробном уроке?**

Ученик изучает интерфейс программы, инструменты, видеопереходы, добавление звука на аудиодорожки и создает свое собственное видео на основе исходных материалов к заданию или своих собственных видео. 

.

**Результат в конце курса какой?**

Уверенное владение программой Premiere pro и применение всех ее возможностей на практике. Умение самостоятельно воплощать свои идеи в монтаже видео. А также портфолио собственных видеоработ по пройденному курсу. 

.

**Вау эффект какой?**

Premiere pro одна из лидерских программ для видеомонтажа и владение этой программой востребовано во всем мире. В процессе обучения у ребят развивается воображение, художественный вкус, усидчивость и внимательность к мелочам. Портфолио из собственных креативных видео. 

**.**

Обязательна установка программы для первого занятия (нужен мощный компьютер с ОП - не меньше 8 ГБ, но лучше больше).

СРЕДНЕЕ кол-во часов:

Базовый курс - 20-30\.

Креативный (более продвинутый) - 30-50

.

**Системные требования:** • Операционная система: Windows 7/8/8\.1/10 x64, Mac OS X 10\.9, 10\.10, 10\.11 и выше; • Оперативная память: 8 Гб и выше, процессор: 4 ядерный процессор от 2 ГГц;";1.1;1.1;1;1.1;Нет;;Да;;Дизайн и творчество;visible;;"ru, en, es";"ru, en";
oAhXy7tvNgGvwJLS3;Вокал;Кузьменко Настасья;C5nPbwEzbT2cwqjKZ;6;;Доступно;1;https://mooz.pro/ru/;;"Windows, MacOS, Linux, ChromeOS";;Да;Индивидуальный;"Курс вокала — это путь к раскрепощению, уверенности и гармоничному звучанию голоса! Мы разовьем у ребенка музыкальный слух, чувство ритма и способность передавать эмоции через пение.";https://itgen.io/design/uroki-vokala;https://itgen.io/design/uroki-vokala;;"[#вокал](https://itgenio.slack.com/archives/C08DDTEU56J)

надо отправить установщик приложения

Камера для занятий обязательна.

.

**Для кого?**

Подходит для ребят, которые хотят раскрыть свой голос, научиться уверенно петь и выражать эмоции через музыку. В рамках занятий дети освоят базовые и продвинутые вокальные приемы и нюансы, разовьют ключевые навыки вокалиста (интонацию, вокальную опору, дыхание). Научатся готовиться к выступлениям и будут иметь возможность быть участником онлайн концертов.

.

**Что освоит ребенок?**

.

-Мы поможем развить музыкальный слух и чувство ритма, интонацию и силу голоса.

.

-Освоим техники дыхания, а также поработаем над артикуляцией и дикцией для красивого и выразительного звучания речи.

.

-Изучим основные вокальные приемы и научимся правильно подбирать репертуар.

.

-Узнаем о гигиене голоса, о том как побороть страх выступать, о том как помочь голосу после срыва или болезни.

.

-Разовьем выразительность исполнения, артистизм и уверенность в себе.

.

**Как проходит пробный урок:**

Уже на первом пробном уроке ты:

*   получишь комплекс упражнений по разогреву (подготовке) мышц тела перед вокалом, а также комплекс мимических упражнений;
*   познакомишься с основами вокального дыхания;
*   пройдешь диагностику чувства музыкально ритма и вокальной интонации;
*   узнаешь свой вокальный диапазон и получишь рекомендации по дальнейшей работе с голосом;
*   а продолжив обучение приобретешь практический навык выступлений в онлайн концертах.

.

**Программа по вокалу**

Программа по вокалу составляется индивидуально исходя из исходных музыкальных данных и цели ученика.

.

**Системные требования для приложения:**

**.**

Windows Минимальные:

(Данные характеристики позволят использовать базовый функционал приложения, но могут возникнуть проблемы с производительностью):

Процессор - минимум двухъядерный, частота процессора от 2 ГГц;

Оперативная память - от 8 ГБ;

Операционная система - Windows 10;

Минимальная скорость интернета - 25 Мбит\сек;

Пинг - до 100 мс.

\+ Установка приложения на SSD Диск (необязательно);

\+ Подключение к сети интернет по кабелю (необязательно).

\+ После 3-4 урока ОБЯЗАТЕЛЬНО наличие проводного конденсаторного микрофона подключаемого напрямую к компьютеру через USB -порт.";1;1;1;1;Нет;;Да;;Дизайн и творчество;visible;;ru;ru;https://mooz.pro/ru/
8a8ZvREH72x6vMs3A;Вокал 30;Кузьменко Настасья;C5nPbwEzbT2cwqjKZ;6;;invisibly;1;;;"Windows, MacOS, Linux, ChromeOS";;;Индивидуальный;"Курс вокала — это путь к раскрепощению, уверенности и гармоничному звучанию голоса! Мы разовьем у ребенка музыкальный слух, чувство ритма и способность передавать эмоции через пение.";;;;"надо отправить установщик приложения

.

Для кого?

Подходит для ребят, которые хотят раскрыть свой голос, научиться уверенно петь и выражать эмоции через музыку. В рамках занятий дети освоят базовые и продвинутые вокальные приемы и нюансы, разовьют ключевые навыки вокалиста (интонацию, вокальную опору, дыхание). Научатся готовиться к выступлениям и будут иметь возможность быть участником онлайн концертов.

.

Что освоит ребенок?

.

-Мы поможем развить музыкальный слух и чувство ритма, интонацию и силу голоса.

.

-Освоим техники дыхания, а также поработаем над артикуляцией и дикцией для красивого и выразительного звучания речи.

.

-Изучим основные вокальные приемы и научимся правильно подбирать репертуар.

.

-Узнаем о гигиене голоса, о том как побороть страх выступать, о том как помочь голосу после срыва или болезни.

.

-Разовьем выразительность исполнения, артистизм и уверенность в себе.

.

Как проходит пробный урок:

Уже на первом пробном уроке ты:

получишь комплекс упражнений по разогреву (подготовке) мышц тела перед вокалом, а также комплекс мимических упражнений;

познакомишься с основами вокального дыхания;

пройдешь диагностику чувства музыкально ритма и вокальной интонации;

узнаешь свой вокальный диапазон и получишь рекомендации по дальнейшей работе с голосом;

а продолжив обучение приобретешь практический навык выступлений в онлайн концертах.

.

Программа по вокалу

Программа по вокалу составляется индивидуально исходя из исходных музыкальных данных и цели ученика.

.

Системные требования для приложения:

.

Windows Минимальные:

(Данные характеристики позволят использовать базовый функционал приложения, но могут возникнуть проблемы с производительностью):

Процессор - минимум двухъядерный, частота процессора от 2 ГГц;

Оперативная память - от 8 ГБ;

Операционная система - Windows 10;

Минимальная скорость интернета - 25 Мбит\сек;

Пинг - до 100 мс.

\+ Установка приложения на SSD Диск (необязательно);

\+ Подключение к сети интернет по кабелю (необязательно).

\+ После 3-4 урока ОБЯЗАТЕЛЬНО наличие проводного конденсаторного микрофона подключаемого напрямую к компьютеру через USB -порт.";0.7;0.7;0.7;0.7;Нет;;;;Дизайн и творчество;invisibly;;ru;;
cWvHw6X282SrDhnNc;География;Ефимович Валерия;hN5qPSK8YpERLxjMg;10;;Доступно;2;;;"Windows, MacOS, Linux, ChromeOS";"Android, iPad";;"Индивидуальный, Индивидуально-групповой";"Курс для будущих инженеров-геодезистов, кадастровых инженеров, географов, специалистов по туризму, геологов, картографов, гидрометеорологов. Подходит для всех, кто увлекается географией, хочет систематизировать знания или подготовиться к экзаменам.";https://itgen.io/shkolnye-predmety/geografiya;https://itgen.io/geography_gena;;"**Рекомендуем новым клиентам ТОЛЬКО В КРАЙНЕМ СЛУЧАЕ (если хотят ТОЛЬКО это и больше НИЧЕГО нет)** 

**
**

**УТП:**

1\. Восполнит пробелы в знаниях и одновременно разберет с учителем текущие темы

2\. Овладеет знаниями по географии, которые не дают в школе, станет гораздо эрудированнее сверстников

3\. Найдет учителя, который покажет географию живой и увлекательной, вовлечет ребенка и разовьет его интерес и умение анализировать

4\. Улучшит оценки. За 1,5 - 2 месяца наши ученики становятся хорошистами и отличниками

5\. Придет к цели: подготовится к экзаменам, олимпиадам или просто исправит оценки

6\. Покажет результат: хорошие оценки в дневнике и уверенность в своих знаниях на уроках

.

**Чему научим?**

География для детей предлагает увлекательное путешествие по разным странам, материкам, климатическим зонам и экосистемам.

.

**Особенности в обучении?**

Программа обучения предлагает интерактивные занятия, визуальные презентации, интересные факты о разных уголках мира и возможность виртуальных путешествий. Будем выходить за рамки школьной теории, рассматривать дополнительные интересные факты, смотреть познавательные видео, закреплять материал разными интерактивными заданиями.

.

**Что на пробном уроке?**

Определяемся с целями и задачами, выбираем интересующие блоки и темы, выстраиваем план занятий, рассматриваем первую выбранную тему.

.

**Результат в конце курса?**

Ученики получат понимание о различных странах, культурах, климате и географических особенностях мира.

.

**Вау-эффект?**

Глубокие познания о мире создают впечатляющее понимание географии планеты, что расширяет кругозор и помогает понимать взаимосвязи в мировой культуре и природе.

.

[Памятка для админов](https://docs.google.com/document/d/1DX8GQo6B3HD_BGTjxJswiP49M7DZhhrKFXHAOZnzzxo/edit)";1;1;1;1;Нет;;Да;;Школьные предметы;visible;;"ru, en, es";ru;
t9YZLdRAFy2BDue6A;Гимназия: английский язык;Худик Татьяна;nke7RYBQDHfbTp34f;6;;hidden;1;;;"Windows, MacOS, Linux, ChromeOS";;;Групповой;Помогаем ученикам разобраться в сложных темах или углубить уже имеющиеся знания.;;;;;1;1;1;1;Нет;;;;Школьные предметы;hidden;;ru;;
PxxYjenSFY6Q3Fh7M;Гимназия: литературное чтение;Худик Татьяна;nke7RYBQDHfbTp34f;6;;hidden;2;;;"Windows, MacOS, Linux, ChromeOS";;;Групповой;Помогаем ученикам разобраться в сложных темах или углубить уже имеющиеся знания.;;;;;1;1;1;1;Нет;;;;Школьные предметы;hidden;;ru;;
LqxoTmosGTgNxvsQ2;Гимназия: наставник;Худик Татьяна;nke7RYBQDHfbTp34f;7;;hidden;1;;;"Windows, MacOS, Linux, ChromeOS";;;"Групповой, Индивидуальный";Сопровождение;;;;;1;1;1;1;Нет;;;;Школьные предметы;hidden;;ru;;
PH2C5nAxMJCdxmxFd;Гимназия: окружающий мир;Худик Татьяна;nke7RYBQDHfbTp34f;6;;hidden;1;;;"Windows, MacOS, Linux, ChromeOS";;;"Групповой, Индивидуальный";Помогаем ученикам разобраться в сложных темах или углубить уже имеющиеся знания.;;;;;1;1;1;1;Нет;;;;Школьные предметы;hidden;;ru;;
qQysyN3aC4z8Lqhah;Гимназия: русский язык;Худик Татьяна;nke7RYBQDHfbTp34f;6;;hidden;1;;;"Windows, MacOS, Linux, ChromeOS";;;Групповой;Помогаем ученикам разобраться в сложных темах или углубить уже имеющиеся знания.;;;;;1;1;1;1;Нет;;;;Школьные предметы;hidden;;ru;;
3T2kwh7HCEDuBfK93;Гитара;Трофимова Александра;cgLvLi9CDrj5GNqLv;9;;Доступно;1;;;"Windows, MacOS, Linux, ChromeOS";;;Индивидуальный;"Научись играть на гитаре без нудной теории! Разбираем современные хиты и любимые треки. Быстро освоим табы, аккорды и правильный бой. Прокачай уверенность в себе и стань тем, кто круто выделяется в любой компании.";;;;"[#гитара](https://itgenio.slack.com/archives/C0ASJE5AGUB)

Пока только один тренер - Анна Солберг, можно ей писать, она откроет слоты.

ОБЯЗАТЕЛЬНО НУЖНА КАМЕРА

[ПРЕЗЕНТАЦИЯ ДЛЯ РОДИТЕЛЕЙ](https://drive.google.com/file/d/1vYniqlgtb1YyiMXojYJv9Adb7L1LEueh/view?usp=sharing)

.

**🎸 Гитара — любимые песни своими руками**

.

Гитара — это курс, где ребёнок не просто заучивает  гаммы, а с первых занятий погружается в мир музыки через популярные композиции. Вместо сухой теории он сразу начинает практиковаться: осваивает правильную постановку рук, учится читать табы и аккорды, развивает чувство ритма. Обучение построено так, чтобы творчество приносило радость, а репертуар был интересен самому ученику.

.

**Почему Гитара актуальна именно сейчас**

*   Развитие без гаджетов. Отличный способ переключить внимание ребёнка с экранов на реальное, осязаемое хобби, которое развивает моторику и нейронные связи.
*   Быстрый результат. Вместо месяцев теории — играем первые ноты уже на старте. Это невероятно повышает мотивацию.
*   Творческое самовыражение. Умение играть на инструменте дает ребенку уверенность в себе, помогает выделиться среди сверстников и стать душой компании.
*   Индивидуальный подход. Программа гибкая — мы не навязываем классику, если ребенок хочет играть рок или мелодии из аниме.

.

**🎓 Чему научим**

*   Правильно держать инструмент и ставить пальцы, чтобы игра была комфортной
*   Читать табы, аккорды и ориентироваться на грифе
*   Играть боем, перебором и попадать в ритм (в том числе под метроном)
*   Исполнять полноценные мелодии двумя руками
*   Понимать нотную грамоту и применять музыкальную теорию на практике
*   .

**🎯 Что получит ребёнок**

.

*   Развитый музыкальный и ритмический слух
*   Готовый репертуар из любимых песен
*   Понимание базовой музыкальной теории без зубрежки
*   Улучшение координации и мелкой моторики
*   Уверенность в себе и навык выступления перед близкими
*   Полезное хобби, которое останется с ним на всю жизнь

.

**🎸 Что будет на пробном?**

Пробное занятие — это мягкое и увлекательное погружение в мир музыки. Сначала тренер познакомится с ребёнком, выявит его интересы и покажет мастер-класс — немного сыграет сам, чтобы вдохновить!

Далее мы разберем базу: как устроена гитара, как правильно держать инструмент и поставим пальцы с помощью специальных упражнений. Самое интересное — практика: тренер предложит 3-5 классных мелодий на выбор, и ребенок начнет учить ту, которая понравится больше всего. В конце занятия проведем рефлексию и составим план дальнейшего обучения.

.

**🚀 Дальнейшие шаги**

Освоив базу на гитаре, ребёнок сможет:

🎤 Совмещать игру с вокалом

💻 Перейти к созданию электронной музыки (Создание музыки), понимая законы мелодии

.

**📚 Программа курса**

.

**Базовое знакомство**

Правильная постановка руки и пальцев. Изучение первых аккордов. Разучивание первых простых песен. Знакомство с гитарным боем, игра под метроном и развитие ритмического слуха.

.

**Мелодии**

Освоение игры по табам. Изучение ладов и расположения нот на грифе. Разбор технических приёмов игры на гитаре. Исполнение полноценных, красивых мелодий двумя руками.

.

**Игра по нотам**

Погружение в нотную грамоту. Изучение нотной системы на грифе. Практические вопросы музыкальной теории, которые помогут самостоятельно разбирать сложные композиции.

.

**💥 Вау-эффект**

Момент, когда ребёнок зовёт родителей в комнату и без запинок играет мелодию из любимого мультфильма, игры или популярную песню. То, что казалось магией и талантом, превращается в реальный навык, которым ребенок гордится.

.

**💻 Требования для занятий**

*   Инструмент: наличие классической или акустической гитары по размеру ребенка. Стандартно гитара для детей 8 лет имеет размер деки 3/4 от обычного, с нейлоновыми струнами (классическая). В 8 лет ребенку будет трудно нажимать на металлические струны. Если у клиента нет такой гитары, лучше немного подождать или приобрести такую.
*   ПК/Ноутбук или планшет
*   Обязательно: Хорошая веб-камера (чтобы тренер видел обе руки ученика) и микрофон (чтобы чисто слышать звук гитары)
*   Стабильный интернет";1;1;1;1;Нет;;Да;;Дизайн и творчество;visible;;ru;ru;
uDLtHovCj69Ga58nA;Группа: веб-дизайн;Капариха Татьяна;TuuxHqNwgt3udSSkP;11;;onlyAdmin;1;;;"Windows, MacOS, Linux, ChromeOS";;;Групповой;Мастер-классы и интенсивы по веб-дизайну;;;;МК по вебдизайну;1;1;1;1;Нет;;;;Групповые занятия;onlyAdmin;;ru;ru;
imv8hHza36QiCKHbE;Группа: видеоблогинг;Вишневецкая Александра;kqhRM9KRgfvetQsw5;8;;onlyAdmin;2;;;"Windows, MacOS, Linux, ChromeOS";;;Групповой;"Отдельное направление для записи на сезонные групповые активности: интенсивы, мастер-классы, воркшопы и другие краткосрочные программы.";;;;"Это отдельное направление для записи на сезонные групповые активности: интенсивы, мастер-классы, воркшопы и другие краткосрочные программы.

Оно не связано с основными направлениями, но используется для организации разовых или ограниченных по времени занятий (летние интенсивы, зимние мастер-классы).

Сейчас в него входит: 

*   Видеоблогинг";1;1;1;1;Нет;;;;Групповые занятия;onlyAdmin;;ru;ru;
CkzMsrBGneYyYc7wo;Группа: мнемотехника;Бобкова Наталья;ywqNgcfBqasmhPPpf;6;;onlyAdmin;1;;;"Windows, MacOS, Linux, ChromeOS";;;Групповой;"Отдельное направление для записи на сезонные групповые активности: интенсивы, мастер-классы, воркшопы и другие краткосрочные программы.";;;;"Отдельное направление для записи на сезонные групповые активности: интенсивы, мастер-классы, воркшопы и другие краткосрочные программы.

Оно не связано с основными курсами, но используется для организации разовых или ограниченных по време

.

В него на данный момент входят интенсивы:

*   Таблица умножения (для детей 6-9 лет)";1;1;1;0.7;Нет;;;;Групповые занятия;onlyAdmin;;ru;ru;
5bSwS9zjFXPhbwkTJ;Группа: Мягкие навыки;Бобкова Наталья;ywqNgcfBqasmhPPpf;9;;onlyAdmin;1;;;"Windows, MacOS, Linux, ChromeOS";;;Групповой;"Отдельное направление для записи на сезонные групповые активности: интенсивы, мастер-классы, воркшопы и другие краткосрочные программы.";;;;"[ПРОГРАММА](https://drive.google.com/file/d/1YLm20jemyx3FQd40B8a0dQdXi6eFXq38/view?usp=sharing)

Отдельное направление для записи на сезонные групповые активности: интенсивы, мастер-классы, воркшопы и другие краткосрочные программы.

Оно не связано с основными курсами, но используется для организации разовых или ограниченных по време

.

В него на данный момент входят интенсивы:

*   Критическое мышление
*   Креативное мышление
*   Эмоциональный интеллект
*   Коммуникативные навыки
*   Ораторское мастерство";1;1;1;1;Нет;;Да;;Групповые занятия;onlyAdmin;;ru;ru;
G5YBJ4aXZ3rDJZw2Q;Группа: Нейросети;Санталова Анастасия;jGdXYkWDiCbFWLg6A;10;;onlyAdmin;1;;;"Windows, MacOS, Linux, ChromeOS";;;Групповой;"Отдельное направление для записи на сезонные групповые активности: интенсивы, мастер-классы, воркшопы и другие краткосрочные программы.";;;;"Это отдельное направление для записи на сезонные групповые активности: интенсивы, мастер-классы, воркшопы и другие краткосрочные программы.

Оно не связано с основными направлениями, но используется для организации разовых или ограниченных по времени занятий (летние интенсивы, зимние мастер-классы).";1;1;1;0.7;Нет;;;;Групповые занятия;onlyAdmin;;ru;ru;
weFPXByRAbjkTiFeZ;Группа: Рисование;Теселкина Александра;vBMCwHYXRhMCmHPbG;7;10;onlyAdmin;2;;;"Windows, MacOS, Linux, ChromeOS";;;Групповой;"Отдельное направление для записи на сезонные групповые активности: интенсивы, мастер-классы, воркшопы и другие краткосрочные программы.";;;;"Отдельное направление для записи на сезонные групповые активности: интенсивы, мастер-классы, воркшопы и другие краткосрочные программы.

Оно не связано с основными курсами, но используется для организации разовых или ограниченных по време

.

В него на данный момент входят интенсивы:

*   Рисуем пиксель-арт на компьютере (для детей 7-9 лет)";1;1;1;1;Нет;;;;Групповые занятия;onlyAdmin;;ru;ru;
pmET24AJceG7aEa7Q;Группа: Скретч;Мурина Ольга;sWz3o373r3Mgff2Ec;7;;onlyAdmin;1;;;"Windows, MacOS, Linux, ChromeOS";;;Групповой;Групповые Мастер-классы по скретчу;;;;Групповые МК;1;1;1;1;Нет;;;;Групповые занятия;onlyAdmin;;ru;ru;
cxToH3KEp9CFqHHzL;Группа: сценарное искусство;Зуева Катерина;4X3Xuo75eXhTXmTLP;11;;onlyAdmin;1;;;"Windows, MacOS, Linux, ChromeOS";"Android, iPad";;Групповой;"Погрузимся в мир сценариев: от идеи до целой истории. Ребята научатся придумывать персонажей, создавать конфликты, писать захватывающие повороты — и соберут свой первый сценарий!";;https://itgen.io/intensiv-scenarnoe-iskusstvo;;"Урок 1: Знакомство и основы сценария

На занятии ребята знакомятся друг с другом и узнают, что такое сценарий и из чего он состоит. Вместе разбирают любимые фильмы, мультфильмы и книги: кто герой, в чём конфликт, как развивается сюжет. Пробуют сформулировать идею своей истории и играют в игру «На какого персонажа ты похож?».

Урок 2: Из чего состоит сценарий

Дети знакомятся с основными элементами сценария: персонаж, конфликт, сюжетная линия, поворот, финал. Ученики придумывают логлайн — короткую идею истории, например: «А что если однажды ты просыпаешься в теле собаки?». Учатся определять ключевые части в известных сюжетах.

Урок 3: Персонажи и их развитие

Ребята узнают, из чего состоит персонаж и зачем ему мечты, страхи и конфликты. Разбирают типы героев и антигероев на примерах фильмов и книг. Создают собственного главного персонажа по шаблону: имя, возраст, мечта, слабость. Играют в распознавание типажей.

Урок 4: Конфликт и сюжет

Учащиеся узнают, зачем в истории нужен конфликт и какие они бывают: внешний и внутренний. Учатся создавать конфликты и использовать их для движения сюжета. Пробуют написать короткий диалог между персонажами, в котором будет проявляться конфликт.

Урок 5: Написание сценария

Разбираем, из чего складывается сценарий: поворотные точки, завязка, кульминация и финал. Учащиеся пишут план своей истории: прописывают события, героев, конфликты. Учимся собирать структуру так, чтобы получилась цельная история.

Урок 6: Доделываем сценарий

На уроке ученики дорабатывают свои сценарии: прописывают сцены, диалоги, уточняют мотивацию персонажей. Завершают работу над текстом, опираясь на шаблон и обратную связь от тренера. Проверяют, есть ли в истории логика и развитие.

Урок 7: Редактирование и саморедактура

Учим проверять текст: как отредактировать идею, сделать сценарий интереснее, убрать лишнее. Отличаем конструктивную критику от субъективной оценки. Дети учатся давать обратную связь и принимать её. Работают в парах, редактируют друг другу истории.

Урок 8: Презентация и обратная связь

Каждый участник презентует свою историю: рассказывает о героях, сюжете, идее. Учимся слушать друг друга, давать поддержку и конструктивные советы. В конце — рефлексия: что получилось, с чем было трудно, и что хочется придумать в следующий раз.";1;1;1;1;Нет;;;;Групповые занятия;onlyAdmin;;ru;ru;
gWXEj5nryZ5XA2XCQ;Группа: Финграмотность;Теселкина Мария;tJgarMQGoM2zXGscM;11;;onlyAdmin;1;;;"Windows, MacOS, Linux, ChromeOS";;;Групповой;"Отдельное направление для записи на сезонные групповые активности: интенсивы, мастер-классы, воркшопы и другие краткосрочные программы.";;;;"Отдельное направление для записи на сезонные групповые активности: интенсивы, мастер-классы, воркшопы и другие краткосрочные программы.

Оно не связано с основными курсами, но используется для организации разовых или ограниченных по време

.

В него на данный момент входят интенсивы:

*   Криптовалюты
*   Основы предпринимательства

**Интенсив по криптовалютам**

Это 8 практических занятий, на которых подростки знакомятся с современным миром криптовалют и технологий блокчейна. Мы не просто «рассказываем теорию», а вовлекаем детей через интерактив, игры и задания, которые развивают критическое мышление, цифровую грамотность и уверенность в современных технологиях.

.

**Что будет на каждом занятии:**

1\. Что такое криптовалюты и блокчейн

Простое объяснение, как работает блокчейн.

Что такое Биткойн, Эфириум и что можно делать с криптой.

Практика: создаём личный криптопрофиль и симулируем первый портфель.

2\. Как можно заработать криптовалюту

Рассматриваем способы заработка без вложений: амбассадорские программы, игры.

Учимся отличать надёжные проекты от мошеннических.

Практика: симулируем регистрацию и подачу заявки в амбассадорские Web3-программы.

3\. Кошельки и безопасность

Изучаем, как работают криптокошельки.

Учимся сохранять seed-фразу, понимать угрозы и защищать себя.

Практика: создаём криптокошелёк (Metamask) и подключаем его к тестовой сети.

4\. Пробуем блокчейн в действии

Отправляем друг другу тестовые токены.

Видим, как работают транзакции и контракты.

Создаем собственный токен и презентуем его.

5\. Учимся инвестировать

Определяем свой риск-профиль и Составляем личную стратегию: как бы мы инвестировали 100 долларов.

Анализируем монеты в текущем портфеле, распределяем их по уровню риска.

Практика: составляем личную стратегию инвестирования и корректируем свой портфель.

6\. Как анализировать рынок

Осваиваем простейший технический анализ: уровни, графики, свечи.

Регистрируемся на TradingView.

Практика: делаем прогноз по одной выбранной криптовалюте.

7\. Способы заработка

Разбираем такие темы, как майнинг, стейкинг, аирдропы.

Учимся взвешивать «за» и «против» инвестиций.

Практика: школьные дебаты — стоит ли подростку инвестировать в крипту?

8\. Презентация и выпуск

Каждый участник презентует свою стратегию и портфель.

Подводим итоги, обсуждаем инсайты.

Вручаем сертификат и ачивку каждому участнику интенсива";1;1;1;1;Нет;;;;Групповые занятия;onlyAdmin;;ru;ru;
JknX2kmou7wCMwCy9;Группа: Roblox;Прохорова Есфирь;8TTuvzp4SMByTZ6Qr;8;;onlyAdmin;2;;;"Windows, MacOS, Linux, ChromeOS";;;Групповой;"Создай свой первый сериал в Roblox — это проще, чем кажется! Разберемся с новой ""живой"" анимацией, оформим сцену и подготовим видео к публикации. Приходи творить, даже если никогда не открывал студию!";https://itgen.io/serial-v-roblox;;;Направление для проведения интенсивов по направлению Roblox;1;1;1;1;Нет;;;;Групповые занятия;onlyAdmin;;ru;ru;
oaYogPDLCrfv73WMP;Информатика и ИКТ;Стельмах Егор;pTaCqh2tdpPEAfuTZ;11;;Доступно;2;;;"Windows, MacOS, Linux, ChromeOS";"Android, iPad";;"Индивидуальный, Индивидуально-групповой, Групповой";"Курс для ликвидации пробелов в школьном курсе информатики. Детальный анализ знаний, составление индивидуального плана. Систематизация знаний, помощь в объяснении и выполнении домашнего задания. Подготовка к контрольным работам..";https://itgen.io/shkolnye-predmety/informatika;https://itgen.io/informatika_gena;;"[#информатика](https://itgenio.slack.com/archives/C0183BP0YPJ)

**Рекомендуем новым клиентам ТОЛЬКО В КРАЙНЕМ СЛУЧАЕ (если хотят ТОЛЬКО это и больше НИЧЕГО нет)**

**
**

**На первом занятии** - диагностика уровня знаний или же проработка проблемных для ребенка тем.

**.**

**УТП:**

1\. Качественно подготовится к экзамену, отточит навыки решения задач по информатике

2\. Восполнит пробелы в знаниях и одновременно разберет с учителем текущие темы

3\. Овладеет знаниями по информатике, которые не дают в школе

4\. Запомнит теорию, отточит практические навыки, освоит прикладные программы

5\. Улучшит оценки. За 1,5 - 2 месяца наши ученики становятся хорошистами и отличниками

.

[Памятка для админов](https://docs.google.com/document/d/1k7Dmetc13XJw76bsMl58IuPbgmbbwGrwGJY00tHh4u8/edit?usp=sharing)

**с 5 класса (11 лет).** Формат возможен и ИГФ, и ИФ, только на русском языке!

Для изучения **ПАСКАЛЬ** есть отдельная ветка примерно на 20 занятий. можно записывать без согласования, просто в комментарии тренеру помечать";1.2;1.2;1.2;1;Нет;;Да;;Школьные предметы;visible;;"ru, en, es";ru;
saEBTAApm3dc3h78b;"Информатика: ОГЭ, ЕГЭ";Стельмах Егор;pTaCqh2tdpPEAfuTZ;15;;Доступно;1;;;"Windows, MacOS, Linux, ChromeOS";;;Индивидуальный;"Курс для подготовка к  ОГЭ и ЕГЭ по информатике. Детальный анализ знаний, составление индивидуального плана. Систематизация знаний. Распределение времени на экзамене, стратегии быстрого решения заданий, развитие внимания к деталям";https://itgen.io/shkolnye-predmety/podgotovka-k-ege-oge;https://itgen.io/informatika_gena;;"[#информатика](https://itgenio.slack.com/archives/C0183BP0YPJ)

**На первом занятии** - диагностика уровня знаний.

.

**УТП:**

1\. Качественно подготовится к экзамену, отточит навыки решения задач по информатике

2\. Восполнит пробелы в знаниях и одновременно разберет с учителем текущие темы

3\. Овладеет знаниями по информатике, которые не дают в школе

4\. Запомнит теорию, отточит практические навыки, освоит прикладные программы

.

Формат возможен и ИГФ, и ИФ, но тренер должен рекомендовать ИФ т.к. вся подготовка тут индивидуальная и приоритет на запись в ИФ. Только на русском языке!

Тренеры по направлению - это школьные учителя информатики с опытом успешной подготовки к ОГЭ, ЕГЭ, и студенты педагогических ВУЗов, сдавшие ЕГЭ по информатике на высокий балл.

При добросовестном выполнении всех домашних заданий и рекомендаций тренера мы гарантируем успешную сдачу экзамена.

Отказываем - если до экзамена меньше месяца; если до экзамена - 1-3 месяца, предупреждаем, что мы гарантируем повышение уровня знаний, но не успешную сдачу экзамена (слишком мало времени).

Для изучения ПАСКАЛЯ есть отдельная ветка примерно на 20 занятий. можно записывать без согласования, просто в комментарии тренеру помечать";1.2;1.2;1.2;1;Нет;;Да;;Школьные предметы;visible;;ru;ru;
15;Информационная безопасность;Берников Владислав;pueQ2v57BfPxZ8MRF;13;;Доступно;2;;;"Windows, MacOS, Linux, ChromeOS";;;"Индивидуально-групповой, Индивидуальный";"Курс для будущих специалистов в компьютерной безопасности. Возможно освоение курса без опыта программирования. Ученик научится выявлять слабые места веб-сайтов, научится взламывать сайт-тренажер. Узнает принципы работы баз данных SQL, шифрования.";https://itgen.io/programmirovanie/information-security-basics;https://itgen.io/infosecurity-gena;;"[#иб](https://itgenio.slack.com/archives/CPT147QC8)

.

[Визитка направления](https://editor.itgen.io/editor/x0zzFx096nF7SE).

**Чему научим?**

В процессе обучения Информационной безопасности ученик научится работать с базами данных используя SQL. Получит знания о том, как устроена сеть интернет, научится создавать симуляции сетей с помощью Cisco Packet Tracer, узнает о необходимых компонентах для стабильной работы сети.

.

**Особенности в обучении?**

Для обучения требуется наличие дополнительны программ, чтобы ученик смогу выполнять практические задания.

.

**🛡️ Что будет на пробном?**

Ученик разберет понятие этичного хакинга и познакомится с технологиями, которые будут изучаться на курсе. Он узнает, как работают современные методы защиты данных, и определит преимущества и недостатки симметричных криптосистем.

Главный результат — практическое освоение алгоритмов защиты информации. Ребенок научится самостоятельно шифровать и расшифровывать данные, закрепляя теоретический материал на реальных примерах.

.

**Результат в конце курса какой?**

Научимся использовать Windows в полном объёме, а так же станем уверенными пользователем Linux, научимся работать с командной строкой и узнаем большое количество полезных команд\*\* \*\*

.

**Вау эффект какой?**

Познакомим с криптовалютой и криптографией, расскажем о хешировании и стенографии.

.

Установка программы для первого занятия не нужна. На английском материалы есть. Полностью на англе можно к Алексею Дебою. У ученика должно быть отличное знание языка, желание много читать теории перед тем, как приступать к проектам. Для новых и текущих учеников старше 13 лет согласование с тренером не нужно. Возможна запись для текущих учеников 11-12 лет, но при условии, что они готовы первые несколько занятий изучать только теорию \+ согласование с тренером. На изучение данного курса на базовом уровне без дополнительных тем потребуется от 60 до 80 часов.

На углубленном уровне с дополнительными темами - от 80 до 100 часов.";1.2;1.2;1;1;Нет;;Да;;Программирование;visible;;"ru, en, es";"ru, en";
sQAHrZgTm5o5aXLbc;Испанский язык;Шамсутдинова Шахзода;ZaQjrkEcyZc6GxcNQ;7;;Доступно;1;;;"Windows, MacOS, Linux, ChromeOS";"Android, iPad";;"Индивидуальный, Групповой";"На курсе ты научишься не просто «учить слова», а болтать о хобби, планировать отпуск своей мечты и даже обсуждать секреты космоса на самом певучем языке планеты!";https://itgen.io/kursy-inostrannyh-yazykov-dlya-detey/ispanskiy-yazyk;https://itgen.io/spanish_ski;;"[#испанский\_язык](https://itgenio.slack.com/archives/C03G6615BLK)

**:**

**
**

**🇪🇸 Испанский язык: От «Hola» до обсуждения глобальных тем**

(Ключевые слова для поиска: испанский, исп, spanish)

Изучение испанского — это билет в одну из самых ярких и масштабных культур мира. Мы не просто учим слова, мы учим жить на этом языке: планировать отпуска, обсуждать экологию, разбираться в истории и даже ходить к врачу в другой стране. Это полноценный путь от первых фраз до уровня свободного общения на профессиональные и социальные темы.

**Почему испанский актуален именно сейчас**

*   Язык мирового масштаба. Более 500 миллионов носителей. Это второй язык по распространенности, который открывает двери в Европу и обе Америки.
*   Легкий вход и быстрый прогресс. Испанский — один из самых логичных языков. Ребёнок начнет читать и строить фразы уже на первых занятиях, что отлично мотивирует продолжать.
*   Интеллектуальный фундамент. Программа охватывает темы от географии и истории до медицины и экологии. Ребёнок расширяет кругозор и учится критически мыслить на иностранном языке.
*   Культурный код и эмоции. Понимать песни, смотреть кино и знать традиции — это делает ребёнка человеком мира, открытым и коммуникабельным.

**🎓 Чему научим (согласно программе):**

*   Уровень A1 (Старт): Знакомство, рассказ о семье и доме, ориентация в городе, заказ еды и планирование путешествий.
*   Уровень A2 (Развитие): Шопинг, праздники, биография великих людей, обсуждение будущего, древних цивилизаций и искусства.
*   Уровень B1–B2 (Профи): Свободное общение на сложные темы — наука, экология, глобальные изменения климата, роль женщины в обществе и история Испании.
*   Грамматика и практика: От простых глаголов до сложных временных конструкций и сослагательного наклонения.

**🧪 Что на пробном уроке?**

*   Первое занятие — это погружение, где ребёнок сразу заговорит:
*   Первые фразы: учимся здороваться, представлять себя и узнавать, как дела.
*   Игровая диагностика: тренер определяет текущий уровень (с нуля до B2) и выявляет интересы.
*   Знакомство с культурой: через игры и песни запоминаем первые слова (цвета, животные или хобби).
*   Индивидуальный план: тренер намечает маршрут обучения, исходя из целей ребёнка и семьи.

**🎯 Что получит ребёнок:**

*   Свободу общения: от умения объясниться в аэропорту до участия в дискуссиях о технологиях будущего.
*   Богатое портфолио тем: ребёнок сможет поддержать разговор на любую бытовую или научную тему.
*   Навык переключения: на продвинутых уровнях общение идет практически полностью на испанском, что снимает любой языковой барьер.

**🚀 Дальнейшие шаги:**

Испанский идеально дополняет другие направления Айтигенио:

*   Другие языки (Корейский / Французский): чтобы развивать мозг и становиться полиглотом.
*   Мягкие навыки (Soft Skills): чтобы уверенно презентовать свои знания и легко сходиться с людьми из разных стран.
*   Финансовая грамотность (Teens/Junior): понимание глобальной экономики требует знания международных языков и умения планировать бюджет в разных валютах.
*   Web-разработка или Дизайн: для создания проектов, ориентированных на международный (и огромный испаноязычный) рынок.

**📦 Техническая информация:**

Уровни: от A1\.1 (с нуля) до B2 (продвинутый).

Методика: упор на разговорную практику, понимание на слух и живое обсуждение актуальных тем.";1;1;1;1;Нет;;Да;;Иностранные языки;visible;;"ru, en, es";"ru, es";
RDquLoNmZyWrrHpAc;Испанский язык 30;Шамсутдинова Шахзода;ZaQjrkEcyZc6GxcNQ;5;7;invisibly;1;;;"Windows, MacOS, Linux, ChromeOS";"Android, iPad";;"Индивидуальный, Групповой";"Курс рекомендован как для начинающих, так и для тех, кто хочет повысить уровень испанского языка. 
С первого урока практикуем говорение, чтение и изучаем грамматику на уроках длительностью 30 минут.";https://itgen.io/kursy-inostrannyh-yazykov-dlya-detey/ispanskiy-yazyk;https://itgen.io/spanish_ski;;"[#испанский\_язык](https://itgenio.slack.com/archives/C03G6615BLK)

Чему научим?

Погружение в мир испанской культуры, обучение базовым навыкам общения и понимания испанского языка.

Особенности в обучении?

Учебный план разработан с учетом возрастных особенностей детей, предлагает игровые и интерактивные методы обучения с применением занимательных материалов и увлекательных заданий.

Что на пробном уроке?

На первом уроке дети знакомятся с основами испанского языка через игры, рисование, песни и простые фразы.

Результат в конце курса?

В конце курса дети смогут понимать базовые фразы, выражения и общаться на простом уровне на испанском языке.

Вау-эффект?

Дети получат возможность увлекательно освоить новый язык, погрузиться в культуру и разнообразие испанскоговорящих стран. Это может стать источником вдохновения и интереса к изучению новых культур и языков.";0.7;0.7;0.7;0.7;Нет;;;;Дошкольные программы;invisibly;;ru;;
ZREsyDLiQEPLTH6i7;Испанский язык с носителем;Шамсутдинова Шахзода;ZaQjrkEcyZc6GxcNQ;8;;Доступно;1;;;"Windows, MacOS, Linux, ChromeOS";"Android, iPad";;"Индивидуальный, Групповой";"Курс рекомендован тем, кто хочет повысить уровень испанского языка. Практикуем говорение, чтение и изучаем грамматику с носителем языка";https://itgen.io/kursy-inostrannyh-yazykov-dlya-detey/ispanskiy-yazyk;https://itgen.io/spanish_ski_gena;;"по всем вопросам писать в #испанский\_язык Направление для желающих прокачать свой уровень языка и научиться свободно выражать свои мысли, наслаждаться просмотром фильмов на испанском  языке. На занятиях много разговариваем, изучаем новую лексику, тренируемся воспринимать устную речь на слух. Мы предлагаем индивидуальный формат занятий и максимальное количество внимания от преподавателя. Обучающиеся занимаются с носителями языка, что помогает им максимально быстро и плавно влиться в языковую среду. Тренеры: Гуамушиг Луис и Луис Мальпика Джейсонт";1;1;1;1;Нет;;Да;;Иностранные языки;visible;;"ru, es, en";"ru, es, en";
GSZwx4aToqdSHqedB;История;Конколь Виктор;zz48C6uyEmDHZMiue;9;;Доступно;1;;;"Windows, MacOS, Linux, ChromeOS";"Android, iPad";;"Индивидуальный, Групповой";"Курс для любознательных, для тех, кто хочет заполнить пробелы в знаниях по истории и развить аналитическое мышление, научиться работать с источниками и проверять достоверность информации. Соответствует школьному курсу Всемирной истории.";https://itgen.io/shkolnye-predmety/istoriya;https://itgen.io/history_in_itgenio_gena;;"[Чат направления](https://itgenio.slack.com/archives/C02RR5A81M2)

. [](https://itgenio.slack.com/archives/C02RR5A81M2) 

**УТП:**

1\. Придет к цели: подготовится к экзаменам, олимпиадам, узнает больше, чем в школе, или исправит оценки

2\. Найдет учителя, который покажет историю живой и увлекательной, вовлечет ребенка и разовьет его интерес и умение анализировать

3\. Восполнит пробелы в знаниях и одновременно разберет с учителем текущие темы.

4\. Выстроит картину последовательности и взиамосвязи исторических событий, научится ориентироваться в датах

5\. Покажет результат: хорошие оценки в дневнике и уверенность в своих знаниях на уроках

6\. Будет гораздо эрудированнее сверстников, научится критически мыслить

7\. Улучшит оценки. За 1,5 - 2 месяца наши ученики становятся хорошистами и отличниками

..

**Чему научим?**

Познакомим с основными этапами развития человеческого общества с древности до

наших дней в социальной, экономической, политической, духовной и нравственной сферах

.

**Особенности в обучении?**

Программа обучения представляет интересные истории, игры, важные даты и факты, интерактивные рассказы о различных периодах и культурах.

.

**Что на пробном уроке?**

Пробное занятие знакомит детей с ключевыми историческими событиями, значимыми личностями и возможностями исторического путешествия. Корректируем цели и задачи курса, исходя из индивидуальных запросов ученика и родителей.

.

**Результат в конце курса?**

Ученики приобретут понимание о ключевых эпохах, культурах и важных моментах в различных периодах истории человечества.

.

**Вау-эффект?**

Глубокое знание истории создает удивительный путь в прошлое, расширяет понимание событий, личностей и различных периодов истории, что способствует формированию широкого образования и пониманию развития человечества.

.

Можно записывать  в ИФ по согласованию с тренерами в чате #история. [Примерная программа](https://docs.google.com/document/d/1RsQGcSLcLlaecz4BUaZpVgm1llSbkKid/edit?usp=sharing&ouid=108393900913420673398&rtpof=true&sd=true) около 70 часов на изучение курса.";1;1;1;1;Нет;;Да;;Школьные предметы;visible;;"ru, en, es";ru;
SiRtL4hRS7Moh6Rsn;Китайский язык;Хорошун Ирина;P44j6G3yMg7DZPXA2;8;;Доступно;1;;;"Windows, MacOS, Linux, ChromeOS";;;"Индивидуальный, Групповой";"Курс рекомендован для начинающих. С первого урока изучаем на основе латинских букв китайский язык, учим иероглифы, чтение и изучаем грамматику. (Уровень от А0 до В2)";https://itgen.io/kursy-inostrannyh-yazykov-dlya-detey/kitayskiy-yazyk;https://itgen.io/chinese_gena;;"[#中文-китайский\_язык](https://itgenio.slack.com/archives/C03JRTH6YT1)

.

*
*

**🇨🇳 Китайский язык: Код будущего и магия иероглифов**

(Ключевые слова для поиска: китайский, кит, chinese)

Изучение китайского — это суперсила для мозга. Это единственный язык в мире, который задействует оба полушария сразу: левое отвечает за логику построения фраз, а правое — за распознавание иероглифов как картинок. Мы превращаем сложную восточную лингвистику в увлекательный квест, где ребёнок учится видеть логику в знаках и слышать музыку в тонах.

**Почему китайский актуален именно сейчас**

*   Инвестиция в будущее. Китай — мировой лидер в технологиях и бизнесе. Знание языка открывает двери в крупнейшие компании и лучшие университеты мира.
*   Мощный апгрейд памяти. Иероглифы развивают ассоциативное мышление и зрительную память. После китайского любой другой школьный предмет даётся в разы легче.
*   Развитие музыкального слуха. Китайский — тоновый язык. Чтобы тебя поняли, нужно точно попадать в «ноты». Это тренирует слух и дикцию.
*   Уникальный культурный код. Это возможность понимать культуру, которой более 5000 лет, и смотреть на мир под совершенно другим углом.

**🎓 Чему научим:**

*   Системе Пиньинь: основам произношения и чтению на латинице.
*   Искусству иероглифики: понимать, из каких элементов (радикалов) состоят знаки, и как их правильно писать.
*   Живому общению: поддерживать диалоги на базовые темы (знакомство, цифры, покупки, хобби).
*   Восприятию на слух: различать тоны и понимать речь носителей.
*   Культуре и этикету: как вести себя в Китае и понимать традиции этой страны.

**🧪 Что на пробном уроке?**

*   Мы отправляемся в мини-путешествие, чтобы ребёнок сразу почувствовал вкус языка:
*   Магия тонов: узнаем, как одно и то же слово может менять значение в зависимости от интонации.
*   Первые иероглифы: ребёнок сам напишет свои первые знаки и поймёт логику их построения.
*   Игра в «Рынок»: учим цифры и разыгрываем ситуацию в магазине — учимся разбираться с ценниками, как будто мы уже в Пекине.
*   Диагностика: если у ребёнка уже есть опыт, тренер проведёт тест и подберёт программу под его уровень.

**🎯 Что получит ребёнок:**

*   Развитую логику и воображение: работа с иероглифами — это как решение головоломок каждый день.
*   Навык концентрации: написание иероглифов требует фокуса, что дисциплинирует ученика.
*   Широкий кругозор: понимание того, как живут люди на другом конце света.

**🚀 Дальнейшие шаги:**

Китайский язык отлично дополняет другие направления Айтигенио:

*   Корейский язык: если ребёнок полюбил восточную культуру, корейский станет логичным и более простым следующим шагом.
*   Мягкие навыки (Soft Skills
*   Финансовая грамотность (Teens)
*   Программирование (Python / Web)

**📦 Важная информация для админов:**

Преподаватели:

*   На английском: Ирина Хорошун, Станислав Коновальчик, Анастасия Куренева, Анастасия Макатун.
*   На немецком: Анжелика Коваленя.

**Дополнительно**

*   Оборудование: можно заниматься на планшете (но лучше предупредить тренера заранее).
*   

*   Опыт: обязательно уточняйте, учил ли ребёнок китайский ранее. С опытом записываем по согласованию.

Учеников с опытом записывать только по согласованию с Хорошун Ирой.

Позже смогут еще  Oppong и Кость";1;1;1.2;1;Нет;;Да;;Иностранные языки;visible;;"ru, en, es";"ru, en, es";
ptnqyBd46Lfha7GZa;Китайский язык 30;Хорошун Ирина;P44j6G3yMg7DZPXA2;7;;onlyAdmin;0.5;;;"Windows, MacOS, Linux, ChromeOS";;;Индивидуальный;"Курс рекомендован для начинающих. С первого урока изучаем на основе латинских букв китайский язык, учим иероглифы, чтение и изучаем грамматику. (Уровень от А0 до В2)";https://itgen.io/kursy-inostrannyh-yazykov-dlya-detey/kitayskiy-yazyk;https://itgen.io/chinese_gena;;"#中文-китайский\_язык

.

🇨🇳 Китайский язык: Код будущего и магия иероглифов

(Ключевые слова для поиска: китайский, кит, chinese)

Изучение китайского — это суперсила для мозга. Это единственный язык в мире, который задействует оба полушария сразу: левое отвечает за логику построения фраз, а правое — за распознавание иероглифов как картинок. Мы превращаем сложную восточную лингвистику в увлекательный квест, где ребёнок учится видеть логику в знаках и слышать музыку в тонах.

Почему китайский актуален именно сейчас

Инвестиция в будущее. Китай — мировой лидер в технологиях и бизнесе. Знание языка открывает двери в крупнейшие компании и лучшие университеты мира.

Мощный апгрейд памяти. Иероглифы развивают ассоциативное мышление и зрительную память. После китайского любой другой школьный предмет даётся в разы легче.

Развитие музыкального слуха. Китайский — тоновый язык. Чтобы тебя поняли, нужно точно попадать в «ноты». Это тренирует слух и дикцию.

Уникальный культурный код. Это возможность понимать культуру, которой более 5000 лет, и смотреть на мир под совершенно другим углом.

🎓 Чему научим:

Системе Пиньинь: основам произношения и чтению на латинице.

Искусству иероглифики: понимать, из каких элементов (радикалов) состоят знаки, и как их правильно писать.

Живому общению: поддерживать диалоги на базовые темы (знакомство, цифры, покупки, хобби).

Восприятию на слух: различать тоны и понимать речь носителей.

Культуре и этикету: как вести себя в Китае и понимать традиции этой страны.

🧪 Что на пробном уроке?

Мы отправляемся в мини-путешествие, чтобы ребёнок сразу почувствовал вкус языка:

Магия тонов: узнаем, как одно и то же слово может менять значение в зависимости от интонации.

Первые иероглифы: ребёнок сам напишет свои первые знаки и поймёт логику их построения.

Игра в «Рынок»: учим цифры и разыгрываем ситуацию в магазине — учимся разбираться с ценниками, как будто мы уже в Пекине.

Диагностика: если у ребёнка уже есть опыт, тренер проведёт тест и подберёт программу под его уровень.

🎯 Что получит ребёнок:

Развитую логику и воображение: работа с иероглифами — это как решение головоломок каждый день.

Навык концентрации: написание иероглифов требует фокуса, что дисциплинирует ученика.

Широкий кругозор: понимание того, как живут люди на другом конце света.

🚀 Дальнейшие шаги:

Китайский язык отлично дополняет другие направления Айтигенио:

Корейский язык: если ребёнок полюбил восточную культуру, корейский станет логичным и более простым следующим шагом.

Мягкие навыки (Soft Skills

Финансовая грамотность (Teens)

Программирование (Python / Web)

📦 Важная информация для админов:

Преподаватели:

На английском: Ирина Хорошун, Станислав Коновальчик, Анастасия Куренева, Анастасия Макатун.

На немецком: Анжелика Коваленя.

Дополнительно

Оборудование: можно заниматься на планшете (но лучше предупредить тренера заранее).

Опыт: обязательно уточняйте, учил ли ребёнок китайский ранее. С опытом записываем по согласованию.

Учеников с опытом записывать только по согласованию с Хорошун Ирой.

Позже смогут еще Oppong и Кость";0.7;0.7;0.7;0.7;Нет;;;;Иностранные языки;onlyAdmin;;ru;ru;
QMkJik6CGjjK6ekzj;Книжный клуб для подростков;Скрипченко Татьяна;rKRmC3jG2mjbuarwB;11;13;Доступно;1;;;"Windows, MacOS, Linux, ChromeOS";;;Групповой;"Покажем ребёнку, что чтение может быть увлекательным, интересным. Научим обсуждать прочитанное и делиться впечатлениями!";https://itgen.io/knizhnyj-klub;https://itgen.io/knizhnyj-klub;;"[#книжный-клуб](https://itgenio.slack.com/archives/C08AL21Q4QG)

МОЖНО ЗАПИСЫВАТЬ ПРОБНИКОВ 11-13 ЛЕТ

.

[Важная информация про группы.](https://www.notion.so/33db7209aaff40f887b9413fc57a0886?source=copy_link)

.

Чему научим?

.

Покажем ребёнку, что чтение — это увлекательно! Научим обсуждать книги, делиться впечатлениями и выражать мысли. Ребёнок разовьёт воображение, критическое мышление и научится видеть глубину в литературе.

.

Особенности в обучении?

.

Развитие любви к чтению — помогаем детям погрузиться в мир книг, показать, что это не скучно, а захватывающе.

.

Обсуждения и рефлексия — каждые 5-10 минут тренер задаёт вопросы и даёт творческие задания, помогая детям глубже осмыслить текст.

.

Мини-группы по возрасту — дети читают и общаются со сверстниками, что создаёт комфортную атмосферу и вовлечённость.

.

Без домашних заданий — всё чтение проходит в рамках занятия, без необходимости дополнительно готовиться.

.

Интерактивный формат — книги оживают через обсуждения, творческие задания, мини-квесты и онлайн-доски с заметками.

.

Опытные педагоги — занятия ведут филологи и литераторы, умеющие вдохновить и заинтересовать детей.

.

Этот клуб — не просто про книги, а про умение рассуждать, фантазировать и наслаждаться чтением!

.

Что на пробном уроке?

.

Ребёнок познакомится с форматом занятий, прочтёт отрывок из книги и попробует обсудить его в группе, выражая своё мнение и эмоции. После урока тренер задержится с ним, чтобы поговорить";1;1;1;1;Нет;;Да;;Групповые занятия;visible;;ru;ru;
3ndSKzMefBcbGaSP6;Книжный клуб для самых юных;Скрипченко Татьяна;rKRmC3jG2mjbuarwB;5;7;Доступно;1;;;"Windows, MacOS, Linux, ChromeOS";;;Групповой;"Покажем ребёнку, что чтение может быть увлекательным, интересным. Научим обсуждать прочитанное и делиться впечатлениями!";https://itgen.io/knizhnyj-klub;https://itgen.io/knizhnyj-klub;;"[#книжный-клуб](https://itgenio.slack.com/archives/C08AL21Q4QG)

МОЖНО ЗАПИСЫВАТЬ ПРОБНИКОВ 5-7 ЛЕТ

.

[Важная информация про группы](https://www.notion.so/33db7209aaff40f887b9413fc57a0886?source=copy_link)[. .](https://gravel-steel-71f.notion.site/18a287b4422a80f08865cd2822382fe1?pvs=4)

Чему научим?

.

Покажем ребёнку, что чтение — это увлекательно! Научим обсуждать книги, делиться впечатлениями и выражать мысли. Ребёнок разовьёт воображение, критическое мышление и научится видеть глубину в литературе.

.

Особенности в обучении?

.

Развитие любви к чтению — помогаем детям погрузиться в мир книг, показать, что это не скучно, а захватывающе.

.

Обсуждения и рефлексия — каждые 5-10 минут тренер задаёт вопросы и даёт творческие задания, помогая детям глубже осмыслить текст.

.

Мини-группы по возрасту — дети читают и общаются со сверстниками, что создаёт комфортную атмосферу и вовлечённость.

.

Без домашних заданий — всё чтение проходит в рамках занятия, без необходимости дополнительно готовиться.

.

Интерактивный формат — книги оживают через обсуждения, творческие задания, мини-квесты и онлайн-доски с заметками.

.

Опытные педагоги — занятия ведут филологи и литераторы, умеющие вдохновить и заинтересовать детей.

.

Этот клуб — не просто про книги, а про умение рассуждать, фантазировать и наслаждаться чтением!

.

Что на пробном уроке?

.

Ребёнок познакомится с форматом занятий, прочтёт отрывок из книги и попробует обсудить его в группе, выражая своё мнение и эмоции. После урока тренер задержится с ним, чтобы поговорить";1;1;1;1;Нет;;Да;;Групповые занятия;visible;;ru;ru;
tiCMv2KeGpwQcZdtY;Книжный клуб: юные читатели;Скрипченко Татьяна;rKRmC3jG2mjbuarwB;8;10;Доступно;1;;;"Windows, MacOS, Linux, ChromeOS";;;Групповой;"Покажем ребёнку, что чтение может быть увлекательным, интересным. Научим обсуждать прочитанное и делиться впечатлениями!";https://itgen.io/knizhnyj-klub;https://itgen.io/knizhnyj-klub;;"[#книжный-клуб](https://itgenio.slack.com/archives/C08AL21Q4QG)

МОЖНО ЗАПИСЫВАТЬ ПРОБНИКОВ 8-10 ЛЕТ

.

[Важная информация про группы.](https://www.notion.so/33db7209aaff40f887b9413fc57a0886?source=copy_link)

.

**Чему научим?**

.

Покажем ребёнку, что чтение — это увлекательно! Научим обсуждать книги, делиться впечатлениями и выражать мысли. Ребёнок разовьёт воображение, критическое мышление и научится видеть глубину в литературе.

.

**Особенности в обучении?**

.

Развитие любви к чтению — помогаем детям погрузиться в мир книг, показать, что это не скучно, а захватывающе.

.

Обсуждения и рефлексия — каждые 5-10 минут тренер задаёт вопросы и даёт творческие задания, помогая детям глубже осмыслить текст.

.

Мини-группы по возрасту — дети читают и общаются со сверстниками, что создаёт комфортную атмосферу и вовлечённость.

.

Без домашних заданий — всё чтение проходит в рамках занятия, без необходимости дополнительно готовиться.

.

Интерактивный формат — книги оживают через обсуждения, творческие задания, мини-квесты и онлайн-доски с заметками.

.

Опытные педагоги — занятия ведут филологи и литераторы, умеющие вдохновить и заинтересовать детей.

.

Этот клуб — не просто про книги, а про умение рассуждать, фантазировать и наслаждаться чтением!

.

**Что на пробном уроке?**

.

Ребёнок познакомится с форматом занятий, прочтёт отрывок из книги и попробует обсудить его в группе, выражая своё мнение и эмоции. После урока тренер задержится с ним, чтобы поговорить

.";1;1;1;1;Нет;;Да;;Групповые занятия;visible;;ru;ru;
26;Компьютерная грамотность;Костюкович Ксения;67NcR63M7eKrE7jZ8;8;;Доступно;2;;;"Windows, MacOS";;;"Индивидуально-групповой, Индивидуальный";"На курсе мы научим тебя крутым фишкам: от секретных горячих клавиш до создания видео и работы с нейросетями. Ты сможешь сам делать презентации, от которых учителя будут в восторге, и узнаешь, как устроен цифровой мир изнутри.";https://itgen.io/programmirovanie/computer-gramotnost;https://itgen.io/computer-skills-gena;;"[#кг](https://itgenio.slack.com/archives/C010ETMV36E)

**ВАЖНО:**

*   если запрос на КГ и ребенок старше 8 лет, то отправляем его на КГ. формат ИФ/ИГФ рекомендует тренер после пробного
*   если запрос на КГ и ребенок младше 8, то отправляем его на ЮП. формат ИФ/ИГФ рекомендует тренер после пробного (здесь еще в идеале оставить заметку тренеру, чтобы давали упражнения по КГ из модуля по КГ)

.

[Визитка направления.](https://editor.itgen.io/editor/Z7us_aYWvm4VY8)

💻 Компьютерная грамотность

(Ключевые слова для поиска: кг, офис)

.

Компьютерная грамотность — это «права на вождение» в цифровом мире. Мы учим ребёнка превращать компьютер из «игровой приставки» в мощный инструмент для учёбы. Вместо того чтобы просто «сидеть в интернете», ребёнок учится созидать: оформлять мысли в тексты, данные — в таблицы, а идеи — в презентации.

.

**Почему это актуально именно сейчас**

*   Школа без слёз и стресса. Рефераты, доклады и презентации перестают быть проблемой для всей семьи. Ребёнок сам знает, как оформить текст, найти информацию и отправить файл учителю.
*   Цифровая безопасность и гигиена. Мир интернета полон ловушек. Мы учим отличать полезный софт от вирусов, создавать сложные пароли и понимать правила поведения в сети.
*   Порядок в делах и файлах. Умение структурировать информацию (папки, облачные хранилища, логика хранения данных) — это навык, который развивает системное мышление и дисциплину.
*   Современный инструментарий. Мы знакомим с актуальными сервисами: от Google-документов до основ работы с нейросетями (как вспомогательным инструментом) и простыми видеоредакторами. Это делает ребёнка «своим» в технологичной среде.

**🎓 Чему научим:**

*   Уверенное владение «железом»: работа с мышкой, клавиатурой, быстрая печать и горячие клавиши.
*   Работа с информацией: поиск в браузере, безопасное скачивание, работа с архивами и VPN.
*   Офисный пакет (Microsoft или Google): создание документов, работа с формулами в таблицах, оформление стильных презентаций.
*   Облачные сервисы: хранение файлов и совместная работа над проектами онлайн.

**🧪 Что на пробном уроке?**

Тренер проверяет текущие навыки: как ребёнок пользуется браузером, знает ли базу. В процессе ученик выполняет небольшое практическое задание (например, находит и сохраняет информацию для своего первого проекта). По итогу тренер строит план обучения: от базовых кнопок до уверенного владения «офисом».

.

**🎯 Что получит ребёнок:**

*   Самостоятельность: родителям больше не нужно помогать с «технической частью» уроков.
*   Цифровое портфолио: готовые проекты (презентации, доклады), созданные по всем стандартам.
*   Навыки для будущего: эта база позволит в разы быстрее осваивать программирование, дизайн или любое другое IT-направление.
*   Уверенность: ребёнок чувствует себя профи, когда может сам установить программу или настроить компьютер.

**🚀 Дальнейшие шаги:**

КГ — это идеальный фундамент. После него ребёнок может осознанно выбрать любое направление в нашей школе, которое соответствует его возрасту.

**⏱ Длительность курса:**

*   Базовый уровень: 10–20 часов.
*   Углубленный уровень: 20–50 часов.

Направление КГ для возраста 6–9 лет доступно только в индивидуальном формате (ИФ).";0.9;0.9;1;1.1;Нет;;Да;;Развитие личности;visible;;"ru, en, fr, he, de, es";"ru, en, es";
2sngXXBGtXRBG8Z8d;Корейский язык;Чен Евгения;SKsRNamBuxyMArXrM;8;;Доступно;1;;;"Windows, MacOS, Linux, ChromeOS";;;Индивидуальный;"Курс корейского языка с нуля для начинающих. С первого урока учим корейский алфавит, практикуем говорение, чтение и изучаем грамматику. Уровни: А0-А2.";https://itgen.io/kursy-inostrannyh-yazykov-dlya-detey/korejskij-yazyk;https://itgen.io/kursy-inostrannyh-yazykov-dlya-detey/korejskij-yazyk;;"**По вопросам записи на направление обращаться в чат к Евгении Чен:** [https://itgenio.slack.com/archives/C09LEMTS2UF](https://itgenio.slack.com/archives/C09LEMTS2UF)

**Брошюра направления для родителей:** [https://drive.google.com/file/d/1YXpueCh9yFGLcCn0PLTV1Ocf5Muk3RsG/view?usp=sharing](https://drive.google.com/file/d/1YXpueCh9yFGLcCn0PLTV1Ocf5Muk3RsG/view?usp=sharing)

**Чему научим?**

Научим правильно произносить звуки корейского языка, читать и писать алфавит Хангыль, понимать основы грамматики и строить простые предложения. Поможем освоить базовые фразы для повседневного общения и познакомим с культурой Кореи. На уровне A0–A2 ученик сможет здороваться, представляться, рассказывать о себе, задавать и отвечать на простые вопросы.

**Особенности в обучении**

На первых занятиях много внимания уделяется фонетике и письму, ведь корейский алфавит Хангыль имеет свои особенности, но изучается достаточно быстро. Далее мы переходим к базовой грамматике и разговорам в бытовых ситуациях. Материал закрепляется с помощью игр, диалогов, интерактивных упражнений и обсуждения современных сюжетов из корейской культуры.

**Что на пробном уроке?**

Определим цели и уровень. Если ученик только начинает, познакомимся с корейским алфавитом Хангыль, выучим базовые приветствия и узнаем, как строятся простые фразы.

**Результат в конце курса**

К концу курса ученик сможет читать и писать по-корейски, понимать простую речь на слух, поддерживать бытовой диалог, рассказывать о себе, своей семье и интересах. Познакомится с традициями и культурой Кореи, освоит основы этикета общения и почувствует уверенность в речи.

**Вау-эффект**

Корейский язык — это не только практика речи, но и развитие внимания, логики и слуха. Знакомство с Хангыль тренирует память, а изучение культуры делает занятия вдохновляющими. Мы используем игры, визуальные карточки, видео и яркие примеры из жизни, чтобы учиться легко и с удовольствием.";1;1;1.2;1;Нет;;Да;;Иностранные языки;visible;;ru;ru;
kkXtcibqjWqwX4gjw;Креативное мышление;Бобкова Наталья;ywqNgcfBqasmhPPpf;10;;invisibly;1;;;"Windows, MacOS, Linux, ChromeOS";;;"Индивидуальный, Групповой";"Разовьём воображение и научимся использовать его для создания собственных креативных проектов,  придумывать идеи с помощью креативных техник";https://itgen.io/kreativnoe-intensiv;https://itgen.io/kreativnoe-intensiv;;".

ЗАПИСЫВАЕМ ТОЛЬКО НА ГРУППЫ. На ИФ креативное и критическое мышление записываем на Soft skills 

.

[Визитка направления](https://editor.itgen.io/editor/XH2Dl5pbzZpoYh).

Подходит для ребят, которые хотят развивать свои когнитивные навыки: улучшать способность к анализу, развивать навыки принятия взвешенных решений, прокачать креативное мышление для решения проблемных ситуаций в учебе и в будущей карьере.

.

1\. Ребенок освоит 3 уникальные техники на оригинальность мышления, научится генерировать идеи для школьных проектов и своих социальных сетей

2\. Научится критически мыслить и анализировать, используя специальные техники, чтобы прийти к глубокому пониманию проблем и находить эффективные решения.

3\. Узнает что такое “когнитивные искажения” и научится смотреть на события под другим углом.

4\. Научится задавать качественные вопросы, чтобы расширить мыслительные границы и находить новые решения.

.

Креативное и критическое мышление (2 блока):

.

Креативное мышление (14 занятий) - ребенок научиться работать над развитием фантазии и воображения, находить новые идеи, потренируемся в создании собственных креативных проектов;

.

Критическое мышление (12 занятий) - ребенок научиться выходить за рамки стереотипов и не бояться быть уникальным, оценивать чужие суждения и делать выводы.";1;1;1;1;Нет;;;;Групповые занятия;invisibly;;ru;;
u24cDkB9uyLaubs6i;Критическое мышление;Бобкова Наталья;ywqNgcfBqasmhPPpf;11;;onlyAdmin;1;;;"Windows, MacOS, Linux, ChromeOS";;;Групповой;"Научимся критически мыслить, анализировать информацию и узнаем, как никогда не попадаться на чужие уловки и формировать собственное мнение.";https://itgen.io/kriticheskoe-mishleniye;;;"ЗАПИСЫВАЕМ ТОЛЬКО НА ГРУППЫ. На ИФ критическое мышление записываем на Soft skills

.

[Визитка направления.](https://editor.itgen.io/editor/XH2Dl5pbzZpoYh)

Подходит для ребят, которые хотят развивать свои когнитивные навыки: улучшать способность к анализу, развивать навыки принятия взвешенных решений, прокачать креативное мышление для решения проблемных ситуаций в учебе и в будущей карьере.

.

1\. Научится критически мыслить и анализировать, используя специальные техники, чтобы прийти к глубокому пониманию проблем и находить эффективные решения.

3\. Узнает что такое “когнитивные искажения” и научится смотреть на события под другим углом.

4\. Научится задавать качественные вопросы, чтобы расширить мыслительные границы и находить новые решения.

.

Критическое мышление (12 занятий) - ребенок научиться выходить за рамки стереотипов и не бояться быть уникальным, оценивать чужие суждения и делать выводы.";1;1;1;1;Нет;;;;Групповые занятия;onlyAdmin;;ru;ru;
2njWRaHL6z2QdNfit;Логопедия;Боровик Екатерина;vDojESb9bb8ck3JzY;5;12;Доступно;1;;;"Windows, MacOS, Linux, ChromeOS";"Android, iPad";;"Индивидуальный, Групповой";"Логопедические занятия помогают правильно произносить звуки, расширять словарный запас и учиться красиво говорить. Всё обучение проходит в игровой форме, с индивидуальным подходом и без стресса для ребёнка.";https://itgen.io/doshkolnye-programmy-dlya-detey/logopediya;https://itgen.io/logoped-gena;;"[#логопедия](https://itgenio.slack.com/archives/C04CZQKLV89)

**Можно с 3 лет записывать**

**На пробное/новое обязательна камера, занятие записываем в часовой слот.**

Первое занятие по логопедии делится на 2 части (для учеников любого возраста):

- первые 30 минут - знакомство и проведение диагностики с учеником

- оставшиеся 20 минут - общение с родителем.

.

🗣 Логопедия — красивая и грамотная речь для вашего ребёнка

.

Логопедические занятия помогают ребёнку правильно произносить звуки, расширять словарный запас и учиться красиво формулировать свои мысли. Всё обучение проходит в игровой форме, с индивидуальным подходом и без стресса для ребёнка.

.

**Почему логопедия актуальна именно сейчас**

*   Чистая речь — уверенность в себе. Умение чётко выражать мысли помогает ребёнку чувствовать себя комфортно в школе, на сцене и в общении со сверстниками.
*   Ранняя коррекция эффективнее. Чем раньше начать, тем быстрее и мягче исправляются ошибки звукопроизношения. Записываться можно уже с 3 лет.
*   Помощь в учёбе. Грамотная речь напрямую связана с успеваемостью по чтению, письму и литературе.
*   Комплексное развитие. Помимо постановки звуков, ребёнок развивает память, внимание, мышление и фонематический слух.

**🎓 Чему научим**

*   Правильному произношению всех звуков
*   Красивой и связной речи
*   Расширению словарного запаса
*   Умению строить предложения грамотно и понятно
*   Навыкам выразительного общения

.

**🎯 Что получит ребёнок**

*   Чистую, красивую и уверенную речь
*   Исправленное звукопроизношение без механического вмешательства
*   Расширенный словарный запас и умение ясно формулировать свои мысли
*   Навык общения без барьеров и комплексов

**✨ Вау-эффект**

Мы ставим даже самые сложные звуки без стресса и механического вмешательства. Ребёнок начинает говорить чище и увереннее уже через несколько недель занятий.

.

*   🚀 Дальнейшие шаги

После базового курса можно продолжить работу над:

📖 развитием речи и словарного запаса на мини-курсе Ораторское мастерство (для детей 11\+ лет)

🧠 логикой, вниманием и памятью на Ментальной арифметике или Мнемотехнике

🎤 развитием навыка быстрого чтения на Скорочтении

**Первое занятие — диагностика:**

*   проверка звукопроизношения и речи
*   развитие фонематического слуха
*   составление индивидуального плана занятий

Длительность курса зависит от уровня ребёнка: после диагностики логопед рекомендует количество уроков.

.

Каждое занятие длится 30–50 минут (в зависимости от возраста).

.

**💻 Формат обучения**

*   Индивидуальные занятия в игровой форме
*   Первые 30 минут пробного урока — работа с ребёнком, затем 20 минут общения с родителем (результаты и рекомендации)
*   Материалы и упражнения для самостоятельной практики дома";1;1;1.2;1;Нет;;Да;;Дошкольные программы;visible;;"ru, en, es";ru;
Twa7XToJcLZRojza9;Логопедия 30;Боровик Екатерина;vDojESb9bb8ck3JzY;5;12;invisibly;1;;;"Windows, MacOS, Linux, ChromeOS";"Android, iPad";;"Индивидуальный, Групповой";Курс по логопедии и развитию речи для детей. На занятиях помогут справиться с речевыми нарушениями и подготовиться к школе в игровой форме.;https://itgen.io/doshkolnye-programmy-dlya-detey/logopediya;https://itgen.io/logopedia_gena;;**На пробные не записываем!**;1;1;0.8;1;Нет;;;;Дошкольные программы;invisibly;;ru;;
S6YMPaJP8kM2Mhro8;"Математика: ЕГЭ, ОГЭ, ЦТ";Берникова Алина;TPvCtaiwHYcrQt9LF;15;;Доступно;1;;;"Windows, MacOS, Linux, ChromeOS";;;"Индивидуальный, Групповой";"Курс для ликвидации пробелов по математике. Подготовка к ЕГЭ по профильной математике, ОГЭ и ЦТ. Детальный анализ знаний, составление индивидуального плана. Распределение времени на экзамене,  быстрое  решение заданий, развитие внимания к деталям.";https://itgen.io/shkolnye-predmety/podgotovka-k-ege-oge;https://itgen.io/mathem-gena;;"[#математика](https://itgenio.slack.com/archives/CTDNA9KCK)

**На первом занятии - диагностика уровня знаний.**

**.**

**УТП:**

1\. Восполнит пробелы в знаниях 

2\. Качественно подготовится к экзаменам

3\. Найдет учителя, который вовлечет ребенка и заинтересует математикой

4\. Улучшит оценки. За 1,5 - 2 месяца наши ученики становятся хорошистами и отличниками

5\. Покажет результат: хорошие оценки на экзамене и уверенность в своих знаниях

.

**С 15 лет.** **Подхотит тем ученикам, которые готовятся к экзаменам.** Установка не требуется. Материалы на английском есть. Полностью на английском языке могут вести Гарсиа Гарсиа Ампаро, Анисковец Владислав. 

.

**Продолжительность изучения зависит от первоначального уровня знаний ребенка.**";1.2;1.2;1.2;1;Нет;;Да;;Школьные предметы;visible;;"ru, en, es";"ru, en";
vZzKG2mGGnPj6qm5H;Математика: начальная школа;Берникова Алина;TPvCtaiwHYcrQt9LF;8;10;Доступно;2;;;"Windows, MacOS, Linux, ChromeOS";"Android, iPad";;"Индивидуальный, Групповой";"Научимся считать легко и уверенно! 🔢
Будем решать примеры, разгадывать задачи, играть с числами и понимать, зачем нужна математика в жизни. Разберёмся в сложных темах или углубим уже имеющиеся знания.";https://itgen.io/shkolnye-predmety/matematika;https://itgen.io/mathem-gena;;"[#математика](https://itgenio.slack.com/archives/CTDNA9KCK)

**.**

**🔢 Математика для начальной школы — уверенность с первых примеров**

Математика в младших классах — это фундамент, на котором строятся все будущие знания.

На курсе ребёнок не просто решает примеры — он понимает логику чисел, учится рассуждать, анализировать и применять математику в реальной жизни.

**💡 Почему это важно**

*   Вернём уверенность в себе. Ребёнок перестанет бояться математики, разберётся в непонятных темах и начнёт видеть закономерности.
*   Подготовим к успешной учёбе. Сильная база поможет легче понимать материал в среднем звене и не терять интерес к предмету.
*   Подберём подход к каждому. Занятия проходят в комфортном темпе, с понятными объяснениями и наглядными примерами.
*   Учимся думать, а не просто считать. Математика становится увлекательной игрой, где важно не заучить, а понять.

**🎓 Чему научим**

*   Уверенно считать, сравнивать, решать задачи и уравнения;
*   Понимать логику действий, а не просто запоминать правила;
*   Применять математику в жизни — считать сдачу, время, расстояние;
*   Работать с текстовыми задачами и объяснять свои решения;
*   Быстро и точно выполнять вычисления в уме.

**⚙️ Особенности обучения**

*   📘 Индивидуальный подход и игровые методы.
*   🧩 Объясняем сложное простыми примерами из жизни.
*   💬 Учим ребёнка рассуждать и объяснять свои решения.
*   🎯 Каждый урок направлен на укрепление уверенности и самостоятельности.

**🔍 Что на пробном уроке**

*   Проведём мини-диагностику: узнаем, какие темы даются легко, а где нужна помощь.
*   Познакомимся с тренером, разберём один тип заданий и покажем, что математика может быть понятной и интересной.

**🎯 Что получит ребёнок**

*   Понимание основных математических принципов;
*   Умение самостоятельно решать домашние задания;
*   Повышение успеваемости и уверенности в своих силах;
*   Интерес к предмету и желание учиться дальше.

**🌟 Вау-эффект**

*   Через 1,5–2 месяца ребёнок сам замечает, что стал решать быстрее и увереннее.
*   Оценки растут, а страх перед математикой исчезает!

**🚀 Дальнейшие шаги**

После курса ребёнок сможет развивать навыки дальше:

*   🧠 Ментальная арифметика — для быстрого счёта в уме;
*   🧩 Мнемотехника — развитие памяти и внимания;
*   💬 Soft Skills и критическое мышление — для уверенности и общения;
*   📚 Книжный клуб — для расширения кругозора и любви к учёбе.

💻 Формат и возраст

*   Занятия проходят индивидуально онлайн с профессиональным преподавателем.
*   Материалы есть и на английском языке.
*   Полностью на английском курс могут вести: Гарсиа Гарсиа Ампаро и Анисковец Владислав.";1.1;1.1;1;1;Нет;;Да;;Школьные предметы;visible;;"ru, en, es";"ru, en";
HCAYpgq8vevtuWnPS;Математика: начальная школа 30;Берникова Алина;TPvCtaiwHYcrQt9LF;6;;invisibly;1;;;"Windows, MacOS, Linux, ChromeOS";;;Индивидуальный;"Курс (30 минут урок) для ликвидации пробелов по математике. Детальный анализ знаний, составление индивидуального плана. Помогаем ученикам разобраться в сложных темах или углубить уже имеющиеся знания.";-;-;-;;0.7;0.7;0.7;0.7;Нет;;;;Дошкольные программы;invisibly;;"ru, en";;
27;Математика: средняя школа;Берникова Алина;TPvCtaiwHYcrQt9LF;10;;Доступно;2;;;"Windows, MacOS, Linux, ChromeOS";"Android, iPad";;"Индивидуально-групповой, Индивидуальный, Групповой";"Научимся понимать и любить математику! 
Для учеников 5–9 классов — поможем подтянуть оценки и увидеть, что математика может быть лёгкой и интересной!
Будем решать интересные задачи, быстро считать и логически мыслить.";https://itgen.io/shkolnye-predmety/matematika;https://itgen.io/mathem-gena;;"[#математика](https://itgenio.slack.com/archives/CTDNA9KCK)

**.**

➗ Математика — уверенные знания и отличные оценки

Математика — это не только формулы и задачи в тетради. Это умение логически мыслить, находить решения и применять их в жизни. Наш курс поможет ребёнку восполнить пробелы, понять сложные темы и увидеть, что математика может быть понятной и даже увлекательной.

.

**Почему математика актуальна именно сейчас**

*   Школьная база — фундамент будущего. Математика нужна не только для хороших оценок, но и для поступления в колледжи и вузы, а также для любых профессий, связанных с аналитикой, технологиями и наукой.
*   Подготовка к проверкам без стресса. Мы поможем подготовиться к контрольным, ВПР и другим проверочным работам, чтобы ребёнок чувствовал себя уверенно.
*   Индивидуальный подход. На занятиях мы работаем именно с теми темами, которые важны конкретному ученику: от базовых вычислений до сложных задач.
*   Быстрый рост результатов. Уже через 1,5–2 месяца ученики отмечают улучшение оценок и уверенности в своих силах.

.

**🎓 Чему научим**

*   Понимать и применять математические принципы, а не просто заучивать правила
*   Решать задачи по школьной программе разными способами
*   Анализировать условия задач и находить оптимальные решения
*   Систематизировать знания и уверенно переходить к новым темам

.

**🎯 Что получит ребёнок**

*   Уверенные знания по математике
*   Навык логического и аналитического мышления
*   Подготовку к контрольным, проверочным работам и ВПР
*   Повышение успеваемости и уверенности в себе
*   Понимание, что математика — это не страшно, а полезно и интересно

**📐 Что будет на пробном?**

Первое занятие носит установочно-адаптационный характер и помогает выстроить индивидуальный путь обучения. Оно включает три ключевых этапа:

*   Комплексная диагностика: Преподаватель оценит знания за текущий и предыдущие классы (с 5 по 9). Это поможет выявить скрытые пробелы в базе и систематизировать то, что ребенок уже знает.
*   Работа с актуальным запросом: Если у ученика есть конкретная сложная тема, которую нужно разобрать прямо сейчас, занятие фокусируется на её детальном объяснении и решении задач.
*   Индивидуальный план: По итогам урока будет разработана образовательная траектория. Она поможет ликвидировать пробелы, закрепить школьный материал и достичь поставленных учебных целей.

.

**✨ Вау-эффект**

*   Уверенность в собственных математических способностях
*   Повышение учебной мотивации и интереса к предмету
*   Переход от «математика — это сложно» к «я это могу»

.

**🚀 Дальнейшие шаги**

*   После курса по математике ребёнок сможет углубиться в интересующие его направления:
*   📊 Финансовая грамотность — умение планировать бюджет и управлять деньгами
*   🤖 Программирование — применение логического мышления в создании игр, сайтов и приложений
*   🧠 Английский язык

.

**📚 Программа курса**

*   Диагностика и определение уровня — 1 занятие
*   Индивидуальная проработка тем — от 44 до 92 часов (в среднем 128 часов)

.

**💻 Формат обучения**

*   С 10 лет, для учеников 5–9 классов
*   Возможны занятия на английском языке
*   Темы занятий согласуются заранее с родителем

**.**

С 10 лет (возраст 5 класса), подходит всем ученикам, изучающим курс школьной программы с 5 по 9 класс. Цели обучения и желаемые темы важно уточнить заранее. Материалы на английском есть.

Подходит для подготовки к МЦКО, ВПР, контрольным и проверочным работам, тестам и экзаменам после 5-9 классов.

. Учеников старше 15 лет (10 - 11 класс) записываем на направление “Математика: старшая школа”.

.

[Памятка как выбрать направление для матем](https://dog-catamaran-1f2.notion.site/a40d212febe844b9bb6ff07b188ce66d?source=copy_link).";1.2;1.2;1;1;Нет;;Да;;Школьные предметы;visible;;"ru, en, es";"ru, en, es";
pgCC5baop9ZpiGToK;Математика: старшая школа;Берникова Алина;TPvCtaiwHYcrQt9LF;13;;Доступно;2;;;"Windows, MacOS, Linux, ChromeOS";"Android, iPad";;"Индивидуально-групповой, Индивидуальный";"Разберём сложные темы и станем сильнее в математике! 
Для учеников 10–11 классов — разберёмся с алгеброй, геометрией и тригонометрией, систематизируем знания и поможем подтянуть оценки, чтобы чувствовать уверенность на уроках.";https://itgen.io/shkolnye-predmety/matematika;https://itgen.io/mathem-gena;;"**➗ Математика — уверенные знания и отличные оценки**

.

📘 Математика — это не только формулы и задачи в тетради. Это умение логически мыслить, находить решения и применять их в жизни.

Наш курс поможет ребёнку восполнить пробелы, понять сложные темы и увидеть, что математика может быть понятной и даже увлекательной.

.

**💡 Почему математика актуальна именно сейчас**

*   🏫 Школьная база — фундамент будущего.
*   Математика нужна не только для хороших оценок, но и для поступления в колледжи и вузы, а также для любых профессий, связанных с аналитикой, технологиями и наукой.
*   😌 Подготовка к проверкам без стресса.
*   Мы поможем подготовиться к контрольным, ВПР и другим проверочным работам, чтобы ребёнок чувствовал себя уверенно.
*   👩‍🏫 Индивидуальный подход.
*   На занятиях мы работаем именно с теми темами, которые важны конкретному ученику: от базовых вычислений до сложных задач.
*   📈 Быстрый рост результатов.
*   Уже через 1,5–2 месяца ученики отмечают улучшение оценок и уверенности в своих силах.

**🎓 Чему научим**

*   🧮 Понимать и применять математические принципы, а не просто заучивать правила
*   🧠 Решать задачи по школьной программе разными способами
*   🔍 Анализировать условия задач и находить оптимальные решения
*   📚 Систематизировать знания и уверенно переходить к новым темам

**📐 Что будет на пробном?**

Первое занятие — это диагностико-планирующая сессия, которая определяет вектор дальнейшего обучения. Урок проходит в три этапа:

*   Тонкая диагностика: Преподаватель проводит глубокий анализ знаний, сочетая проверку текущих тем с выявлением пробелов за прошлые годы. Это позволяет увидеть реальную картину подготовки ученика.
*   Решение актуального запроса: Если у ребенка есть срочная задача (сложная тема или подготовка к контрольной), занятие сразу фокусируется на ней, чтобы первый урок принес максимальную практическую пользу.
*   Стратегическое планирование: По итогам сессии создается индивидуальный учебный маршрут. Это четкий и мотивирующий план, который поможет восполнить пробелы и уверенно осваивать новую школьную программу.

**🚀 Дальнейшие шаги**

После курса ученик сможет углубиться в интересующие его направления:

*   📊 Финансовая грамотность — умение зарабатывать на своих навыках, планирование бюджета
*   🤖 Программирование — развитие логики и подготовка к будущей профессии
*   🧩 Подготовка к экзаменам — углубление знаний по математике, физике, английскому языку для поступления (ЦТ, ЕГЭ)

**📘 Программа курса**

*   🧾 Диагностика и определение уровня — 1 занятие
*   📆 Количество занятий зависит от запроса ученика, страны проживания, темпа усвоения информации и выполнения домашних заданий

**💻 Формат обучения**

*   **👨‍🎓 С 15 лет, для учеников 10–11 классов**
*   🌍 Возможны занятия на английском языке
*   📌 Темы занятий согласуются заранее с родителем или учеником

🧮 Тренеры помогают со сложными темами: интегралы, дифференциальные уравнения, матрицы, стереометрия, вероятность, производные, пределы.

.

📅 Подходит ученикам 10–11 классов, а также студентам 1–2 курсов колледжей.

Желаемые темы важно уточнить заранее.

Материалы доступны на английском языке.

Темы тренерам высылаются заранее.

[Памятка про выбор направления](https://dog-catamaran-1f2.notion.site/a40d212febe844b9bb6ff07b188ce66d?source=copy_link)";1.2;1.2;1.2;1;Нет;;Да;;Школьные предметы;visible;;"ru, en, en";"ru, en";
gt9DMnXR4vrSZMT5j;Материалы для сотрудников;;DTNL3rL2JCXzMrTd7;15;;invisibly;2;;;"Windows, MacOS, Linux, ChromeOS";;;Индивидуально-групповой;Интерактивные материалы для сотрудников;;;;;1;1;1;1;Нет;;;;Развитие личности;invisibly;;ru;;
dA9F4uMajqyWC9wPC;Ментальная арифметика;Бобкова Наталья;ywqNgcfBqasmhPPpf;6;12;Доступно;1;;ZrMcJWpQ9Car7urbc;"Windows, MacOS, Linux, ChromeOS";;;"Индивидуальный, Индивидуально-групповой, Групповой";"Мы научимся считать на абакусе и в уме, развивая внимание, память и скорость мышления. Курс помогает ребёнку стать собраннее, увереннее и быстрее решать школьные и жизненные задачи.";https://itgen.io/doshkolnye-programmy-dlya-detey/mentalnaya-arifmetika;https://itgen.io/mental_gena;;"[#ментальная\_арифметика](https://itgenio.slack.com/archives/C016XEBJ0SG)

.

[ВИДЕОВИЗИТКА](https://drive.google.com/file/d/1uMEatO1FVt5oiYTlC2tDvX2lwGUHDA6s/view?usp=sharing)

.

[Визитка направления](https://editor.itgen.io/editor/_S8DSAIHiBRwvo).

На англе уже есть тренажер, и материалы первых двух блоков переведены. Есть немного тренеров.

**.**

**🔢 Ментальная арифметика — тренировка мозга и быстрый счёт**

Ментальная арифметика — это методика развития внимания, памяти, концентрации и логики через решение примеров на специальных счетах — абакусе.

Ребёнок не только научится быстро и точно считать в уме, но и станет внимательнее, усидчивее и увереннее при решении школьных задач.

.

**Почему ментальная арифметика полезна**

*   Развивает мозг комплексно. Тренируются обе полушария мозга, развивается воображение, гибкость мышления и способность к анализу.
*   Даёт заметный результат в жизни. Ребёнок быстрее выполняет школьные задания, увереннее работает с числами и становится более собранным.
*   Обучение в игровой форме. Курс построен как путешествие с Айтигеником в город Ментальск. Игровой формат помогает учиться с интересом, даже маленьким детям.

.

**🎓 Чему научим**

*   Считать на абакусе — сложение, вычитание, умножение и деление
*   Развивать образное мышление через «визуализацию» чисел на счетах
*   Решать примеры ментально, в уме
*   Концентрироваться на задаче и работать без отвлечений

.

**🎯 Что получит ребёнок**

*   Быстрый устный счёт в пределах школьной программы
*   Улучшение памяти, внимания, концентрации
*   Навык работы с абакусом и «ментальной картой» (виртуальных счетов в голове)
*   Повышенную уверенность в своих силах

.

**🚀 Дальнейшие шаги**

После прохождения курса ребёнок может:

*   Записаться на направление Мнемотехники, чтобы развить память и запоминание.

.

**✨ Вау-эффект**

*   Замечательное улучшение умственных способностей, внимания и усидчивости
*   Родители видят прогресс уже в первые месяцы
*   Ребёнок чувствует себя увереннее на уроках математики и в играх, где важна скорость реакции

.

**📚 Программа курса — от 75 часов**

*   Базовый уровень (сложение и вычитание): от 44 до 92 часов
*   Полный курс (с умножением и делением): в среднем 128 часов

.

**💡 Особенности курса**

*   Абакус обязателен — нужен к 4–6 занятию (одна косточка сверху, четыре снизу)
*   Можно записывать детей с 4–5 лет, но только по согласованию с тренером и на ИФ
*   Умение читать не обязательно, главное — понимать русский язык и уметь общаться
*   Со 2–3 занятия тренер может попросить распечатать или нарисовать «ментальную карту»

.

*Менталку можно **изучать на ""Подготовке к школе""**, но только у Собакиной и Бондарик!*

[Описание направления](https://drive.google.com/file/d/1qJgxoGjdobjoNs6pInPwfWYmlhh9MFSH/view)

[Памятка для админов](https://drive.google.com/file/d/1414cCXzDVDPPBa6E14og4YH2HkTvnbSF/view?usp=drivesdk)

Уметь читать не обязательно, главное, чтобы ребенок понимал русский язык и общался.

.

ИФ на англ к Довженку \+ Храпунова ведет еще ИГФ, но групп мало";1.2;1.2;1;1;Нет;;Да;;Развитие личности;visible;;"ru, en, es";"ru, en";
G4ZpJv4o9JW39KAcj;Ментальная арифметика 30;Бобкова Наталья;ywqNgcfBqasmhPPpf;6;12;invisibly;1;;;"Windows, MacOS, Linux, ChromeOS";;;Индивидуальный;"Курс для детей, которые хотят научиться быстро считать в уме. Ученик узнает, как считать на абакусе. Направление рекомендовано для развития творческого и аналитического мышления, концентрации внимания, воображения, логики, мелкой моторики.";https://itgen.io/doshkolnye-programmy-dlya-detey/mentalnaya-arifmetika;;;[Памятка для родителей!](https://drive.google.com/file/d/1414cCXzDVDPPBa6E14og4YH2HkTvnbSF/view?usp=drivesdk) - ОБЯЗАТЕЛЬНО высылать родителю до урока!;0.8;0.8;0.7;1;Нет;;;;Дошкольные программы;invisibly;;ru;;
GAqQhv2gsKB59X7Gy;Менторство;Гасс Валерия;nybd67k5hrrJ6FYD7;15;;invisibly;2;;;"Windows, MacOS, Linux, ChromeOS";;;"Индивидуальный, Групповой, Индивидуально-групповой";"Передача знаний, опыта, ведущая к профессиональному развитию и прогрессу, раскрытию потенциала и личностному росту каждого тренера-профессионала.";;;;;1;1;1;1;Нет;;;;Развитие личности;invisibly;;"ru, en";;
zeThvaKyJvyBadjGn;Мини-курсы;;DTNL3rL2JCXzMrTd7;10;;invisibly;1;;;"Windows, MacOS, Linux, ChromeOS";;;Индивидуальный;Поможем вашему ребенку сделать домашнее задание по предметам начальной школы;https://itgen.io/schoolhomwork;;;;1;1;1;1;Нет;;;;Развитие личности;invisibly;;ru;;
pKP9hKwD9hNyYtYKN;Мнемотехника;Бобкова Наталья;ywqNgcfBqasmhPPpf;10;;Доступно;1;;;"Windows, MacOS, Linux, ChromeOS";;;"Групповой, Индивидуальный";"Курс для детей и взрослых, которые хотят научиться запоминать большие объемы информации и готовиться к экзаменам без зубрёжки. В результате ученик освоит приёмы быстрого запоминания стихотворений, иностранных слов, формул и других видов информации.";https://itgen.io/razvivayushchie-programmy-dlya-detey/mnemotekhnika;https://itgen.io/mnemotekhnika_itgenio_gena;;"**.**

[Визитка направления](https://editor.itgen.io/editor/ogKh0dYBfu6M7y)**.**

**Чему научим?**

- удерживать внимание.

- эффективно работать с информацией.

- быстро запоминать любую информацию: таблицы, формулы, иностранные и словарные слова, стихотворения, страны и столицы.

.

**Особенности в обучении?**

На занятиях по мнемотехнике мы не только учимся запоминать информацию, но и развиваем концентрацию и внимательность, уделяем время развитию воображения, делаем кинезиологические упражнения, что в целом положительно влияет на работу мозга и помогает как в учёбе, так и в повседневной жизни.

.

**Курс доступен в двух вариантах:**

1\. Групповые занятия - интенсив (16 уроков)

2\. Углубленный рассчитанный на 30 уроков проводиться в Индивидуальном формате. При желании в ИФ можно пройти и сокращенный курс интенсива (16 занятий), а так же построить программу под запросы ученика.

.

**Что на пробном уроке?**

Знакомимся с понятием мнемотехника. Тестируем свою визуальную память.

Сразу опробует на себе техники запоминания :

- текстовой информации ( на примере списков слов),

- китайских иероглифов (цифры)

- цифровой информации (на примерах запоминания интересных фактов)

- флагов и стран

Так же выполняет много заданий для развития внимания.

.

**Результат в конце курса какой?**

Всего за 16 -30 уроков вы узнаете приёмы мнемотехники и научитесь применять их на практике в повседневной жизни для легкого и быстрого запоминание всех видов информации, используя ассоциации и зрительные образы. Сможете быстрее учить новые языки. Научитесь эффективно работать с информацией, запоминать большие объёмы информации сразу после 1-2 повторений. Сможете запомнить все пароли, номера телефонов и карт. Научитесь запоминать качественно и надолго Прокачаете визуальное, творческое мышления и внимание. Научитесь запоминать системно. Станете умнее.

.

**Вау эффект какой?**

Легкое и быстрое запоминание информации, используя ассоциации и зрительные образы.  Владеющий приемами запоминания человек, знает больше, чем его сверстники. На учебу он тратит гораздо меньше времени. Методы мнемотехники позволяют детям учиться с удовольствием. Обретая положительный опыт и радость первых достижений, ребенок получает сильнейший заряд мотивации, благодаря которому сможет как губка впитывать новые знания и развиваться всю жизнь.

.

Для записи детей обязательные требования: навык чтения и знание цифр, умение работать с мышкой. Возраст. от 8 до бесконечности)) ГФ с 10

ИФ с 8 лет.

Курс состоит. Иф: 30 занятий ( продвинутый), возможен упрощённый курс ( 16 занятий). Гф: 16 занятий.

[Программа 16 занятий в ГФ или ИФ](https://docs.google.com/document/d/1THVqfYcYC8_m1edSpp8SifqCoyiXguwJJqxYTx1X83g/edit#).";1;1;1;1;Нет;;Да;;Развитие личности;visible;;"ru, en, es";ru;
jqKnS3k2aYnN3bq72;Мнемотехника 30;Бобкова Наталья;ywqNgcfBqasmhPPpf;8;10;invisibly;1;;;"Windows, MacOS, Linux, ChromeOS";;;Индивидуальный;"Курс для детей и взрослых, которые хотят научиться запоминать большие объемы информации на занятиях по 30 минут.";https://itgen.io/razvivayushchie-programmy-dlya-detey/mnemotekhnika;;;;1;1;0.7;1;Нет;;;;Дошкольные программы;invisibly;;ru;;
gkaxcBzWComBXHJPT;Мобильный видеомонтаж;Вишневецкая Александра;kqhRM9KRgfvetQsw5;8;;invisibly;1;;;"Windows, MacOS, Linux, ChromeOS";"Android, iPad";;Индивидуальный;"Курс, в котором ребёнок учится монтировать видео в CapCut, снимать по сценарию, повторять популярные тренды и публиковать свои ролики на платформы — TikTok, YouTube Shorts, Likee.";https://itgen.io/mobilniy-videomontage;;;"[Вся важная оргинфо тут](https://www.notion.so/CapCut-26a40dee497d80508500e62fc4262985).

.

Когда клиент оплатил, передаём заявку Саше Щегуренковой в чате #мобильный-видеомонтаж-ассинхронный-курс

.

ЭТО АССИНХРОННЫЙ КУРС, РЕБЁНОК ПРОХОДИТ ЕГО САМОСТОЯТЕЛЬНО И ТОЛЬКО ПОЛУЧАЕТ ОС ОТ ТРЕНЕРА.

.

Записываем новых клиентов после пробного, кому дорого или нет компа.

.

[#мобильный-видеомонтаж-ассинхронный-курс](https://itgenio.slack.com/archives/C0974P5D4EQ). - чатик с тренерами

.

**Ответственна за учеников на курса** **Саша Щегуренкова**\*\*.\*\*

.

**🧩 Для кого этот курс?**

1\. Новые клиенты с ограниченным бюджетом.

*   У семьи есть только 20–30 долларов в месяц на обучение. У ребёнка только мобильный телефон, нет доступа к ПК

.

2\. Перерывники и ""отваляшки"" после пробного урока.

*   Родители отказались от обучения из-за того, что «дорого».
*   Хотели учиться с мобильного телефона, но большинство направлений требует ПК
*   Искали направление по видеомонтажу с телефона, но не нашли

.

3\. Текущие клиенты, которые хотят попробовать что-то новое недорого.

*   Ребёнок уже учится, но увлекается творчеством и блогингом. Хочет научиться монтировать свои видео прямо на телефоне

**.**

**🚀 Как проходит курс**

*   Ребёнок смотрит уроки самостоятельно
*   Выполняет контрольный мини-проект
*   Тренер проверяет задание и даёт обратную связь в течение 2 рабочих дней
*   Открывается следующий модуль, и ребёнок продолжает
*   Финал — публикация видео на платформу (по желанию)

.

📺**Программа:**

**.**

**Модуль 1 Монтаж видео для Tik-Tok 1-2 часа (вместе с выполнением задания):**

Учимся работать с CapCut, используя готовые исходники. Ребёнок проходит весь цикл монтажа: от импорта до публикации.

.

**Модуль 2 Edit по любимой игре, 4 часа (вместе с выполнением задания):**

Разбираем структуру популярных эдитов, учимся синхронизировать видео с музыкой, применять эффекты и собирать яркий ролик в вертикальном формате.

.

**Модуль 3 Моё видео: тренд-видео The Color Walk, 4 часа (вместе с выполнением задания):**

Ребёнок сам снимает и монтирует короткий ролик — от подготовки телефона до съёмки и монтажа. Учится снимать вдумчиво и осознанно.

.

**Модуль 4 Публикуем работу, 1 час (вместе с выполнением задания):**

Финальный штрих — учимся публиковать видео как настоящие блогеры: выбираем платформу, оформляем обложку и теги, загружаем видео в сеть.

.

**Подарок!**

**Секреты популярных видео**

**\+ сертификат о завершении курса**

**.**

🧠**КАК ПРОХОДИТ ЗАПИСЬ?**

Родитель готов купить -\> Админ переключает тариф в ЛК и  кидает ссылку на пакет, после этого возвращает тариф -\> ученику заводят заметку ""Ученик Мобильного видеомонтажа-\> ученика передают Саше Щегуренковой, чтобы она создала ученику аккаунт, довела до платформы -\> ученик учится, выполняет задания, после контрольный проектов получает ОС от тренера в течение 2х дней -\> после окончания курса Саша Щегуренкова выдаёт ученику сертификат, собирает ОС от родителя и ученика, возвращает послепробникам (если ученик новый для школы) или текущикам (если ученик текущий) чтобы допродать новые направления.

.

Ученика идентифицируем, как раньше - по заметке. Если это новый ученик для школы, нам важно, чтобы он остался в статусе ""было пробное"", если это текущий ученик - этот курс тоже не должен как-то по особому учитываться в прогрессе в гене, потому что по факту он у нас выполняет роль недорогого лид-магнита.

У нас нет цели отбражать его количество часов (потому что он не занимается в нашей школе в классическом понимании), прогресс платформе.";1;1;1;1;Нет;;;;Дизайн и творчество;invisibly;;ru;;
QhmbsiR9pTPwbEenX;Навыки общения: junior;Бобкова Наталья;ywqNgcfBqasmhPPpf;7;10;Доступно;1;;;"Windows, MacOS, Linux, ChromeOS";;;Групповой;"🎯 Научимся уверенно общаться, заводить друзей и понимать других!
Будем говорить, слушать, смеяться и играть в ролевые ситуации — узнаем, как выражать эмоции, решать конфликты и быть классным собеседником.";https://itgen.io/komunicativnie-naviki;https://itgen.io/komunicativnie-naviki;;"**💬 Навыки общения (junior) — учимся говорить, слушать и понимать друг друга**

.

Общение — это важнейший навык XXI века. Умение выражать свои мысли, понимать эмоции других и выстраивать позитивные отношения помогает ребёнку чувствовать себя уверенно и в школе, и в жизни.

Курс «Навыки общения» научит ребёнка говорить так, чтобы его слушали, слушать — чтобы понимать, и дружить — с уважением и добротой.

.

**🌟 Почему курс важен**

*   🧠 Развитие эмоционального интеллекта. Ребёнок научится узнавать, называть и выражать эмоции, понимать чувства других и общаться бережно.
*   💬 Уверенность в общении. Курс поможет научиться представляться, начинать разговор и поддерживать его в разных ситуациях.
*   👫 Навык взаимодействия в группе. В процессе занятий дети учатся слушать друг друга, высказывать мнение, задавать вопросы и уважать личные границы.
*   😌 Профилактика конфликтов и буллинга. Ребёнок поймёт, как действовать в спорных ситуациях, выражать обиды словами и мирно решать конфликты.

**🎓 Чему научим**

*   Начинать и поддерживать разговор в разных ситуациях
*   Использовать речь, жесты, мимику и голос уместно
*   Делать и принимать комплименты
*   Узнавать и выражать эмоции через «я-сообщения»
*   Различать открытые и закрытые вопросы
*   Активно слушать и давать обратную связь
*   Понимать и уважать личные границы
*   Находить спокойные и эффективные решения в конфликтах

**🧩 Что получит ребёнок**

*   Уверенность в себе и в общении со сверстниками
*   Умение выражать эмоции без обид и криков
*   Навык слушать и понимать собеседника
*   Доброжелательность и открытость в диалоге
*   Новых друзей и позитивный опыт общения

**✨ Вау-эффект**

Даже самые застенчивые ребята начинают свободно выражать мысли, уверенно выступать и лучше понимать других людей.

Дети чувствуют себя комфортно в общении и начинают с радостью участвовать в разговорах, дискуссиях и командных играх.

**📚 Программа курса (для детей 7–10 лет)**

.

🗓 **16 занятий, 2 раза в неделю**

👧 **Формат:** групповой (если родитель хочет ИФ - отправляем на направление для индивидуальных занятий)

.

1.  Знакомство — учимся представляться и знакомиться
2.  Мимика и жесты — как передавать эмоции без слов
3.  Первое впечатление — как произвести приятное впечатление
4.  Я-сообщения — как говорить о себе без обид
5.  Эмоциональная подстройка — учимся понимать эмоции других
6.  Комплименты — как хвалить искренне и приятно
7.  Открытые и закрытые вопросы — учимся поддерживать разговор
8.  Искусство слушать — что значит быть хорошим слушателем
9.  Дружба — как строить добрые и долгие отношения
10.  Обиды — как говорить о чувствах и прощать
11.  Вежливый отказ — как сказать «нет» без грубости
12.  Конфликты — как искать компромисс
13.  Конфликты level up — как выбирать стратегию поведения
14.  Буллинг — что это и как на него реагировать
15.  Правда или ложь — как отличать фейки и не поддаваться на обман
16.  Финальный квест — ролевая игра и обратная связь от тренера

**🧠 Как оцениваем прогресс**

Тренер наблюдает за ребёнком на каждом занятии и отмечает развитие следующих навыков:

*   выражение эмоций и уверенность в общении
*   экологичное взаимодействие с другими
*   умение слушать, задавать вопросы и соблюдать правила группы
*   Родителям даётся обратная связь о прогрессе в середине и в конце курса.

**🚀 Дальнейшие шаги**

После курса ребёнок сможет продолжить развитие soft skills на направлениях:

*   🗣 Другие мини-курсы по мягким навыкам
*   📚 Книжный клуб — учимся рассуждать и выражать мысли
*   🧠 Мнемотехника и ментальная арифметика — развитие внимания и памяти";1;1;1;1;Нет;;Да;;Групповые занятия;visible;;ru;ru;
pGcW9Fevtpmkmvfwa;Навыки общения: teens;Бобкова Наталья;ywqNgcfBqasmhPPpf;11;;Доступно;1;;;"Windows, MacOS, Linux, ChromeOS";;;Групповой;"💬 Научимся уверенно говорить, слушать и понимать других!
Будем разбираться в эмоциях, учиться отстаивать границы, решать конфликты без ссор и находить общий язык с любыми людьми.";https://itgen.io/komunicativnie-naviki;https://itgen.io/komunicativnie-naviki;;"💬 Навыки общения (teens) — учимся говорить уверенно и понимать людей

Общение — ключ к успеху в школе, команде, дружбе и будущем.

Этот курс помогает подросткам научиться выражать свои мысли, понимать других, решать конфликты без споров и уверенно взаимодействовать с людьми в любой ситуации.

**🌟 Почему курс важен**

*   🧠 Развитие эмоционального интеллекта. Подростки учатся понимать себя и других, управлять эмоциями и выражать их экологично.
*   🗣 Навык уверенного общения. Как начать разговор, выразить мнение, отстоять границы и при этом не ссориться — всё это часть программы.
*   👥 Работа в группе и командное взаимодействие. Подростки тренируются общаться, высказываться и слушать других, учатся видеть разные точки зрения.
*   💬 Решение конфликтов и защита от манипуляций. На курсе разбираются реальные ситуации: споры, буллинг, давление. Ученики осваивают стратегии спокойного и эффективного поведения.

**🎓 Чему научим**

*   Общаться уверенно и уважительно в любых ситуациях
*   Управлять эмоциями и использовать «я-сообщения»
*   Распознавать манипуляции и сохранять личные границы
*   Уметь слушать, задавать вопросы и давать обратную связь
*   Развивать критическое мышление и распознавать фейки
*   Конструктивно решать конфликты и договариваться
*   Строить здоровые отношения с друзьями, родителями и учителями

**🧩 Что получит подросток**

*   Уверенность в себе и в общении
*   Навык выстраивания зрелых, доверительных отношений
*   Способность спокойно выражать мнение и слушать других
*   Эмоциональную устойчивость и осознанность
*   Опыт командного взаимодействия и лидерства

**✨ Вау-эффект**

Подростки начинают свободно говорить, обсуждать и выражать своё мнение без страха быть непонятыми.

Они учатся уважать себя и других, видеть границы и уверенно реагировать на сложные ситуации в школе, семье и интернете.

📚 Программа курса (для подростков 11\+ лет)

🗓 16 занятий, 2 раза в неделю

👥 Формат: групповой (ГФ) — совместное обучение и обсуждение

🧑‍🏫 Возможен индивидуальный формат (ИФ) по запросу - отправляем на направление для ИФ

1.  Знакомство — как представляться и находить общий язык
2.  Саморегуляция — учимся управлять эмоциями и стрессом
3.  Я-сообщения — говорим о чувствах без обид и конфликтов
4.  Эмоциональная подстройка — понимание эмоций других людей
5.  Первое впечатление — как произвести его осознанно
6.  Активное слушание — пять приёмов для эффективного общения
7.  Типы вопросов — как управлять диалогом и вести разговор
8.  Толерантность — как уважать различия и избегать стереотипов
9.  Языки любви — понимание себя и других через внимание и поддержку
10.  Критика и обратная связь — как давать и принимать конструктивно
11.  Личные границы — как говорить «нет» спокойно и уверенно
12.  Структура конфликта — что происходит, когда мы ссоримся
13.  Стратегии поведения — пять способов решать конфликты
14.  Манипуляции — как распознать и защитить себя
15.  Буллинг и газлайтинг — как реагировать и где искать поддержку
16.  Финальный тренинг — ролевая игра и обратная связь от тренера

**🧠 Как оцениваем прогресс**

Тренер наблюдает за развитием ключевых soft skills:

*   уверенность и саморегуляция;
*   экологичное взаимодействие и уважение границ;
*   навык слушания и обратной связи;
*   способность работать в группе.

Родители получают отчёт о прогрессе и рекомендации по развитию ребёнка.

**🚀 Дальнейшие шаги**

После курса подросток может продолжить развивать навыки общения и уверенности на направлениях:

*   🗣 Другие мини-курсы по мягким навыкам
*   🎤 Профориентация";1;1;1;1;Нет;;Да;;Групповые занятия;visible;;ru;ru;
BDNyEhcytGYB2FPQb;Нейродиагностика;Суховерхая Диана;mXdmrwKXC2BG3zbBA;6;;invisibly;1;;;"Windows, MacOS, Linux, ChromeOS";"Android, iPad";;Индивидуальный;"Нейродиагностика – это комплексная оценка когнитивных функций ребенка. Нейропсихолог проводит детальное исследование памяти, внимания, мышления и восприятия. 
Подходит для проверки готовности ребенка к школе.";;;"Что касается направлений, я могу предложить ИмяУ пройти нейродиагностику!
Это профессиональная диагностика когнитивных функций, которая поможет понять, как работает мозг ребенка, какие способности развиты лучше всего, а над чем стоит поработать. Нейропсихолог проведет комплексное обследование памяти, внимания, мышления и других важных функций.
По результатам диагностики вы получите подробное заключение с рекомендациями: какие направления развития выбрать, на что обратить внимание в обучении, как лучше поддержать ребенка дома.
Диагностика проходит индивидуально в комфортной для ребенка обстановке.
Как думаете, будет ли полезно ИмяУ пройти такую диагностику ?";"#Нейродиагностика

СТОИМОСТЬ – 2ИФ (как на психологической консультации);

Проведем комплексную оценку когнитивных функций: память, внимание, мышление, восприятие, речевые функции, пространственные представления, исполнительные функции.

Поможем проверить готовность ребенка к школе, выявить особенности развития.

Занятия проходят в игровом формате;

Что на диагностической сессии?

Подробное обследование всех когнитивных функций и психологической готовности к школе;

Развернутая обратная связь родителям;

Результат диагностики?

Выявление сильных сторон и зон развития

Индивидуальные рекомендации по обучению и развитию

Рекомендации по выбору дополнительных направлений

Вау-эффект?

Родители получают четкое понимание особенностей своего ребенка и конкретный план действий для максимального раскрытия его потенциала.

Программа: однократная диагностическая сессия;

Ключевые слова: нейропсихологическая диагностика, когнитивные функции, психологическое обследование, развитие ребенка, индивидуальные рекомендации";1.6;1.6;1.6;1.6;Нет;;;;Развитие личности;invisibly;;ru;;
wuiYB72Nr53Jwswif;Нейрозанятия;Суховерхая Диана;mXdmrwKXC2BG3zbBA;5;;onlyAdmin;1;;;"Windows, MacOS, Linux, ChromeOS";"Android, iPad";;Индивидуальный;"Занятия ведет нейропсихолог: он выстраивает индивидуальную программу для развития памяти, внимания, концентрации, мышления через игру.";https://itgen.io/nejrozanyatiya;;"Что касается направлений, я могу предложить _ИмяУ_ попробовать нейрозанятия!

Это современный подход к развитию мышления, который помогает детям прокачать память, внимание, логику и креативность. Тренировка мозга способствует не только улучшению всех когнитивных функций, но и облегчает процесс обучения чему угодно!  После таких тренировок дети лучше усваивают информацию, становятся собраннее и увереннее в своих силах.

Более того, занятия проходят индивидуально, поэтому все внимание нейропсихолога будет уделено _ИмяУ_.

Как думаете, _ИмяУ_ понравится развивать суперспособности своего мозга?";"**#Нейрозанятия**

**ПРОДОЛЖИТЕЛЬНОСТЬ ЗАНЯТИЯ – 50 МИНУТ** 

**
**

ЗАКРЫЛИ НЕЙРОДИАГНОСТИКУ, ТЕПЕРЬ ДАЖЕ ПРИ РАЗОВОМ ЗАПРОСЕ ВЕДЕМ НА НЕЙРОЗАНЯТИЯ.

ПРОБНИКОВ ВЕДЕМ СРАЗУ НА ПЛАТНОЕ ЗАНЯТИЕ! СТОИМОСТЬ: 1ИФ

НА ПРОБНОЕ НУЖНЫ: ЛИСТЫ БУМАГИ (ТЕТРАДЬ В КЛЕТКУ), КАРАНДАШ И ЛАСТИК

Чат направления [#нейрозанятия-запись](https://itgenio.slack.com/archives/C09L2UQC03G)

**Что нужно для занятий:**

Для занятия понадобятся: листы бумаги, карандаш, ластик.

**Чему научим?**

Научим эффективно использовать возможности своего мозга: улучшать память, концентрировать внимание, быстро обрабатывать информацию и развивать гибкость мышления.

**Особенности обучения?**

ИФ — нейропсихолог работает с конкретными запросами ребенка после диагностики;

**Что на пробном уроке?**

Подробная нейродиагностика: смотрим, на какие когнитивные функции стоит сделать упор в занятиях, какие дополнительные направления можно посоветовать ребенку; Развернутая обратная связь родителям;

**Результат в конце курса?**

- Улучшенные когнитивные способности

- Навыки эффективного запоминания

- Повышенная концентрация внимания

- Индивидуальные рекомендации по развитию мышления

**Вау-эффект?**

Ребенок начинает замечать, как легко дается учеба, появляется уверенность в своих интеллектуальных способностях и желание развиваться дальше.

**Программа курса:** выстраивается индивидуально в зависимости от запроса. 1-2 занятия в неделю;

**Ключевые слова:** развитие мозга, когнитивные навыки, улучшение памяти, концентрация внимания, нейроупражнения;";1.1;1.1;1.1;1.1;Нет;;Да;;Развитие личности;onlyAdmin;;ru;ru;
77EA8Qi4P99hzrW3o;Нейрозанятия 30;Суховерхая Диана;mXdmrwKXC2BG3zbBA;5;;invisibly;1;;;"Windows, MacOS, Linux, ChromeOS";"Android, iPad";;Индивидуальный;"Занятия ведет нейропсихолог: он выстраивает индивидуальную программу для развития памяти, внимания, концентрации, мышления через игру;";https://itgen.io/nejrozanyatiya;;"Что касается направлений, я могу предложить _ИмяУ_ попробовать нейрозанятия!

Это современный подход к развитию мышления, который помогает детям прокачать память, внимание, логику и креативность. Тренировка мозга способствует не только улучшению всех когнитивных функций, но и облегчает процесс обучения чему угодно!  После таких тренировок дети лучше усваивают информацию, становятся собраннее и увереннее в своих силах.

Более того, занятия проходят индивидуально, поэтому все внимание нейропсихолога будет уделено _ИмяУ_.

Как думаете, _ИмяУ_ понравится развивать суперспособности своего мозга?";"#Нейрозанятия

ЗАКРЫЛИ НЕЙРОДИАГНОСТИКУ, ТЕПЕРЬ ДАЖЕ ПРИ РАЗОВОМ ЗАПРОСЕ ВЕДЕМ НА НЕЙРОЗАНЯТИЯ.

ПРОБНИКОВ ВЕДЕМ СРАЗУ НА ПЛАТНОЕ ЗАНЯТИЕ! 

СТОИМОСТЬ: 1ИФ

НА ПРОБНОЕ НУЖНЫ: ЛИСТЫ БУМАГИ (ТЕТРАДЬ В КЛЕТКУ), КАРАНДАШ И ЛАСТИК

**Что нужно для занятий:**

Для занятия понадобятся: листы бумаги, карандаш, ластик.

**Чему научим?**

Научим эффективно использовать возможности своего мозга: улучшать память, концентрировать внимание, быстро обрабатывать информацию и развивать гибкость мышления.

**Особенности обучения?**

ИФ — нейропсихолог работает с конкретными запросами ребенка после диагностики;

**Что на пробном уроке?**

Подробная нейродиагностика: смотрим, на какие когнитивные функции стоит сделать упор в занятиях, какие дополнительные направления можно посоветовать ребенку; Развернутая обратная связь родителям;

**Результат в конце курса?**

- Улучшенные когнитивные способности

- Навыки эффективного запоминания

- Повышенная концентрация внимания

- Индивидуальные рекомендации по развитию мышления

**Вау-эффект?**

Ребенок начинает замечать, как легко дается учеба, появляется уверенность в своих интеллектуальных способностях и желание развиваться дальше.

**Программа курса:** выстраивается индивидуально в зависимости от запроса. 1-2 занятия в неделю;

**Ключевые слова:** развитие мозга, когнитивные навыки, улучшение памяти, концентрация внимания, нейроупражнения;";0.7;0.7;0.7;0.7;Нет;;;;Развитие личности;invisibly;;ru;;
j5LivFPE36Ehu2wWb;Нейронс. Веселая математика;Савчик Светлана;f4RxThzxJN6oLnuCy;6;9;invisibly;1;;;"Windows, MacOS, Linux, ChromeOS";;;"Индивидуальный, Групповой";"Цель: научиться считать в уме, решать и составлять задачи, сформировать навыки умножения и деления, решать простые уравнения.
Результаты уже после пятого занятия!";;;;Курс Нейронс: [https://neyrons.com/veselaya-matematika](https://neyrons.com/veselaya-matematika);1;1;1;1;Нет;;;;Школьные предметы;invisibly;;ru;;
JwNSykgprjbaMvZAh;Нейронс. Пишем грамотно;Савчик Светлана;f4RxThzxJN6oLnuCy;7;11;invisibly;1;;;"Windows, MacOS, Linux, ChromeOS";;;"Индивидуальный, Групповой";"Цель: научить ребенка писать красиво, грамотно и без ошибок, превращая процесс обучения в увлекательное приключение в мир русского языка.
Сочинения, изложения и диктант на «5»!";;;;Курс школы Нейронс: [https://neyrons.com/pishem-gramotno](https://neyrons.com/pishem-gramotno);1;1;1;1;Нет;;;;Школьные предметы;invisibly;;ru;;
3nbgkBKyg7uYfBMr8;Нейронс. Подготовка к школе;Савчик Светлана;f4RxThzxJN6oLnuCy;5;7;invisibly;1;;;"Windows, MacOS, Linux, ChromeOS";;;"Индивидуальный, Групповой";"Цель: научиться читать, считать и решать примеры в пределах 10, решать простые задачи, развить логику и воображение, быть готовым к 1 классу";;;;Курс школы Нейронс: [https://neyrons.com/gotov\_k\_shkole](https://neyrons.com/gotov_k_shkole);1;1;1;1;Нет;;;;Дошкольные программы;invisibly;;ru;;
adThpTpEFQznCLNJk;Нейронс. Развитие памяти;Савчик Светлана;f4RxThzxJN6oLnuCy;7;9;invisibly;1;;;"Windows, MacOS, Linux, ChromeOS";;;"Индивидуальный, Групповой";"Цель: научиться запоминать прочитанный текст, любые исторические даты, имена, названия городов и рек, события, повысить успеваемость в школе.
Результаты уже после первого занятия!";;;;Курс школы Нейронс: [https://neyrons.com/razvitie-pamyati](https://neyrons.com/razvitie-pamyati);1;1;1;1;Нет;;;;Развитие личности;invisibly;;ru;;
2679A987fKX92WaKQ;Нейронс. Скорочтение;Савчик Светлана;f4RxThzxJN6oLnuCy;7;12;invisibly;1;;;"Windows, MacOS, Linux, ChromeOS";;;"Индивидуальный, Групповой";"Цель: научиться читать минимум в 3 раза быстрее с пониманием прочитанного, улучшить дикцию, развить способность обучаться самостоятельно";;;;Курс школы Нейронс: [https://neyrons.com/skorochtenie](https://neyrons.com/skorochtenie);1;1;1;1;Нет;;;;Развитие личности;invisibly;;ru;;
rPAXjmPwN4M5rukHP;Нейронс. Скорочтение 2.0;Савчик Светлана;f4RxThzxJN6oLnuCy;12;;invisibly;1;;;"Windows, MacOS, Linux, ChromeOS";;;"Индивидуальный, Групповой";"Цель курса: вывести скорость чтения ребёнка на новый уровень, научить выделять главное, анализировать текст и удерживать внимание. Мы прокачиваем память, концентрацию и навыки быстрого восприятия, чтобы ребёнок уверенно справлялся с любыми задачами.";;;;Курс школы Нейронс: [https://neyrons.com/skorochtenie-2-0](https://neyrons.com/skorochtenie-2-0);1;1;1;1;Нет;;;;Развитие личности;invisibly;;ru;;
bX7L2coxoiryQ2gkg;Нейронс. Таблица умножения;Савчик Светлана;f4RxThzxJN6oLnuCy;7;10;invisibly;2;;;"Windows, MacOS, Linux, ChromeOS";;;"Индивидуальный, Групповой";"Цель: понять логику таблицы умножения без зубрежки, решать примеры на умножение и деление в уме, решать уравнения, повысить успеваемость в школе.
Результаты уже после первого занятия!";;;;Курс Нейронс: [https://neyrons.com/tablica-umnozheniya](https://neyrons.com/tablica-umnozheniya);1;1;1;1;Нет;;;;Школьные предметы;invisibly;;ru;;
5mgPhZryGRzXnbciq;Нейронс. Техника чтения;Савчик Светлана;f4RxThzxJN6oLnuCy;6;8;invisibly;1;;;"Windows, MacOS, Linux, ChromeOS";;;"Индивидуальный, Групповой";"Цель курса: научить ребёнка читать бегло, с пониманием и интересом — не по слогам, а осознанно и уверенно. Развить память, мышление, внимание — и главное, вернуть веру в себя, чтобы ребёнок с радостью учился и гордился своими успехами.";;;;Курс школы Нейронс: [https://neyrons.com/tehnika-chteniya](https://neyrons.com/tehnika-chteniya);1;1;1;1;Нет;;;;Школьные предметы;invisibly;;ru;;
Ae4X9pztFYoTNxW52;Нейронс. Учимся читать;Савчик Светлана;f4RxThzxJN6oLnuCy;5;6;invisibly;1;;;"Windows, MacOS, Linux, ChromeOS";;;"Индивидуальный, Групповой";"Цель курса: помочь ребёнку освоить навык чтения с нуля: выучить алфавит, уверенно складывать буквы в слова, читать по слогам простые тексты, понимать смысл прочитанного. Развить память, внимание и мышление, чтобы чтение стало для ребёнка удовольствие";;;;Курс школы Нейронс: [https://neyrons.com/uchimsya-chitat#popup:start-quiz11](https://neyrons.com/uchimsya-chitat#popup:start-quiz11);1;1;1;1;Нет;;;;Дошкольные программы;invisibly;;ru;;
peavDcTr4adFL7y7W;Нейросети;Санталова Анастасия;jGdXYkWDiCbFWLg6A;10;;Доступно;2;;XywgBjoZBZeQZe5Zc;"Windows, MacOS, Linux, ChromeOS";"Android, iPad";;"Индивидуально-групповой, Индивидуальный";"Научись управлять нейросетями и создавать свои проекты — от видео и музыки до игр и ассистентов! Ты не просто будешь пользоваться ИИ, а научишься задавать ему задачи, улучшать результат и делать крутые вещи, которыми хочется делиться 🚀";https://itgen.io/razvivayushchie-programmy-dlya-detey/nejroseti;https://itgen.io/nejroseti-gena;;"**[ВИДЕОВИЗИТКА](https://drive.google.com/file/d/1jOiXMSIX0NTvWhwtOmbBUJ7In1GOONBx/view?usp=sharing)**

.

.

Для ПРОБНОГО урока ОБЯЗАТЕЛЬНО нужна любая почта

[**ПАМЯТКА ДЛЯ РОДИТЕЛЯ**](https://drive.google.com/file/d/1yAYopjGprh6iCInUTFv0aIDiC7PVOiCx/view?usp=sharing)

.

[Визитка направления.](https://editor.itgen.io/editor/5mwc6ylPaX-5dd)

**.**.

🤖 Нейросети — навык будущего (10\+ лет)

Сегодня нейросети — это уже часть повседневной жизни. Они влияют на то, как дети учатся, работают и создают идеи. Наш курс по ИИ-грамотности объясняет, как превратить искусственный интеллект в осознанного помощника для решения любых задач, а не просто использовать его как исполнителя.

**Почему это актуально именно сейчас**

*   Фундаментальный навык. ИИ-грамотность становится одним из главных современных умений. Мы учим эффективно использовать любые нейросети, как бы часто они ни менялись.
*   Сотрудничество, а не замена. Ребёнок учится работать в связке с ИИ, чтобы создавать что-то новое, сохраняя свою уникальность и «авторский штурвал».
*   Развитие мышления. Курс тренирует навык критического анализа: ученик учится проверять факты на «вшивость», анализировать ошибки ИИ и дорабатывать результат по формуле: «запрос — результат — рефлексия».
*   Безопасность и гигиена. Мы обучаем правилам безопасности: какую информацию нельзя передавать ИИ и как распознать контент, используемый в мошеннических схемах.

**🎓 Чему мы научим**

*   Управлять любым ИИ. Писать грамотные промты (запросы) для текста, изображений, музыки и видео.
*   Создавать сложные проекты. Разбивать большую задачу на этапы и комбинировать несколько ИИ-инструментов для получения единого результата.
*   Понимать технологии. Изучим основы машинного обучения и принципы, по которым тренируются алгоритмы.
*   Делегировать задачи. Проектировать собственных ИИ-ассистентов с базой знаний и плейбуком для конкретных целей.

**🎯 Что получит ребёнок**

*   Практика в эксклюзивном тренажёре. Доступ к тренажёру Айтигенио, который анализирует промты и даёт подробную обратную связь по их улучшению.
*   Работа через агрегатор. Возможность использовать разные нейросети в одном интерфейсе через ChadGPT (для учеников предусмотрены лимиты на задания или скидка 15% на личную подписку по промокоду ITGENIO).
*   Портфолио проектов.От творческих видео и музыки до концепта собственной игры и работающего ИИ-ассистента.
*   Опыт обучения моделей. Практические навыки в среде Machine Learning for Kids, включая создание ИИ-игр (например, «Камень-ножницы-бумага»).

**.**

**✨ Что будет на пробном уроке**

Первое занятие — это полноценное погружение в возможности технологий. Ребенок не просто слушает теорию, а сразу переходит к практике:

*   Знакомство с миром ИИ: узнаем, где уже сейчас используются нейросети и какие задачи они помогают решать. Как изменились нейросети и как быстро они меняются, поиграем в игры.
*   Первый творческий проект: создание собственного видеоролика с помощью Искусственного Интеллекта, исходя из личных интересов и целей ученика.
*   Проба инструментов: возможность протестировать работу с нейросетями и понять, как они реагируют на запросы.

**⚙️ Как организован доступ (3 пути обучения)**

Из-за региональных ограничений мы предлагаем три варианта работы, чтобы обучение было комфортным:

**Путь 1: Ребенок НЕ из РФ и РБ.**

Работаем с нейросетями напрямую. Используем условно-бесплатные сервисы, которые выдают токены на день или месяц.

**Путь 2: Ребенок из РФ и РБ \+ VPN.**

Работаем напрямую через зарубежные сервисы. Наши администраторы всегда готовы помочь с настройкой VPN, если возникнут сложности.

**Путь 3: Ребенок из РФ и РБ БЕЗ VPN.**

Используем наш школьный агрегатор. Здесь есть два варианта:

*   Доступ от Айтигенио: предоставляется бесплатно с лимитами от тренера на каждый урок (хватит только на чёткое выполнение задания урока).
*   **Личная подписка на агрегатор (Рекомендуем):** дает ребенку полную свободу творчества и большее количество генераций.

**📧 Важные технические моменты**

*   Личная почта: Наличие личной почты у ребенка (любой, кроме временной.  Т.е. мейлру, яндекс, гугл - все подойдут) обязательно с первого занятия.
*   VPN: Если вы выбираете работу напрямую и ребёнок из РФ, нудно ОБЯЗАТЕЛЬНО заранее установить качественный VPN.

**📚 Программа курса — 32 часов**

(Адаптируется под темп и интересы ученика. В среднем прохождение занимает от 18 до 32 часов - всё зависит от темпа и интересов ребёнка, т.к. тренер может выстраивать индивидуальный трек)

Вводный модуль:

знакомство с миром ИИ и создание первого видеопроекта.

*   Блок «Создание с помощью ИИ» (16 часов): безопасность, алгоритмы промтов, работа с визуалом, музыкой и видео. Итоговый челлендж «Проект на заказ».
*   Блок «Машинное обучение лайт» (16 часов): обучение моделей, создание игр на базе ML и проектирование персонального ИИ-ассистента.

**📝 [Памятка для родителей - ОБЯЗАТЕЛЬНО](https://drive.google.com/file/d/1yAYopjGprh6iCInUTFv0aIDiC7PVOiCx/view?usp=sharing)!**

После ознакомительного занятия мы обязательно отправляем подробную памятку. В ней родитель найдёт полную программу обучения поурочно , советы о том, как правильно обсуждать ИИ с подростком , и наши подробные рекомендации по настройке доступов";1;1;1;1;Нет;;Да;;Развитие личности;visible;;"ru, en";"ru, en";
G8msboHhesugQL9gF;Нейросети для программирования;Санталова Анастасия;jGdXYkWDiCbFWLg6A;12;;onlyAdmin;2;;;"Windows, MacOS, Linux, ChromeOS";;;"Индивидуально-групповой, Индивидуальный";"Курс про то, как использовать нейросети для программирования. Ребенок научится писать, редактировать и улучшать код с помощью ИИ и использовать технологии во благо. Курс подходит для любого языка программирования.";https://itgen.io/nejroseti-dlya-programmirovaniya;;;"**Пробников не записываем!**

**Нужен VPN (для РФ и РБ, чтобы открывался ChatGPT) и Google-аккаунт!**

Важно, чтобы у ученика был опыт в программировании 30\+ часов и больше, язык программирования не важен (Python, Java, JavaScript, C#, HTML\+CSS и т.д.).

На курсе учим использовать нейросети для решения программистских задач: написания, редактирования и улучшения кода, тестирования кода, а также создания веб-приложений с помощью ИИ (элементы вайб-кодинга).

**Программа рассчитана на 6-10 часов, НО время прохождения сильно зависит от темпа ребенка (может понадобиться 10\+ часов):**

1\. ИИ-помощники в программировании (ChatGPT, GitHub Copilot, Replit AI)

2\. Искусство промпт-инжиниринга для программирования

3\. Что ИИ может, а что нет (""галлюцинации"" ИИ и безопасное использование ИИ, защита данных)

4\. Большой проект. Создаем веб-приложение с ИИ (планирование и рефакторинг)

5\. Создаем веб-приложение с ИИ часть 2 (создание и тестирование)";1;1;1;1;Нет;;;;Программирование;onlyAdmin;;"ru, en";"ru, en";
XZmAyrxY4BeZZB5dg;Нейросети и вайбкодинг: вебы;Атянин Евгений;HEdDJGT59MbEJB2LR;12;;onlyAdmin;2;;;"Windows, MacOS, Linux, ChromeOS";;;"Групповой, Индивидуально-групповой";"""Нейросети и вайбкодинг"" в вебинарном формате с блогером Евгением Атяниным.
На курсе ребенок:
- изучит безопасное использование нейросетей
- создаст два проекта с ИИ: историю с ИИ-персонажем и простую игру без знания навыков программирования;";;;;"11 вебинаров 60 минут.

**Для курса необходимы: VPN (для РФ, на всякий случай для РБ), Google-аккаунт,  Zoom, личная электронная почта, telegram**

Программа:

1.  Знакомство с ИИ и безопасность
2.  Текстовые нейросети и промпт-инжиниринг
3.  Визуализация истории
4.  Анимирование истории
5.  Атмосфера: голос, музыка, саундтрек
6.  Создание ИИ-аватара (рассказчик истории)
7.  Создание видео и сборка проекта
8.  Ввод в вайбкодинг
9.  Реализация игры
10.  QA-тестирование и путь моего проекта
11.  Подведение итогов \+ бонус: монетизация навыков";1;1;1;1;Нет;;;;Развитие личности;onlyAdmin;;ru;ru;
9mzhSJ4goftbTBH34;Нейросети: вебинары;Санталова Анастасия;jGdXYkWDiCbFWLg6A;7;;onlyAdmin;1;;;"Windows, MacOS, Linux, ChromeOS";;;Групповой;"Безопасное и увлекательное пространство, где подростки учатся не просто «пользоваться» нейросетями, а творить с их помощью.";-;;;"Направление для вебинаров по нейросетям. 

Создали для того, чтобы была возможность выставить настройку ""без оплаты тренеру"".";1;1;1;1;Нет;;;;Групповые занятия;onlyAdmin;;ru;ru;
Y6w69PWi4NHddNA7a;Немецкий язык;Платонова Алёна;LkzCDD2x8WaeKthXz;8;;Доступно;1;;;"Windows, MacOS, Linux, ChromeOS";"Android, iPad";;"Индивидуальный, Групповой";"На этом направлении мы научимся говорить, читать и понимать немецкий язык.
Будем обсуждать любимые темы — семью, школу, животных, еду, путешествия — и учиться вести простые диалоги.";https://itgen.io/kursy-inostrannyh-yazykov-dlya-detey/nemetskiy-yazyk;https://itgen.io/deutsch_gena;;"[#deutsch](https://itgenio.slack.com/archives/C01AL77T16X)

**🇩🇪 Немецкий язык — навык, который открывает двери в Европу**

**.**

Немецкий — это не просто иностранный язык. Это возможность учиться, путешествовать и общаться в самых развитых странах Европы. А для детей — это ещё и отличный тренажёр для памяти, логики и уверенности в разговоре.

.

Занятия проходят в дружелюбной атмосфере: мы много говорим, смотрим короткие видео, слушаем речь носителей и используем игровые задания, чтобы ребёнок не просто «учил правила», а действительно пользовался языком.

**⭐ Почему немецкий актуален именно сейчас**

*   Немецкий — один из самых востребованных языков в Европе. Он делает ребёнка увереннее в путешествиях и даёт доступ к огромному количеству культурных материалов: мультикам, книгам, видео.

*   Его удобно учить детям. Немецкий структурный, логичный и хорошо ложится на детское мышление. Правила понятные, а прогресс заметен быстро — это мотивирует.

*   Большие возможности в будущем. Знание немецкого помогает при поступлении в школы, гимназии, международные программы и может стать преимуществом при выборе профессии.

*   Занятия проходят интересно. Мы учим язык через бытовые ситуации, мини-диалоги, игры, проекты и обсуждение тем, близких детям — семья, школа, еда, животные, путешествия.

**🎓 Чему научим**

*   строить простые и уверенные предложения;
*   поддерживать диалог, задавать вопросы и отвечать на них;
*   понимать немецкую речь на слух (видео, диалоги, записи носителей);
*   читать и понимать тексты, подходящие по возрасту;
*   правильно произносить немецкие звуки;
*   рассказывать о себе, семье, увлечениях, школе, городе;
*   понимать культуру немецкоязычных стран.

**🎯 Что получит ребёнок**

*   уверенность в разговорном немецком;
*   улучшение школьных результатов;
*   умение общаться на бытовые темы и поддерживать диалог;
*   первые навыки понимания речи носителей;
*   расширенный словарный запас;
*   интерес к изучению языка и чувство успеха на уроках.

**🚀 Дальнейшие шаги**

После прохождения курса ребёнок сможет продолжить обучение в других направлениях школы, где пригодятся языковые навыки:

*   🎤 Вокал — где важна артикуляция, слух и уверенность
*   🧠 Мягкие навыки — умение говорить, слушать, презентовать
*   📚 Книжный клуб — чтение книг вместе с другими ребятами
*   🧩 Мнемотехника и ментальная арифметика — прокачка памяти и внимания

**📘 Программа обучения**

Мы учим детей 8–13 лет. Программа делится на два уровня:

.

**A1 — стартовый уровень (38 часов)**

Подходит детям от 8 лет и начинающим с нуля.

**Ребёнок сможет:**

*   рассказать о себе, семье и любимых вещах;
*   описывать комнату, школу, погоду, хобби;
*   понимать простые вопросы и отвечать на них;
*   поддерживать короткий бытовой диалог;
*   читать небольшие тексты и понимать основное.

Темы: семья, дом, школа, профессии, животные, еда, покупки, праздники, путешествия, хобби.

**A2 — продолжающий уровень (25 часов)**

Подходит детям от 12 лет с базой немецкого.

Ребёнок сможет:

*   рассказывать о своём дне и планах;
*   высказывать мнение и аргументировать его;
*   поддерживать диалог на темы спорт, здоровье, друзья, обучение;
*   описывать преимущества путешествий и жизни в разных странах;
*   обсуждать профессии и мечты.

Темы: Европа и страны, друзья, жизнь в городе и деревне, профессии, здоровье, увлечения.

**📝 Важные детали**

*   занятия индивидуальные — максимальное внимание ребёнку;
*   тренеры русскоговорящие, опытные, умеют работать с начинающими;
*   на пробном уроке определяем уровень и цели обучения;
*   желательно заранее уточнить: умеет ли ребёнок читать, где учил язык, какие цели.

.

Многие готовы брать малышей и начинающих, поэтому уточняйте в чатике если нужен продвинутый уровень #deutsch.

[Примерная программа](https://docs.google.com/document/d/1wEJzaSsxuIlPEPV0t1o2sXcp2-O7WqQG-QWNWtCumfQ/edit?usp=sharing) на 8-13 лет.";1;1;1;1;Нет;;Да;;Иностранные языки;visible;;"ru, en, es";ru;
6cXj73TLKkc5rqn7B;Немецкий язык 30;Платонова Алёна;LkzCDD2x8WaeKthXz;6;7;invisibly;1;;;"Windows, MacOS, Linux, ChromeOS";;;"Индивидуальный, Групповой";"Курс рекомендован как для начинающих изучать немецкий язык на занятиях длительностью 30 минут. С первого урока практикуем говорение, чтение и изучаем грамматику.";https://itgen.io/kursy-inostrannyh-yazykov-dlya-detey/nemetskiy-yazyk;https://itgen.io/deutsch_gena;;;1;1;0.7;1;Нет;;;;Дошкольные программы;invisibly;;ru;;
mJZy3thSHtA8qBnYM;Носитель англ. для сотрудников;Босовец Вероника;whD3b24NYHKxGk8MP;15;;invisibly;1;;;"Windows, MacOS, Linux, ChromeOS";;;"Индивидуальный, Групповой";"Этот курс рекомендуется сотрудникам,  которые желают научиться общаться на английском языке с носителем.";;;;;1;1;1;1;Нет;;;;Иностранные языки;invisibly;;"ru, en";;
NsREroMwQGpMR7qzD;Ознакомительное занятие;Рогалевич Елена;9;7;13;onlyTrial;1;;;"Windows, MacOS, Linux, ChromeOS";;;"Индивидуальный, Групповой";Влюбляем в технологии с первого урока. Помогаем найти занятие по душе и составить индивидуальную образовательную программу.;;;;"НОВАЯ ВОРОНКА - продажные пробные для передачи на кураторство

.
Ссылка на таблицу с актуальным списком тренеров и направлений Ознакомительного занятия [https://docs.google.com/spreadsheets/d/1w-B1rl1xFimFS7LSE\_evc25sVY-D9IO-iHJJGCmYyas/edit?gid=0#gid=0](https://docs.google.com/spreadsheets/d/1w-B1rl1xFimFS7LSE_evc25sVY-D9IO-iHJJGCmYyas/edit?gid=0#gid=0)";1;1;1;1.8;Нет;;Да;;Развитие личности;onlyTrial;;"ru, en";ru;
xCQjxPbbxLFPS4PrL;Олимпиадная математика;Берникова Алина;TPvCtaiwHYcrQt9LF;8;;Доступно;2;;;"Windows, MacOS, Linux, ChromeOS";"Android, iPad";;"Индивидуальный, Индивидуально-групповой, Групповой";"Научимся решать крутые математические задачи и думать, как настоящие гении! 💡
Будем искать хитрые ходы, разгадывать головоломки и готовиться к олимпиадам.";https://itgen.io/shkolnye-predmety/olimpiadnaya-matematika;https://itgen.io/olimp-mathem_gena;;"[#олимпиадная\_математика](https://itgenio.slack.com/archives/C01SS5ERMK6)

.

[Визитка направления](https://editor.itgen.io/editor/7fWZbdHmpkO-bW)**.**

**🧠 Олимпиадная математика — шаг за рамки школьной программы**

Олимпиадная математика — это курс для тех, кто хочет мыслить шире, чем школьная программа.

Ребёнок научится искать нестандартные решения, тренировать логику, внимание и интуицию.

Мы покажем, что сложные задачи — это не страшно, а увлекательно!

**💡 Почему это важно**

*   Учимся думать, а не просто считать. Олимпиадные задачи требуют анализа, рассуждений и поиска нестандартного пути — именно так мыслят настоящие математики.
*   Готовим к будущим олимпиадам. Разбираем задачи прошлых лет и учимся использовать проверенные стратегии.
*   Развиваем интеллект и уверенность. Решение сложных задач формирует смелость, концентрацию и настойчивость.
*   Выходим за рамки школьной программы. Курс помогает глубже понять математику и увидеть её с другой стороны — как увлекательную головоломку.

**🎓 Чему научим**

*   Находить нестандартные решения и логические связи между задачами;
*   Анализировать, рассуждать и доказывать математические утверждения;
*   Работать с задачами олимпиадного уровня: на логику, геометрию, арифметику, комбинаторику;
*   Развивать интуицию, внимание, память и скорость мышления.

**⚙️ Особенности обучения**

*   💬 Атмосфера интеллектуального клуба — обсуждаем, спорим, ищем решения.
*   📘 Изучаем разные подходы и проверяем гипотезы, а не просто подставляем цифры.
*   🎯 Преподаватель направляет, помогает видеть логику, но решение всегда остаётся за ребёнком.

**🔍 Что на пробном уроке**

Пробуем решить интересные задачи из разных разделов математики: на смекалку, внимательность, последовательности и закономерности.

Это помогает понять уровень ребёнка и определить, с какого уровня начать обучение.

.

**🎯 Что получит ребёнок**

*   Умение рассуждать и анализировать;
*   Опыт решения олимпиадных задач прошлых лет;
*   Готовность участвовать в математических конкурсах и олимпиадах;
*   Гибкое мышление, которое поможет и в других предметах.

**🌟 Вау-эффект**

Ребёнок видит, что даже «невозможные» задачи можно решить, если мыслить шаг за шагом.

Это даёт уверенность не только в математике, но и в жизни: сложные проблемы становятся вызовами, а не преградами.

.

**📚 Программа курса**

*   Разбор алгоритмов решения типичных олимпиадных задач;
*   Логические задачи (текстовые, со спичками, визуальные);
*   Занимательная математика: головоломки, задачи Перельмана, загадки на смекалку;
*   Подготовка к школьным и международным олимпиадам;
*   Индивидуальная подборка задач по уровню ученика.

**⏰ Продолжительность курса**

*   Для детей 7–9 лет: 20–30 часов
*   Для детей 10 лет и старше: 30–60 часов
*   (по желанию можно заниматься дольше — многие продолжают, пока не победят в олимпиаде 😉)

**🚀 Дальнейшие шаги**

После курса ребёнок может продолжить развитие:

*   🧮 Ментальная арифметика — скорость и концентрация;
*   🧩 Мнемотехника — тренировка памяти и внимания;
*   💬 Soft Skills — развитие уверенности и **критического мышления.**";1.2;1.2;1.2;1.2;Нет;;Да;;Школьные предметы;visible;;"ru, en, es";ru;
q96uZRGMxyNEN7i6B;Олимпиадная математика 30;Берникова Алина;TPvCtaiwHYcrQt9LF;8;;invisibly;1;;;"Windows, MacOS, Linux, ChromeOS";;;"Индивидуально-групповой, Индивидуальный";"Курс для начинающих олимпиадников по математике. Ребенок научится думать, станет увереннее в своих силах, научится щёлкать задачи из школьной программы как орешки. Размышление над нестандартными задачами развивает логику и воображение";;;;;0.8;0.8;0.8;0.8;Нет;;;;Школьные предметы;invisibly;;ru;;
22;Олимпиадные задачи;Берников Владислав;pueQ2v57BfPxZ8MRF;;;onlyAdmin;2;;;"Windows, MacOS, Linux, ChromeOS";;;"Индивидуальный, Индивидуально-групповой";"Курс для начинающих олимпиадников по информатике и программированию. Выпускник научится анализировать нестандартную проблему и находить алгоритм решения.
Рекомендуем старшеклассникам для поступления и опытным ученикам со знанием Python или С++.";https://itgen.io/olympiad-tasks;https://itgen.io/olimp_gena;;"[#олимпиадное](https://itgenio.slack.com/archives/CPVK23DAM)

.

**Чему научим?
**

Глубокое понимание работы алгоритмов и эффективные стратегии решения сложных задач. Программа ориентирована на подготовку к участию в олимпиадах по программированию.

.

**Особенности в обучении?**

Рекомендуется ученикам, которым нравится решать задачи. Направление также подойдет ребятам, которые хотели попробовать себя в олимпиадах по программированию на Python или С\+\+. Для этого нужно полностью пройти базу языка программирования (условия, циклы, строки, списки, функции, причем на хорошем уровне).

.

**Что на пробном уроке?**

1\. Познакомимся со спецификой использования платформы автоматизированного тестирования [https://codeforces.com//](https://codeforces.com//) 
2\. Зарегистрируемся на платформе,
3\. Научимся загружать решения задач на сайт с использованием языка программирования,
4\. Научимся корректировать загружаемые решения**
**

.

**Вау эффект какой?
**

Решение сложных головоломок и поиск нестандартных решений доставляют удовольствие и вызывают интерес. Участие в олимпиадах стимулирует стремление к лучшим результатам и способствует повышению самооценки и мотивации у ребят.**
**

.

**Результат в конце курса какой?**

Развитие навыков анализа и решения

сложных математических и логических задач. Они научатся применять различные стратегии

и методы для поиска оптимальных решений. В конечном

итоге, ребята смогут успешно справляться с олимпиадными задачами и проявлять свой

потенциал в соревновательной среде.

.

Установка программ не требуется. Есть задания первого уровня на английском языке, поэтому доступен вариант - русский язык у тренера \+ материалы на английском, но только по согласованию с тренером. Язык программирования должен быть изучен полностью - условия, циклы, строки, списки, функции, причем на хорошем уровне (свободно применять). Данное направление изучается на базе Python. Если ученик хочет изучать ОП на С\+\+ или другом ЯП, необходимо обращаться к заведующему этого направления и уточнять информацию. Пробные занятия невозможны. Если новый ученик хочет попасть на это направление, его можно записать на Python к тренеру, который ведёт “Олимпиадные задачи”, чтобы он определил уровень подготовки На изучение данного направления на базовом уровне потребуется от 86 до 106 часов.

На изучение данного направления на углубленном уровне потребуется, соответственно, от 154 до 174 часов.";1.2;1.2;1.2;1;Нет;;;;Программирование;onlyAdmin;2;"ru, en, es";ru;
sJfWy33nbB3x5iHNh;Ораторское мастерство: junior;Бобкова Наталья;ywqNgcfBqasmhPPpf;8;10;onlyAdmin;1;;;"Windows, MacOS, Linux, ChromeOS";;;Групповой;"🎤 Научимся говорить уверенно и интересно!
Будем тренировать голос, мимику и жесты, рассказывать истории, выступать без страха и получать аплодисменты как настоящие спикеры!";https://itgen.io/oratorskoe-masterstvo;;;"**🎤 Ораторское мастерство (junior) — уверенные выступления без страха**

Выступать перед другими — это не страшно, а интересно!

На курсе ребёнок научится говорить красиво, уверенно и понятно. Мы разберём, как рассказывать о себе, выражать эмоции голосом и жестами, держать внимание слушателей и получать удовольствие от общения с аудиторией.

**🌟 Почему курс важен**

*   

*   🗣 Навык уверенного общения. Дети учатся говорить чётко, выразительно и уверенно — в школе, на праздниках и в жизни.
*   💡 Развитие уверенности и самопрезентации. Мы тренируем умение рассказывать о себе и своих идеях — коротко, интересно и с харизмой.
*   🎭 Работа с голосом, мимикой и жестами. Ребята осваивают язык тела, учатся управлять голосом, чтобы звучать убедительно и привлекать внимание.
*   💬 Преодоление страха сцены. Через игровые упражнения, ""супергеройские позы"" и практику дети перестают бояться выступать перед другими.

**🎓 Чему научим**

*   Уверенно говорить перед классом или аудиторией
*   Рассказывать о себе и своих идеях интересно и понятно
*   Использовать голос, мимику и жесты для выразительности
*   Строить речь так, чтобы её хотелось слушать
*   Уважительно слушать других и давать обратную связь
*   Аргументировать свою точку зрения и отвечать на вопросы

**🎯 Что получит ребёнок**

*   Уверенность в себе и в своих словах
*   Способность легко выступать и общаться с разными людьми
*   Навык красивой, структурированной речи
*   Развитие внимания, фантазии и чувства юмора
*   Первые мини-выступления и ролевая практика

**✨ Вау-эффект**

Ребёнок выступает перед группой — и не боится! Он рассказывает истории, шутит, делится идеями и получает аплодисменты.

Каждое занятие укрепляет уверенность в себе и превращает публичное выступление в игру.

**📚 Программа курса (для 8–10 лет)**

🗓 14 занятий, 2 раза в неделю

👥 Формат: групповой (ГФ), возможно индивидуально (ИФ) по запросу

1.  Как говорить о себе — самопрезентация по схеме Elevator Pitch
2.  Как не волноваться — техники релаксации и ""супергеройская поза""
3.  Как говорить красиво — дикция, интонация, выразительность
4.  Как говорить без слов — язык жестов, поза и зрительный контакт
5.  Как понравиться аудитории — адаптация выступления под слушателей
6.  Как вызывать эмоции — радость и интерес через голос и мимику
7.  Как быть понятным — простые слова и примеры
8.  Как убеждать — аргументация своей точки зрения
9.  Как начинать и заканчивать речь — ""крючки"" и яркие финалы
10.  Практикум 1 — первое 2-минутное выступление
11.  Как сделать речь интересной — загадки, интерактив и эксперименты
12.  Как рассказывать истории — схема ""Герой → Проблема → Решение""
13.  Как отвечать на вопросы — шаблоны и уверенные ответы
14.  Практикум 2 — финальное выступление и обратная связь

**🧠 Как оцениваем прогресс**

Тренер следит за развитием ключевых навыков:

*   уверенность при выступлении;
*   чёткая речь и выразительность;
*   использование жестов и взгляда;
*   умение структурировать выступление;
*   взаимодействие с аудиторией.

Родители получают обратную связь о прогрессе и рекомендации для развития речи и уверенности ребёнка.";1;1;1;1;Нет;;;;Групповые занятия;onlyAdmin;;ru;ru;
bYyvPHwxc5LDqjSS6;Ораторское мастерство: teens;Бобкова Наталья;ywqNgcfBqasmhPPpf;11;;onlyAdmin;1;;;"Windows, MacOS, Linux, ChromeOS";;;Групповой;"🎙 Выступай уверенно и вдохновляй других!
Научимся говорить чётко, красиво и без страха, убеждать аргументами и эмоциями — как настоящие спикеры и лидеры!";https://itgen.io/oratorskoe-masterstvo;;;"**🎙 Ораторское мастерство (teens) — уверенно говори, вдохновляй и убеждай**

Хочешь, чтобы тебя слушали и слышали? На курсе ты научишься говорить уверенно, чётко и интересно, выступать без страха, доносить свои идеи и убеждать других с помощью аргументов, эмоций и харизмы.

**🌟 Почему это важно**

*   🎤 Навык, который работает везде. Публичные выступления пригодятся не только в школе, но и на конкурсах, собеседованиях, в жизни и будущем.
*   💬 Уверенность и самопрезентация. Ты научишься рассказывать о себе, своих проектах и идеях так, чтобы заинтересовать любого слушателя.
*   🎭 Контроль над голосом и телом. Мы разберём, как управлять голосом, жестами, мимикой и позой, чтобы звучать убедительно и выглядеть уверенно.
*   🧠 Логика, эмоции и сторителлинг. Ты узнаешь, как строить речь, вызывать эмоции у слушателей и использовать истории, чтобы влиять на внимание аудитории.

**🎓 Чему научим**

*   Готовить и проводить уверенные выступления
*   Управлять волнением и страхом сцены
*   Работать с голосом, интонацией и темпом
*   Использовать жесты и взгляд для усиления речи
*   Аргументировать свою точку зрения и отвечать на возражения
*   Строить структуру речи от начала до финала
*   Удерживать внимание аудитории и получать обратную связь

**🎯 Что получит ученик**

*   Уверенность в себе и своих идеях
*   Навык публичных выступлений и аргументации
*   Умение убеждать и вдохновлять
*   Понимание, как подстраиваться под аудиторию
*   Опыт реальных выступлений и обратную связь от тренера

**✨ Вау-эффект**

После курса подростки перестают бояться сцены, свободно говорят перед аудиторией и чувствуют себя уверенно в любой коммуникации — от школьных презентаций до дебатов и переговоров.

📚 Программа курса (для 11\+ лет)

*   🗓 14 занятий, 2 раза в неделю
*   👥 Формат: групповой (ГФ), возможен индивидуальный (ИФ) по запросу

1.  Самопрезентация — расскажи о себе ярко и уверенно
2.  Работа с волнением — техники управления тревогой
3.  Работа над голосом — выразительность и дикция
4.  Невербальные средства общения — язык жестов и поз
5.  Анализ аудитории — адаптация речи под слушателей
6.  Как вызывать эмоции — эмоциональные “крючки”
7.  Как быть понятным — простые формулировки и примеры
8.  Как убеждать — логика, аргументы и риторические приёмы
9.  Структура выступления — от вступления до финала
10.  Практикум 1 — выступление и обратная связь по принципу “бутерброд”
11.  Как удерживать внимание аудитории — вопросы, провокации, вовлечение
12.  Искусство сторителлинга — цепляющие истории и эмоции
13.  Как отвечать на вопросы аудитории — уверенные ответы
14.  Финальный практикум — итоговое выступление и анализ прогресса

**🧠 Как оцениваем прогресс**

Тренер наблюдает за развитием:

*   уверенности и выразительности речи;
*   использованием невербальных средств;
*   логикой и структурой выступления;
*   умением аргументировать и работать с обратной связью;
*   командным взаимодействием.

Родители получают отчёт о прогрессе и рекомендации для дальнейшего развития.";1;1;1;1;Нет;;;;Групповые занятия;onlyAdmin;;ru;ru;
uaqhKz89tgS7KKZHM;Первый урок;Рогалевич Елена;9;5;;invisibly;1;;;"Windows, MacOS, Linux, ChromeOS";"Android, iPad";;"Индивидуальный, Групповой";Влюбляем с первого урока без стресса и скуки.;;;;"Направление для пробных в ИФ, которые проводят тренеры по отдельному скрипту.

Все тренеры с этим направлением ведут пробные по:

*   Scratch
*   Roblox
*   Python
*   Нейросети
*   Minecraft
*   Tinkercad";1;1;1;1;Нет;;;;Программирование;invisibly;;ru;;
39ThwNXs6w2NFxjt3;Подготовка к школе;Савчик Светлана;f4RxThzxJN6oLnuCy;5;9;Доступно;1;;;"Windows, MacOS, Linux, ChromeOS";"Android, iPad";;"Индивидуальный, Групповой";"Курс для детей, которые говорят на русском языке. В результате ребёнок освоит алфавит, азы арифметики. Научится читать по слогам, начнет читать словосочетания, фразы, короткие тексты, отвечать на вопросы по тексту.";https://itgen.io/doshkolnye-programmy-dlya-detey/podgotovka-k-shkole;https://itgen.io/school_v_itgenio_gena;;"[#дошколята](https://itgenio.slack.com/archives/C02040C82V8)

**Перед записью на пробное/новое узнавать, знает ли ребёнок буквы и оставлять заметку тренеру.**

**.**

**На пробное/новое занятие записываем в часовой слот.**

Вот упаковка для направления «Подготовка к школе». Это курс-адаптация, который превращает переход в первый класс из стресса в увлекательное приключение.

**🏫 Подготовка к школе: Уверенный старт**

(Ключевые слова для поиска: подготовка, дошколята, чтение, математика)

Подготовка к школе — это не просто буквы и цифры, а фундамент уверенности ребёнка. Мы помогаем дошкольнику привыкнуть к учебному ритму, научиться слушать учителя и справляться с заданиями самостоятельно. В игровой форме мы закладываем базу, благодаря которой первый класс станет для ребёнка временем побед, а не трудностей.

**Почему это актуально именно сейчас**

*   Мягкая адаптация. Ребёнок привыкает к формату уроков и домашним заданиям заранее. Это снимает страх перед «настоящей» школой и учителем.
*   Индивидуальный маршрут. Мы не учим всех по одной книге. После диагностики тренер составляет программу, которая подтягивает именно те навыки, которые нужны вашему ребёнку.
*   Комплексный подход. Мы развиваем не только интеллект (чтение, счёт), но и усидчивость, внимательность и умение принимать самостоятельные решения.
*   Интерес к знаниям. Благодаря игровому сюжету и частой смене деятельности ребёнок не устаёт и воспринимает учёбу как захватывающий процесс.

**🎓 Чему научим:**

*   Грамоте и чтению: читать по слогам, понимать текст, выделять звуки в словах и составлять интересные рассказы.
*   Математике: считать до 20 и обратно, понимать состав числа, решать задачи на сложение и вычитание, а также щелкать логические задачки.
*   Письму и графике: распознавать символы и подготавливать руку к письму.
*   Школьным навыкам: удерживать внимание на задаче, правильно воспринимать инструкции учителя и доводить начатое до конца.

**🧪 Что на пробном уроке?**

На первом занятии мы определяем уровень развития учебных навыков ребенка. Для этого используются три типа диагностики, адаптированные под разный возраст и подготовку: от игровых заданий для нечитающих детей до комплексных тестов для школьников.

В ходе занятия проверяются ключевые показатели:

*   Логика и мышление: ребенок выполняет задания на обобщение, исключение лишнего и поиск ошибок художника.
*   Речевое развитие: мы оцениваем связную речь через составление рассказов, проверяем фонетическое восприятие и навыки чтения.
*   Математический фундамент: проверяется навык счета (прямой и обратный), знание геометрических фигур и умение решать простые задачи.
*   Внимание и память: упражнения на зрительную память и детализацию помогают понять, насколько ребенок готов к концентрации на обучении.

Главный результат — индивидуальный подбор программы. Педагог определит, по какому пути ребенку будет комфортнее всего развиваться, учитывая его эмоциональный интеллект и текущую базу навыков.

*   Диагностика (30 минут): Учитель в игровой форме проверит фонематический слух, знание букв, уровень счёта и восприятие символов.
*   Консультация для родителей (20 минут): Тренер подробно расскажет о сильных сторонах ребёнка, результатах теста и даст рекомендации по графику занятий.

**🎯 Результат курса:**

*   Уверенный первоклассник: ребёнок умеет читать, считать и решать базовые задачи.
*   Психологическая готовность: развитая внимательность и привычка к регулярным занятиям.
*   Самостоятельность: ребёнок понимает, как работать с учителем и выполнять задания без постоянной помощи взрослых.

**🚀 Дальнейшие шаги:**

После подготовки к школе ребёнок готов к изучению цифровых профессий:

*   Scratch — создание анимаций, управление персонажами через блоки кода и разработка первой игры.
*   Minecraft — основы алгоритмики, работа с координатами и автоматизация построек в 3D-мире.
*   Рисование на компьютере — изучение цвета, форм и создание коллекции из 15\+ цифровых иллюстраций.
*   Мягкие навыки (Soft Skills) — изучение техник управления эмоциями, умения договариваться и правил уверенного общения.

**📦 Важная информация:**

Формат записи: на пробное занятие выделяется 1 часовой слот.

*   Админам: перед записью обязательно узнайте, знает ли ребёнок буквы, и оставьте заметку тренеру.
*   Возраст: Junior (6–7 лет). 6-леток записываем только на индивидуальный формат (ИФ).
*   Длительность: Базовый курс — от 30 часов (программа корректируется после диагностики). Урок длится 30–50 минут.

.

**Каждое занятие длится 30–50 минут в зависимости от возраста и рекомендации тренера**";1.2;1.2;1;1;Нет;;Да;;Дошкольные программы;visible;;"ru, en, es";ru;
jck5PWt9ospZ8A8of;Подготовка к школе 30;Савчик Светлана;f4RxThzxJN6oLnuCy;5;;onlyAdmin;1;;;"Windows, MacOS, Linux, ChromeOS";"Android, iPad";;Индивидуальный;"Курс для детей, которые говорят на русском языке. В результате ребёнок освоит алфавит, азы арифметики. Научится читать по слогам, начнет читать словосочетания, фразы, короткие тексты, отвечать на вопросы по тексту. Короткие занятия по 30 минут.";https://itgen.io/doshkolnye-programmy-dlya-detey/podgotovka-k-shkole;;;**На пробные не записываем!**;1;1;0.7;1;Нет;;;;Дошкольные программы;onlyAdmin;;ru;ru;
FXQeiZCQtjEtFmH7M;Проектная работа по геймдеву;Хисаев Эмиль;Y3sxFaTRY5asf9tDP;12;;onlyAdmin;1;;;"Windows, MacOS, Linux, ChromeOS";;;Групповой;"Это командная работа, где ученики работают по техническому заданию, предоставленному заказчиком. Работа над проектом происходит точно так же, как это происходит в IT- компании.";https://itgen.io/proektnyi-intensiv-gamedev;;;"**Чему научим?**

Работе в команде по настоящему ТЗ, в точности, как это происходит в больших IT-компаниях

.

**Особенности в обучении?**

Развиваем навыки командной работы: коммуникацию, ответственность, пунктуальность - все, качества необходимые при работе над реальным проектом. Учимся чётко следовать тз заказчика, используем навыки, полученные во время прохождения курса, на практике, защищаем итоговый проект эксперту (заказчику)

.

**Что на первом уроке?**

Знакомство с членами команды, обсуждение тз, планирование работы на весь интенсив

.

Результат в конце интенсива какой?

Ученики умеют работать в команде, понимают принципы работы с реальным техническим заданием, знают, как презентовать свою работу заказчику.

.

**Вау эффект какой?**

Ребята работают над заданием точно так же, как это происходит в IT-компании. Интенсив - это 100% практики, поэтому ученики смогут применить знания, полученные на курсе, в деле.

.

**Количество часов интенсива: 8**

.

**Системные требования:**

• О: Windows 7/8/8\.1/10 x64, Mac OS X 12\.0 и выше);

• Оперативная память: от 4 Гб и выше, процессор: 2 ядерный процессор от 2 ГГц";1;1;1;1;Нет;;;;Групповые занятия;onlyAdmin;;ru;ru;
jMFhY2KTjMTa8GSCm;Проектная работа по Blender;Капариха Татьяна;TuuxHqNwgt3udSSkP;10;;onlyAdmin;1;https://docs.google.com/document/d/1tJd36NAAbSqauSM0qVhd7r3_hTN9DBy5/edit;;"Windows, MacOS, Linux, ChromeOS";;;Групповой;"Это командная работа, где ученики работают по техническому заданию, предоставленному заказчиком. Работа над проектом происходит точно так же, как это происходит в IT- компании.";https://itgen.io/intensiv-proektnaja-rabota;;;"[#blender\_party](https://itgenio.slack.com/archives/CUDP4Q1L3)

***Чему научим?***

Работе в команде по настоящему ТЗ, в точности, как это происходит в больших IT-компаниях

.

***Особенности в обучении?*** 

Развиваем навыки командной работы: коммуникацию, ответственность, пунктуальность - все, качества необходимые при работе над реальным проектом. Учимся чётко следовать тз заказчика, используем навыки, полученные во время прохождения курса, на практике, защищаем итоговый проект эксперту (заказчику)

.

***Что на первом уроке?***

Знакомство с членами команды, обсуждение тз, планирование работы на весь интенсив

.

***Результат в конце интенсива какой?*** 

Ученики умеют работать в команде, понимают принципы работы с реальным техническим заданием, знают, как презентовать свою работу заказчику.

.

***Вау эффект какой?***

Ребята работают над заданием точно так же, как это происходит в IT-компании. Интенсив - это 100% практики, поэтому ученики смогут применить знания, полученные на курсе, в деле.

.

***Количество часов интенсива***: 8

.

***Системные требования***:

• О: Windows 7/8/8\.1/10 x64, Mac OS X 12\.0 и выше);

• Оперативная память: от 4 Гб и выше, процессор: 2 ядерный процессор от 2 ГГц";1;1;1;1;Нет;;;;Групповые занятия;onlyAdmin;;"ru, en";ru;https://docs.google.com/document/d/1tJd36NAAbSqauSM0qVhd7r3_hTN9DBy5/edit
9LmQoSEaxobQzCmsn;Проектная работа по HTML+CSS;Капариха Татьяна;TuuxHqNwgt3udSSkP;10;;onlyAdmin;1;;;"Windows, MacOS, Linux, ChromeOS";;;Групповой;"Это командная работа, где ученики работают по техническому заданию, предоставленному заказчиком. Работа над проектом происходит точно так же, как это происходит в IT- компании";https://itgen.io/intensiv-proektnaja-rabota;;;"[#html\_js](https://itgenio.slack.com/archives/C01FZ1Q0Q3Z)

***Чему научим?***

Работе в команде по настоящему ТЗ, в точности, как это происходит в больших IT-компаниях

.

***Особенности в обучении?***

Развиваем навыки командной работы: коммуникацию, ответственность, пунктуальность - все, качества необходимые при работе над реальным проектом. Учимся чётко следовать тз заказчика, используем навыки, полученные во время прохождения курса, на практике, защищаем итоговый проект эксперту (заказчику)

*.*

***Что на первом уроке?***

Знакомство с членами команды, обсуждение тз, планирование работы на весь интенсив

.

***Результат в конце интенсива какой?*** 

Ученики умеют работать в команде, понимают принципы работы с реальным техническим заданием, знают, как презентовать свою работу заказчику.

.

***Вау эффект какой?*** 

Ребята работают над заданием точно так же, как это происходит в IT-компании. Интенсив - это 100% практики, поэтому ученики смогут применить знания, полученные на курсе, в деле.

.

***Количество часов интенсива:*** 8

.

***Системные требования:***

• О: Windows 7/8/8\.1/10 x64, Mac OS X 12\.0 и выше);

• Оперативная память: от 4 Гб и выше, процессор: 2 ядерный процессор от 2 ГГц";1;1;1;1;Нет;;;;Групповые занятия;onlyAdmin;;"ru, en";ru;
RJm8rKeD8mahpAtfd;Проектная работа по Photoshop;Капариха Татьяна;TuuxHqNwgt3udSSkP;10;;onlyAdmin;1;;;"Windows, MacOS, Linux, ChromeOS";;;Групповой;"Это командная работа, где ученики работают по техническому заданию, предоставленному заказчиком. Работа над проектом происходит точно так же, как это происходит в IT- компании.";https://itgen.io/intensiv-proektnaja-rabota;;;"[#ps\_ai](https://itgenio.slack.com/archives/CGLRN0VCZ)

***Чему научим?***

Работе в команде по настоящему ТЗ, в точности, как это происходит в больших IT-компаниях

.

***Особенности в обучении?*** 

Развиваем навыки командной работы: коммуникацию, ответственность, пунктуальность - все, качества необходимые при работе над реальным проектом. Учимся чётко следовать тз заказчика, используем навыки, полученные во время прохождения курса, на практике, защищаем итоговый проект эксперту (заказчику)

.

***Что на первом уроке?***

Знакомство с членами команды, обсуждение тз, планирование работы на весь интенсив

.

***Результат в конце интенсива какой?*** 

Ученики умеют работать в команде, понимают принципы работы с реальным техническим заданием, знают, как презентовать свою работу заказчику.

.

***Вау эффект какой?***

Ребята работают над заданием точно так же, как это происходит в IT-компании. Интенсив - это 100% практики, поэтому ученики смогут применить знания, полученные на курсе, в деле.

.

***Количество часов интенсива:*** 8

Системные требования:

• О: Windows 7/8/8\.1/10 x64, Mac OS X 12\.0 и выше);

• Оперативная память: от 4 Гб и выше, процессор: 2 ядерный процессор от 2 ГГц";1;1;1;1;Нет;;;;Групповые занятия;onlyAdmin;;"ru, en";ru;
JHs64CxoCLbfsxjD3;Проектная работа по Python;Капариха Татьяна;TuuxHqNwgt3udSSkP;10;;onlyAdmin;1;;;"Windows, MacOS, Linux, ChromeOS";;;Групповой;"Это командная работа, где ученики работают по техническому заданию, предоставленному заказчиком. Работа над проектом происходит точно так же, как это происходит в IT- компании.";https://itgen.io/intensiv-proektnaja-rabota;;;"[#python-коллегия](https://itgenio.slack.com/archives/CDPAKCFSQ)

***Чему научим?***

Работе в команде по настоящему ТЗ, в точности, как это происходит в больших IT-компаниях

.

***Особенности в обучении?*** Развиваем навыки командной работы: коммуникацию, ответственность, пунктуальность - все, качества необходимые при работе над реальным проектом. Учимся чётко следовать тз заказчика, используем навыки, полученные во время прохождения курса, на практике, защищаем итоговый проект эксперту (заказчику)

.

***Что на первом уроке?***

Знакомство с членами команды, обсуждение тз, планирование работы на весь интенсив

.

***Результат в конце интенсива какой?*** 

Ученики умеют работать в команде, понимают принципы работы с реальным техническим заданием, знают, как презентовать свою работу заказчику.

.

***Вау эффект какой?***

Ребята работают над заданием точно так же, как это происходит в IT-компании. Интенсив - это 100% практики, поэтому ученики смогут применить знания, полученные на курсе, в деле.

.

***Количество часов интенсива: 8***

***.***

***Системные требования:***

• О: Windows 7/8/8\.1/10 x64, Mac OS X 12\.0 и выше);

• Оперативная память: от 4 Гб и выше, процессор: 2 ядерный процессор от 2 ГГц";1;1;1;1;Нет;;;;Групповые занятия;onlyAdmin;;"ru, en";ru;
eMcxPLQZuGfHbS2Nu;Проектная работа по Roblox;Прохорова Есфирь;8TTuvzp4SMByTZ6Qr;10;;onlyAdmin;1;;;"Windows, MacOS, Linux, ChromeOS";;;Групповой;"Это командная работа, где ученики работают по техническому заданию, предоставленному заказчиком. Работа над проектом происходит точно так же, как это происходит в IT- компании.";https://itgen.io/proektnyi-intensiv-roblox;;;.;1;1;1;1;Нет;;;;Групповые занятия;onlyAdmin;;ru;ru;
vzmLXouunuBPp3ttC;Проектная работа: Scratch;Мурина Ольга;sWz3o373r3Mgff2Ec;8;12;Доступно;1;;;"Windows, MacOS, Linux, ChromeOS";;;Групповой;"Это командная работа, где ученики работают по техническому заданию, предоставленному заказчиком. Работа над проектом происходит точно так же, как это происходит во взрослых командах разработчиков.";https://itgen.io/proektnyi-intensiv-scratch;;;"Чему научим?

Работе в команде по настоящему ТЗ, в точности, как это происходит в больших IT-компаниях

.

Особенности в обучении?

Развиваем навыки командной работы: коммуникацию, ответственность, пунктуальность - все, качества необходимые при работе над реальным проектом. Учимся чётко следовать тз заказчика, используем навыки, полученные во время прохождения курса, на практике, защищаем итоговый проект эксперту (заказчику)

.

Что на первом уроке?

Знакомство с членами команды, обсуждение тз, планирование работы на весь интенсив

.

Результат в конце интенсива какой?

Ученики умеют работать в команде, понимают принципы работы с реальным техническим заданием, знают, как презентовать свою работу заказчику.

.

Вау эффект какой?

Ребята работают над заданием точно так же, как это происходит в IT-компании. Интенсив - это 100% практики, поэтому ученики смогут применить знания, полученные на курсе, в деле.

.

Количество часов интенсива: 8

.

Системные требования:

• О: Windows 7/8/8\.1/10 x64, Mac OS X 12\.0 и выше);

• Оперативная память: от 4 Гб и выше, процессор: 2 ядерный процессор от 2 ГГц";1;1;1;1;Нет;;;;Групповые занятия;visible;;ru;ru;
HJuwA4nnGeprTkKst;Профориентация;Гунькина Екатерина;m3giHWwAbbsKBTFc6;10;;onlyAdmin;1;;;"Windows, MacOS, Linux, ChromeOS";"Android, iPad";;"Групповой, Индивидуальный";"Интенсив для ребят, которые хотят понять свои таланты и интересы и определиться с будущей профессией. Подходит как для тех, кто совсем не знает, чем хочет заниматься, так и для тех, кто уже предварительно подобрал подходящие профессии.";https://itgen.io/proforientacia;;"Что касается направления, то я могу предложить _ИмяУ_ присоединиться к интенсиву по профориентации!
Интенсив поможет понять свои сильные стороны и интересы, разобраться в современных профессиях и сделать осознанный выбор будущего направления.

Многие наши ученики, прошедшие этот интенсив, гораздо увереннее выбирают направления в Айтигенио и дальнейшую образовательную траекторию в школе. Это отличная инвестиция в будущее, которая поможет сэкономить время и избежать ошибок при выборе профессии.

Как вы думаете, ИмяУ будет интересно разобраться в профессиях будущего и понять, куда двигаться дальше?";"БЕСПЛАТНОГО ПРОБНОГО НЕТ

#Профориентация

.

**Чему научим?**

Научим определять свои сильные стороны и таланты, анализировать интересы и подбирать подходящие профессиональные направления. Разберем навыки, которые будут востребованы в будущем и перспективные профессии.

.

**Особенности в обучении?**

Смешанный формат – групповые занятия для развития коммуникативных навыков и индивидуальная консультация для составления полной картины будущего профессионального развития. Воркшопы с саморефлексией. Самопрезентация перед единомышленниками.

.

**Что на пробном уроке?**

Пробного урока нет, продаем сразу интенсив как полноценный продукт.

**Результат в конце курса какой?**

Индивидуальный план развития. Понимание, в каких направлениях можно двигаться.

.

**Вау эффект какой?**

Инсайты ребенка о себе и профессиональных перспективах. Осознание того, что реально воплотить мечту о профессии в реальность.

.

**профориентация в двух форматах:**

*   интенсив на 8 групповых занятий и 1 индивидуальную консультацию с ребенком;
*   Индивидуально (6 ИФ)

**Больше не предлагаем 1 ИФ занятие с родителем!**

Ключевые слова: выбор профессии, профориентация, поступление";1;1;1;1;Нет;;;;Развитие личности;onlyAdmin;;ru;ru;
4vcozrZBKed2ZtX6j;Психолог для сотрудников;Туренко Кристинa;W55T2Du5xjWYJ5Bgv;15;;invisibly;1;;;"Windows, MacOS, Linux, ChromeOS";;;Индивидуальный;"С каждым годом в нашей жизни возникает все больше факторов, вызывающих эмоциональное напряжение, тревогу и беспокойство. Учимся справляться со сложными жизненными ситуациями и противостоять стрессу.";;;;**Только для сотрудников! Пробное не проводится!**;1;1;1;1;Нет;;;;Развитие личности;invisibly;;ru;;
Le9iPXgXXBkxsw6zM;Психологические консультации;Буданова Айжан;Di2WENs4ceyNqj7tv;7;;invisibly;1;;;"Windows, MacOS, Linux, ChromeOS";;;Индивидуальный;"Онлайн-сессии с психологом для детей и взрослых. Формат индивидуальных консультаций: конфиденциальные сессии по безопасному видеочату.  Психологи помогут повысить качество жизни: наладить отношения с близкими людьми, справиться с тревогой.";https://itgen.io/razvivayushchie-programmy-dlya-detey/psihologicheskie-konsultatsii;https://itgen.io/psihologicheskie-konsultatsii-gena;;"[#психология-направление](https://itgenio.slack.com/archives/C03HHRZ5LAE)

**.**

**БЕСПЛАТНЫХ ПРОБНЫХ НЕТ !!!**

**.**

**Чему научим?**

Получите помощь и поддержку по решению психологических вопросов, эмоционального самочувствия и разрешения проблем. Познайте методы для повышения самосознания и преодоления жизненных трудностей.

.

**Особенности в обучении?**

Индивидуальные консультации с психологом предполагают персонализированный подход к решению личных проблем и эмоциональных вопросов. Консультации могут варьироваться в зависимости от ваших потребностей.

.

**Что на пробном уроке?**

На пробном уроке психолог поможет понять вашу уникальную ситуацию, обсудить ваши потребности и проблемы для определения персонализированной программы поддержки.

.

**Результат в конце курса?**

Консультации помогут улучшить ваше эмоциональное благополучие, обогатить самосознание и дать инструменты для управления стрессом, личными отношениями и решением конкретных жизненных проблем.

.

**Вау-эффект?**

Улучшенное самочувствие, повышенное понимание себя и своих реакций, а также решение эмоциональных проблем и обретение навыков эмоционального интеллекта.

.

Занятия проводятся в Гене 30 мин с ребёнком на первой сессии и 30 мин с родителем.

У нас теперь 3 психолога есть : Айжан Буднова (детей от 11 лет и старше записывать (на сайте указано от 10, но тогда не было других психологов)) - также если сложный случай, тоже писать Айжан .

По поводу записи клиентов можно посмотреть “возможное расписание” и/или писать в личку психологам (в любом случае записывать после согласования в личке) и вот [ссылка с полной инфой](https://docs.google.com/document/d/1k5wNn2m67_8-JnK674agG9wNNPS9kHefWFKTbEbmLF8/edit?usp=sharing)";1;1;2;1;Нет;;;;Развитие личности;invisibly;;"ru, es, en";;
LvkhYKeJvR3N7NYQp;Разработка игр c Godot;Власенко Виталий;sdvFrLk6qR2NkcszH;11;;Доступно;2;;;"Windows, MacOS, Linux, ChromeOS";;;"Индивидуальный, Индивидуально-групповой";"Мы научим тебя создавать крутые 3D-миры, прописывать интеллект врагам и работать с кодом, на котором пишут настоящие инди-хиты. Здесь нет ограничений: создавай, программируй и запускай игры своей мечты.";https://itgen.io/programmirovanie/godot;https://itgen.io/godot_gena;;"[#godot-компания](https://itgenio.slack.com/archives/C017DC4GVPG)

.

[Визитка направления](https://editor.itgen.io/editor/qhbBp8cgqDHRRb).

**.**

**
**

🤖 Godot Engine: Создание 2D и 3D миров

(Ключевые слова для поиска: годо, godot, gdscript)

Godot — это «швейцарский нож» современного разработчика игр. Если Scratch был песочницей, а GameMaker — мастерской, то Godot — это полноценная архитектурная студия. Это профессиональный и при этом легкий движок, на котором создаются как простые мобильные игры, так и масштабные 3D-проекты. Главная фишка — собственный язык GDScript, который очень похож на Python, но работает быстрее и заточен именно под игры.

.

**Почему Godot актуален именно сейчас**

*   Самый быстрорастущий движок в мире. В 2026 году Godot стал главной альтернативой тяжелым движкам (вроде Unity). Он полностью бесплатный и открытый, что дает разработчику абсолютную свободу без скрытых платежей.
*   Универсальность: 2D \+ 3D. Ребенок не ограничен одной плоскостью. Он учится мыслить в объеме, работать с освещением, камерами и физикой трехмерного пространства.
*   Переход к серьезному текстовому коду. Здесь нет визуальных блоков. Ребенок пишет реальный код (GDScript), что закрепляет навыки программирования на профессиональном уровне.
*   Легкость и доступность. В отличие от гигантов индустрии, Godot запускается даже на обычных ноутбуках, не требуя «космического» железа, при этом выдает картинку высокого качества.

**🎓 Чему научим:**

*   Профессиональному кодингу: глубокое изучение GDScript — создание сложной логики, обработки событий и ИИ.
*   3D-моделированию и анимации: создание объемных персонажей, работа с текстурами и спецэффектами (частицами).
*   Архитектуре игры: работа с «сценами» и узлами — это учит мыслить системно и организовывать сложные проекты.
*   Искусственному интеллекту: программирование поведения врагов и неигровых персонажей (NPC).
*   Атмосфере и звуку: как сделать игру живой с помощью света, теней и аудио-эффектов.

**🧪 Что на пробном уроке?**

Мы сразу ныряем в практику!

Занятие построено так:

*   Знакомство с интерфейсом движка.
*   Создание первой 2D-игры с нуля.
*   Добавление собственных игровых механик (например, изменение скорости или прыжков).
*   Ребенок увидит, как несколько строк кода превращаются в управляемого героя.

**🎯 Что получит ребёнок:**

*   Статус разработчика: умение создавать игры «полного цикла» — от идеи до запуска.
*   Мощное портфолио: готовые 2D и 3D проекты, которые не стыдно показать в IT-сообществе.
*   Hard Skills: навыки работы с профессиональным движком и уверенное владение текстовым программированием.
*   Творческую свободу: возможность воплотить любую идею — от платформера до 3D-шутера или квеста.

**🚀 Дальнейшие шаги:**

*   Unity (C#) — переход на индустриальный стандарт разработки крупных игр.
*   Профессиональный Python-разработчик — так как логика GDScript практически идентична.
*   Финграмотность:teens  — навык зарабатывать на своём хобби. 

**📦 Техническая информация:**

*   **Важно: Обязателен опыт программирования на любом текстовом языке (Python, C# и т.д.). Для новичков курс может быть слишком сложным.**
*   Длительность: 70–80 часов (база), 90–120 часов (углубленно).
*   Установка: Не требуется заранее, всё скачаем и настроим на первом уроке.

**
**

**Требования к ПК: Достаточно обычного современного компьютера (2 ядра, 4 Гб ОЗУ).**

Системные требования (если родитель спрашивает: Godot запустится на большинстве современных компьютеров): Windows 7 и выше/Mac/Linux, Процессор: 2 ядра, от 2 ГГц, RAM: от 4 Гб, ОЗУ: от 1 Гб.";1.2;1.2;1;1;Нет;;Да;;Программирование;visible;;"ru, en, es";ru;
XqWgnJ9NcHQfzrRQJ;Рисование в Procreate;Саломахина Ольга;yFx73Csiu6kFSXS2J;9;;onlyAdmin;2;.;;;iPad;Да;"Индивидуальный, Индивидуально-групповой";"Курс подготовки иллюстраторов и digital-художников. Изучение основ рисунка, композиции, теории цвета, шрифтов. Разные техники рисования и инструменты: от реализма и скетчинга до fashion иллюстрации. Программа Procreate доступна только на iPad.";https://itgen.io/design/drawing-in-procreate;https://itgen.io/procreate_gena;;"[#procreate](https://itgenio.slack.com/archives/C01EP4L981M)

.

**Чему научим?**

Научим рисовать как простые, так и профессиональные иллюстрации.

.

**Особенности в обучении?**

Индивидуальная программа обучения с учетом интересов ребенка:  изучение инструментов уже проходит в создании иллюстраций в различных техниках, реализм, стилизованный рисунок,  персонажи, аниме, стикеры и даже анимации. Вам не нужно искать различные курсы т.к. мы уже собрали лучшее от различных художников и иллюстраторов.

.

**Что на пробном уроке?**

Определяемся с уровнем навыков рисования, предпочтений. Работаем с заданием на рисование простых фигур. Также выполняем проект на передачу объема, с использованием функций размытия и блок Альфа-канала.

Если ученик имеет опыт работы в Procreate, исходим из его предпочтений, работаем с проектами средней сложности.

.

**Результат в конце курса какой?**

По окончанию полного курса ученик не только разовьет навыки рисования в разных стилях, техниках, на разные темы, но и соберет свое хорошее портфолио.

. 

**Вау эффект какой?**

Уже с первого урока дети создают крутые иллюстрации. Ребята, по истине заинтересованные рисованием, по завершению курса, смогут смело говорить ""художник - мое второе имя"" .

Развитие художественных навыков, вкуса, творческого мышления.

.

**НЕОБХОДИМО**: Google Meet. Ipad \+ Apple Pencil, Обязательно приобрести программу Procreate (14$ разовая оплата).

.

**Доступно только на русском языке!**

.

На изучение данного курса на базовом уровне без дополнительных тем потребуется от 30 до 100 часов.

На углубленном уровне с дополнительными темами - от 100 до 200 часов.";1;1;1;1;Нет;;;;Дизайн и творчество;onlyAdmin;;"ru, en, es";"ru, en";.
duuTLBk8aZSk3ryc5;Рисование на компьютере;Теселкина Александра;vBMCwHYXRhMCmHPbG;7;10;Доступно;1;;EBdvQ2Ft9N7Gz4NDa;"Windows, MacOS, ChromeOS";;;"Индивидуально-групповой, Индивидуальный";Хочешь превратить мышку в волшебную кисть? На курсе ты создашь 15+ крутых работ: от пиксельных героев до ярких пейзажей. Научим сохранять файлы в личные папки и делиться шедеврами с друзьями!;https://itgen.io/design/risovanie-na-kompyutere;;;"[#рисование-на-компьютере](https://itgenio.slack.com/archives/C08ADEEGAMN)

[ВИЗИТКА НАПРАВЛЕНИЯ](https://editor.itgen.io/editor/aF56o2hZv4wbdj)

Ни перед пробным, ни перед новым ничего не нужно устанавливать. Нужны комп/ноут и мышка!

**[Ответы на частые вопросы](https://docs.google.com/spreadsheets/d/1r8Dx4T-5ONjpmCcuJU76T1pQfqJ30Bmo2_nNoQORpGQ/edit?gid=0#gid=0).**

.

🎨 Рисование на компьютере: От первых штрихов до цифровых картин

(Ключевые слова для поиска: рисование, цифровая живопись, пиксель-арт)

Цифровое рисование — это магия творчества без пятен краски на ковре. Для ребёнка 7–10 лет это самый естественный способ подружиться с технологиями. Мы не просто учим проводить линии мышкой, мы превращаем компьютер в бесконечный холст, где можно экспериментировать с текстурами, цветами и формами, не боясь испортить лист бумаги.

.

**Почему это актуально именно сейчас**

*   Полезное экранное время. Вместо простого просмотра мультфильмов ребёнок учится их создавать. Это переход от потребления контента к его созиданию.
*   Скрытая компьютерная грамотность. Пока ребёнок рисует, он осваивает жизненно важные навыки: работу с браузером, создание папок, сохранение и поиск файлов.
*   Развитие мелкой моторики и усидчивости. Уверенное владение мышкой — это база, которая пригодится и в школе, и в более сложных IT-направлениях.
*   Фундамент для будущего. В 7–10 лет закладывается база креативного мышления. Навыки работы с цветом и композицией — это первый шаг в сторону дизайна и 3D-моделирования.

**🎓 Чему научим:**

*   Цифровой иллюстрации: пониманию цвета, работе с простыми и сложными формами, использованию разных кистей и текстур.
*   Графическим редакторам: работе в Piskel (пиксель-арт), Sketch.IO и Magma. Это отличная подготовка перед профессиональными программами.
*   Техническим навыкам: созданию папок, организации рабочего пространства на ПК и правильному сохранению проектов.
*   Креативности: умению воплощать свои фантазии в законченные проекты, которыми можно гордиться.

**🧪 Что на пробном уроке?**

*   Первый шаг в мир Digital Art:
*   Знакомство с Piskel: ребёнок узнает, как создаются картинки из маленьких квадратиков (пикселей).
*   Первый рисунок: создание собственной цифровой иллюстрации с нуля.
*   Первый успех: учимся правильно скачивать работу и сохранять её в личную папку.

**🎯 Что получит ребёнок:**

*   Цифровое портфолио: более 15 собственных работ — от забавного пиксель-арта до многоплановых пейзажей.
*   Уверенность в себе: ребёнок перестаёт бояться компьютера и начинает воспринимать его как инструмент для творчества.
*   Творческую свободу: навык, позволяющий самостоятельно создавать открытки и иллюстрации.

**🚀 Дальнейшие шаги:**

После курса «Рисование на компьютере» в Айтигенио открыты отличные пути для развития:

*   Цифровая живопись — для перехода к более сложным техникам рисования и глубокой работе с цветом.
*   Рисование на планшетах (Android и iOS) — перенос навыков на мобильные устройства для творчества в любом месте.
*   Старт в мире нейросетей — изучение того, как ИИ помогает художникам создавать невероятные образы.
*   Старт в дизайне — знакомство с миром графики, логотипов и фирменного стиля.
*   Мягкие навыки (Soft Skills) — чтобы уверенно презентовать свои шедевры и находить единомышленников.

.

Системные требования: • О: Windows 7/8/8\.1/10 x64, Mac OS X 12\.0 и выше; • Оперативная память: от 4 Гб и выше, процессор: 2 ядерный процессор от 2 ГГц";1;1;1;1;Нет;;Да;;Дизайн и творчество;visible;;ru;ru;
zH3ZMCtYo9RZAxaYJ;Рисование на компьютере 30;Теселкина Александра;vBMCwHYXRhMCmHPbG;6;;invisibly;1;;;"Windows, MacOS, Linux, ChromeOS";;;Индивидуальный;"Научим ребенка рисовать в онлайн-программах: от пиксель-арта до digital-иллюстраций. Все, что нужно, — компьютер и мышка!";https://itgen.io/design/risovanie-na-kompyutere;;;"#рисование-на-компьютере

Ни перед пробным, ни перед новым ничего не нужно устанавливать. Нужны комп/ноут и мышка!

Ответы на частые вопросы.

.

Чему научим?

- Создавать цифровые иллюстрации: будет учиться понимать цвет и работать с простыми формами, изучать разные текстуры, кисти

.

- Освоить навыки работы с графическими редакторами: познакомится с Piskel, Sketch.IO и Magma, после которых будет легче переходить в профессиональные программы

.

- Разовить воображение и самостоятельность: возраст 7-10 лет — самый благодатный период, если хочется заложить важные навыки на будущее

.

- Прокачать компьютерную грамотность: будет лучше владеть мышкой, ориентироваться в браузере, создавать папки, сохранять и искать файлы на компьютере, научится сохранять, экспортировать и делиться своими проектами

.

- Создать свои первые проекты:завершит курс с готовыми иллюстрациями, которыми можно будет хвастаться друзьям и близким и будет готов к более сложным курсам цифрового творчества, дизайна и 3D

.

Особенности обучения?

-Не просто уроки рисования, а мягкое погружение в азы компьютерной грамотрости.

.

Что на пробном уроке?

Ребёнок познакомится с программой Piskel и создаст свой первый digital рисунок. Научится скачивать его на компьютер и сохранять в отдельную папку.

.

Вау эффект какой?

По окончанию курса ребёнок создат больше 15 собственных цифровых рисунков - от пиксель-арта, жо полноценных многоплановых иллюстраций. Разовьёт креативное мышление, перестанет бояться работать за компьютером, подготовится к изучению более сложных программ для цифрового творчества или 3D-моделирования.

.

Курс расчитан на 24-28 часов.

.

Системные требования: • О: Windows 7/8/8\.1/10 x64, Mac OS X 12\.0 и выше; • Оперативная память: от 4 Гб и выше, процессор: 2 ядерный процессор от 2 ГГц";1;1;0.7;1;Нет;;;;Дизайн и творчество;invisibly;;ru;;
o9sdLQwHBivmwWqrP;Рисование на планшете And/IOS;Гайдук Ольга;q6pFbcWZS6qdqu7hv;9;;onlyAdmin;2;;;;"Android, iPad";Да;"Индивидуально-групповой, Индивидуальный, Групповой";"Курс подготовки иллюстраторов и digital-художников. Изучение основ рисунка, композиции, теории цвета, шрифтов. Разные техники рисования и инструменты в приложениях для цифровой живописи на Android и iOS";https://itgen.io/design/digital_zhivopis/android;;;"[#цифровая\_живопись](https://itgenio.slack.com/archives/C0220REJ1RQ)

.

[Визитка направления](https://editor.itgen.io/editor/JgTifSdJbNYvZp).

**🎨 Рисование на Android и IOS — первые шаги в цифровом искусстве**

Цифровое рисование — это возможность создавать картины прямо на планшете!

Ребёнок научится передавать свои идеи и эмоции с помощью цвета, света и композиции, откроет мир цифрового творчества и соберёт собственное портфолио ярких работ.

.

**Почему рисование на Android** и IOS **— отличный старт для юных художников**

*   Доступно и увлекательно.Всё, что нужно — планшет. Программы просты, а результат вдохновляет с первых занятий.
*   Творчество без границ. Цифровое рисование позволяет создавать без страха ошибиться — любая линия или цвет легко исправляются.
*   Развивает воображение и художественное мышление. Дети учатся видеть форму, цвет и композицию, развивая вкус и внимание к деталям.
*   Это шаг к профессиональной иллюстрации. Освоенные программы используют настоящие дизайнеры, иллюстраторы и художники.

**🎓 Чему научим**

*   Создавать цифровые картины и иллюстрации на планшете.
*   Пользоваться инструментами популярных приложений (Ibis Paint, Infinity Painter).
*   Работать с цветом, светом и тенью.
*   Развивать воображение, внимание и чувство композиции.
*   Самостоятельно реализовывать идеи — от эскиза до готового арт-проекта.

**💡 Особенности обучения**

*   🖌️ Программа построена по принципу «от простого к сложному»: от освоения кистей и слоёв — до создания сюжетных иллюстраций и игровых персонажей.
*   🎮 Обучение проходит в игровом формате, с заданиями на воображение и проектами, вдохновлёнными мультфильмами, играми и любимыми историями.
*   📱 Курс можно проходить в любом приложении — тренер подстраивается под выбор ребёнка.

**🔍 Что на пробном уроке**

На первом занятии ребёнок:

*   знакомится с интерфейсом выбранного приложения;
*   создаёт свою первую цифровую иллюстрацию;
*   пробует инструменты кистей, цвета, слоёв;
*   узнаёт, как легко исправлять ошибки и экспериментировать.
*   Если ребёнок уже рисует — тренер поможет перейти на следующий уровень и использовать продвинутые функции.

**🎯 Результаты обучения**

*   Ребёнок научится создавать качественные цифровые иллюстрации и мини-проекты.
*   Сможет уверенно рисовать в нескольких редакторах и выберет свой любимый.
*   Получит собственное портфолио работ.
*   Разовьёт чувство цвета, композиции и визуального стиля.

**🌟 Вау-эффект**

🎨 Уже с первого занятия ребёнок создаёт иллюстрацию, которой можно гордиться.

Каждая новая работа — шаг к пониманию стиля, цвета и цифрового искусства.

📚 Программа курса — 20\+ часов (программа сейчас находится в процессе актуализации и ребенок получит самое лучшее!)

**Модуль 1\. Ibis Paint X (12 часов)**

*   Освоение интерфейса и инструментов — 6 часов
*   Иллюстрации и создание собственных проектов — 6 часов

Модуль 2\. Infinity Painter (13 часов)

*   Основы и инструменты — 5 часов
*   Иллюстрации — 8 часов

.

🖍️ Все темы дополняются творческими заданиями и проектами по воображению — дети создают собственные картины и персонажей, вдохновлённые любимыми историями.

.

**🧰 Технические требования и подготовка к занятию**

*   📱 Для занятий подойдёт планшет на Android или IOS.
    
*   Для первого занятия стилус не обязателен, но для последующих занятий рекомендуем купить стилус, чтобы было удобнее рисовать
    
*   💬 Уроки проходят в Google Meet, Jitsi или Яндекс Телемост в зависимости от страны ученика (в РФ не работает Google Meet)
    
*   На планшет приложения для связи нужно установить заранее.
    

🎨 Для уроков потребуется установить программу для рисования (одну из):

*   Ibis Paint X — рекомендуется! Бесплатная, простая и стабильная.
*   Infinity Painter  — платная, подходит старшим детям.

**👶 Возраст и формат**

*   Курс подходит для детей от 9 лет.
*   Формат: онлайн-занятия через Google Meet, Google Meet, Jitsi или Телемост.
*   Продолжительность курса — до 60 часов, в зависимости от выбранной программы и темпа ученика.

\*Ксения Паховцева и Полина Тишкова могут проводить занятия для учеников с телефона";1;1;1;1;Нет;;;;Дизайн и творчество;onlyAdmin;;ru;ru;
SNagGXX9Etf2yshWi;Робототехника Arduino;Стельмах Егор;pTaCqh2tdpPEAfuTZ;10;;Доступно;2;;;"Windows, MacOS, Linux, ChromeOS";;;"Индивидуально-групповой, Индивидуальный";"Курс для детей и взрослых. Выпускник научится соединять диоды, батарейки, кнопки, резисторы, моторчики, датчики, клавиатуры и прочие детали. Создавать свои механизмы. После 5-6 занятий необходимо наличие веб-камеры и стартового набора Arduino Kit.";https://itgen.io/programmirovanie/kurs-robototexniki;https://itgen.io/kurs-robototexniki_gena;;"[#ардуино](https://itgenio.slack.com/archives/C01JP7Q1LVA)

[Наборы Робототехники](https://docs.google.com/document/d/1vy0ggR6I_pwREiYPCm4eBGq0k09kDV8JDJRKanZ6Ltw/edit?tab=t.0).

.

[Визитка направления](https://editor.itgen.io/editor/M4xewRw8-KNUM9).

🦾 Робототехника на Arduino: Создай своего первого робота

(Ключевые слова для поиска: робототехника, ардуино, arduino, схемотехника)

Робототехника — это оживление кода в реальном мире. Если обычное программирование остается внутри экрана, то здесь каждая строчка кода заставляет мотор вращаться, датчик — чувствовать расстояние, а светодиод — мигать. Мы учим ребёнка мыслить как инженер-изобретатель: понимать устройство техники и создавать свои собственные гаджеты с нуля.

**Почему робототехника актуальна именно сейчас**

*   Инженерное мышление — навык будущего. Понимание того, как работают датчики и схемы, пригодится в любой технологичной профессии: от медицины до беспилотного транспорта.
*   Программирование на базе C\+\+. Ребёнок осваивает не просто «игрушечный» код, а основы одного из самых мощных и востребованных языков программирования в мире.
*   Безопасный старт без лишних затрат. Мы начинаем в виртуальной среде Tinkercad. Ребёнок может ошибаться и «сжигать» компоненты на экране без вреда для бюджета родителей, прежде чем перейдет к реальному набору.
*   Связь теории с практикой. Физика и электроника перестают быть скучными формулами из учебника, когда ребёнок видит их действие в собранном им механизме.

**🎓 Чему научим:**

*   Основам электроники: как работают ток, напряжение, резисторы и транзисторы.
*   Схемотехнике: как правильно соединять компоненты, чтобы всё работало и не перегорало.
*   Программированию Arduino: написанию кода, работе с библиотеками и управлению «железом».
*   Конструированию: сборке полноценных роботов, которые умеют обходить препятствия, реагировать на свет или температуру.

**🧪 Что на пробном уроке?**

*   Первый шаг к изобретениям в виртуальной лаборатории Tinkercad:
*   Знакомство с симулятором: узнаем, как собирать схемы онлайн.
*   Первая схема: соберем работающий фонарик с последовательным соединением.
*   Встреча с Arduino: увидим «мозг» будущего робота в действии.
*   Магия кода: напишем простую программу, чтобы управлять светом.

**🎯 Что получит ребёнок:**

*   Навык «сделай сам»: уверенность в том, что он может собрать и починить сложное устройство.
*   Собственные проекты: от умной лампы до автономного робота.
*   Базу C\+\+: понимание логики серьезного программирования через визуальный результат.

**🚀 Дальнейшие шаги:**

После освоения Arduino в Айтигенио можно развиваться в разных направлениях:

*   Python/ C\+\+ — чтобы научиться создавать более сложные системы управления и работать с искусственным интеллектом.
*   Мягкие навыки (Soft Skills) — чтобы научиться презентовать свои изобретения и работать в команде над крупными проектами.
*   Финансовая грамотность (Teens) — чтобы рассчитать стоимость компонентов для своего стартапа или понять, как монетизировать свои изобретения.

**📦 Важная информация:**

*   Формат: Сначала Tinkercad (виртуально), затем — работа с реальным набором Arduino (нужна веб-камера).
*   Язык: Направление только на русском языке.
*   Длительность: Базовый курс — 30–40 часов, углубленный — до 65 часов.
*   Оборудование: На пробный урок ничего покупать не нужно! Список компонентов для продвинутых занятий (плата Uno, датчики, моторы) тренер даст позже.";1.3;1.3;1;1;Нет;;Да;;Программирование;visible;;"ru, en, es";ru;
tJeBLXfxJ9diRL7Wt;Русский язык;Скрипченко Татьяна;rKRmC3jG2mjbuarwB;8;;Доступно;2;;;"Windows, MacOS, Linux, ChromeOS";;;"Индивидуальный, Групповой";"Курс для тех, кто желает заполнить пробелы по предмету Русский язык. Знание русского языка требуется на выпускных и вступительных экзаменах. Система подготовки к экзаменам, расширение словарного запаса, практика написания хороших сочинений";https://itgen.io/shkolnye-predmety/russkiy-yazyk;https://itgen.io/russkiy-yazyk-gena;;"[#рки](https://itgenio.slack.com/archives/C0160ASMTQW)

**✍️ Русский язык: Грамотность и культура речи**

(Ключевые слова для поиска: русский, грамотность, впр, сочинение)

Русский язык в Айтигенио — это не зубрёжка правил, а умение ими пользоваться. Мы помогаем ребёнку восполнить пробелы в знаниях, «приручить» сложные диктанты и научиться излагать мысли так, чтобы его было интересно читать. Это курс для тех, кто хочет видеть в дневнике пятёрки, а в тетрадях — минимум исправлений.

**Почему это актуально именно сейчас**

*   Результат в дневнике за 1,5–2 месяца. Наша методика позволяет быстро подтянуть темы и превратить «троечника» в уверенного отличника.
*   Подготовка без стресса. Мы планомерно готовим к ВПР, диктантам и сочинениям, чтобы на реальной контрольной ребёнок чувствовал себя спокойно.
*   Развитие культуры речи. Мы учим не только писать, но и говорить: красиво, грамотно и убедительно.

**🎓 Чему научим:**

*   Безупречной грамотности: разбор всех «коварных» правил орфографии и пунктуации.
*   Мастерству текста: написание логичных и выразительных сочинений и изложений.
*   Работе над ошибками: закрытие всех пробелов в школьной программе.
*   Эффективной подготовке: отработка формата ВПР и контрольных работ.

**✍️ Что будет на пробном?**

На первом занятии проводится комплексная диагностика, чтобы определить сильные стороны ученика и выявить пробелы в знаниях, требующие особого внимания. Программа урока адаптируется под возраст ребенка и темы, которые вызывают у него наибольшие трудности.

Главный результат — индивидуальный подход к целям ученика. Будь то подготовка к контрольным работам, повышение грамотности или развитие разговорной речи, по итогам занятия будет выстроен план обучения, сфокусированный на конкретном запросе родителя и ребенка.

**🚀 Дальнейшие шаги:**

После укрепления знаний по русскому языку ребёнок переходит к развитию смежных навыков:

*   Мягкие навыки (Soft Skills) — освоение приёмов ораторского искусства, методов управления эмоциями и техник ведения диалога.
*   Мнемотехника — освоение приёмов быстрого запоминания словарных слов, правил, дат и эффективной работы с текстами.
*   Книжный клуб — чтение и разбор классических и современных произведений, анализ характеров героев и практика литературной дискуссии.

**📦 Важная информация:**

*   Аудитория: только для детей с родным русским языком.
*   Возраст 5–7 лет: детей этого возраста записываем на «Подготовку к школе».";1.2;1.2;1;1;Нет;;Да;;Школьные предметы;visible;;"ru, en, es";ru;
d68ZN5J9z5Ejw2Rjb;Русский язык как иностранный;Скрипченко Татьяна;rKRmC3jG2mjbuarwB;7;;onlyAdmin;1;;;"Windows, MacOS, Linux, ChromeOS";;;"Индивидуальный, Групповой";"Курс для детей и взрослых, которые осваивают русский язык с нуля или на основе базовых знаний. Направление подходит для жителей всех стран мира. Программа предусматривает развитие навыков чтения, устной и письменной речи.";https://itgen.io/kursy-inostrannyh-yazykov-dlya-detey/russkiy-inostrannyy-yazyk;https://itgen.io/rki_gena;;"[#рки](https://itgenio.slack.com/archives/C0160ASMTQW)

🇷🇺 РКИ: Первый шаг 

(Ключевые слова для поиска: рки старт, русский с нуля, russian for beginners)

Этот курс — бережный старт для тех, кто делает первые шаги в русском языке. Мы понимаем, что кириллица и новые звуки могут пугать, поэтому на начальном этапе обучение проходит на английском языке. Это позволяет ребёнку чувствовать себя уверенно, постепенно погружаясь в новую языковую среду через игры, видео и живое общение.

*   Комфортная адаптация. Использование английского как языка-посредника помогает быстрее объяснить сложные правила и установить доверие между тренером и учеником.
*   Универсальный навык. Русский язык — один из самых распространенных в мире. Ранний старт даёт огромное преимущество в будущем общении и обучении.
*   Развитие гибкости ума. Переключение между двумя разными знаковыми системами (латиница и кириллица) — это мощная тренировка для мозга и логики.
*   Фокус на сходствах. Мы начинаем с букв и слов, которые созвучны английским, чтобы ребёнок сразу увидел свой прогресс и поверил в свои силы.

**🎓 Чему научим:**

*   Основам общения: базовым фразам для взаимодействия с тренером и ответов на простые вопросы.
*   Алфавиту и фонетике: распознаванию русских букв, правильному произношению звуков и чтению по слогам.
*   Первому словарному запасу: лексике по базовым темам (семья, цвета, животные, цифры).
*   Слуховому восприятию: привыканию к звучанию русской речи и пониманию простых инструкций.

**🧪 Что на пробном уроке?**

Это увлекательное знакомство с новым миром, где ребёнок сразу видит результат:

*   Диагностика уровня: тренер мягко определяет, что ученик уже знает, и выявляет интересы.
*   Магия сходств: находим буквы, которые пишутся и звучат похоже на английские.
*   Первые слова: в игровой форме учим базовые выражения и пробуем их использовать.
*   Индивидуальный план: тренер подбирает методику (игры для детей или практические кейсы для подростков) и выстраивает маршрут обучения.

**🎯 Результат курса:**

*   Навык чтения: ребёнок умеет читать простые слова и предложения по слогам.
*   Базовая база: знание алфавита, фонетических правил и ключевой лексики.
*   Готовность к росту: максимально бережный переход на следующую ветку обучения с носителем языка.

🚀 Дальнейшие шаги:

После освоения базы на стартовом курсе ребёнок переходит к углубленному изучению:

*   Русский язык с носителем — изучение грамматики, культурных кодов и практика свободного разговорного общения.
*   Мнемотехника — освоение приёмов быстрого запоминания новых иностранных слов и сложных правил.
*   Мягкие навыки (Soft Skills) — изучение техник самопрезентации, работы с эмоциями и ораторского искусства.
*   Подготовка к школе — изучение основ счёта до 20, решение логических задач и развитие усидчивости.

📦 Важная информация:

*   Язык обучения: английский (с постепенным внедрением русской лексики).
*   Формат: занятия по 60 минут, упор на визуальные и аудио материалы.
*   Цель: подготовить ученика к свободному взаимодействию в русскоязычной среде.";1;1;1;1;Нет;;;;Иностранные языки;onlyAdmin;;"ru, en, es";"ru, en";
S9eNk6hhEN6d8B9hJ;Русский язык с носителем;Скрипченко Татьяна;rKRmC3jG2mjbuarwB;7;;Доступно;1;;;"Windows, MacOS, Linux, ChromeOS";;;"Индивидуальный, Групповой";"Курс рекомендован тем, кто хочет повысить уровень русского языка. Практикуем говорение, чтение и изучаем грамматику с носителем языка.";https://itgen.io/kursy-inostrannyh-yazykov-dlya-detey/russkiy-inostrannyy-yazyk;https://itgen.io/rki_gena;;"[#рки](https://itgenio.slack.com/archives/C0160ASMTQW)

**🇷🇺 Русский язык с носителем**

(Ключевые слова для поиска: рки, русский как иностранный, russian for foreigners, носитель)

Русский язык с носителем — это не просто уроки, а полное погружение в живую языковую среду. Мы помогаем ученикам преодолеть барьер и начать использовать русский язык для реальной жизни: от бытовых диалогов до выражения сложного мнения, споров и обсуждения сказок. Это путь от первых базовых фраз до глубокого понимания «таинственной русской души» и грамотной речи.

*   Преодоление барьера. Общение с носителем с первых занятий приучает слух к естественному темпу речи и правильному произношению, избавляя от страха «сказать что-то не так».
*   Грамматика «с человеческим лицом». Мы не заставляем зазубривать таблицы. Мы объясняем логику падежей и спряжений на понятных примерах и через постоянную практику.
*   Культурный интеллект. Знание языка — это ключ к огромному пласту культуры: литературе, кино, фразеологизмам и юмору, которые делают общение по-настоящему живым.
*   Образовательные перспективы. Уверенное владение русским открывает доступ к обучению и профессиональным контактам в огромном русскоязычном сообществе по всему миру.

**🎓 Чему научим:**

Грамотной коммуникации: выстраивать диалоги для бытовых ситуаций, описывать объекты, выражать согласие или несогласие.

*   Сложной грамматике: постигать азы и тонкости русского языка под руководством опытных тренеров.
*   Анализу текстов: понимать прочитанное, выделять главное и отвечать на вопросы к текстам любой сложности.
*   Слуховому восприятию: распознавать русскую речь на слух через регулярное аудирование.
*   Лексическому богатству: использовать фразеологизмы, идиомы и понимать контекст русских сказок.

**🧪 Что на пробном уроке?**

Это интерактивная сессия длительностью 60 минут, где мы:

*   Проводим диагностику: определяем текущий уровень владения речью и выявляем «слабые места» для фокусной работы.
*   Адаптируемся под возраст: младших ждёт игра и чтение, подростков — живая разговорная практика и обсуждение интересов.
*   Погружаемся в практику: ученик сразу пробует слушать, читать и выполнять игровые письменные задания.
*   Создаём маршрут: по итогам урока выстраивается индивидуальный план обучения под конкретный запрос (произношение, подготовка к экзаменам или снятие барьера).

**🎯 Что получит ребёнок:**

*   Уверенность в речи: умение естественно использовать русский язык в разных жизненных ситуациях.
*   Прогресс в знаниях: последовательное освоение грамматики и расширение словарного запаса.
*   Индивидуальный подход: темп и сложность материалов подстраиваются под интересы и скорость ученика.

**🚀 Дальнейшие шаги:**

После освоения базы на курсе РКИ ребёнок может развивать таланты в других направлениях:

*   Мягкие навыки (Soft Skills) — освоение техник самопрезентации, правил ораторского искусства и методов управления эмоциями.
*   Мнемотехника — изучение приёмов быстрого запоминания новых слов, правил грамматики и эффективной работы с большими текстами.
*   Подготовка к школе — изучение основ счёта, письма и адаптация к школьному формату уроков (для дошкольников).

📦 Важная информация:

*   Формат: индивидуальные занятия по умолчанию (60 минут).
*   Оборудование: обязательно наличие русской клавиатуры.

**Особенности:**

Направление для ребят, которые только начинают изучать русский язык и пока не владеют им свободно. Изучаем новую лексику, основу грамматики для иностранцев, слушаем аудио. Учащиеся общаются с носителями языка, что позволяет им привыкнуть к языковой среде.";1.1;1.1;1;1.1;Нет;;Да;;Иностранные языки;visible;;"ru, en, es";"ru, en, es";
tQRZnfQPqPBAn3FDo;"Русский язык: ЕГЭ, ОГЭ, ЦТ";Скрипченко Татьяна;rKRmC3jG2mjbuarwB;15;;Доступно;1;;;"Windows, MacOS, Linux, ChromeOS";;;Индивидуальный;"Курс для подготовки к ЕГЭ, ОГЭ и ЦТ. Детальный анализ знаний, составление индивидуального плана. Распределение времени на экзамене, быстрое решения заданий, развитие внимания к деталям.";https://itgen.io/shkolnye-predmety/podgotovka-k-ege-oge;;;;1.2;1.2;1.2;1;Нет;;Да;;Школьные предметы;visible;;"ru, en, es";ru;
CCrkcWEnH6DypDsPZ;Скорочтение;Савчик Светлана;f4RxThzxJN6oLnuCy;6;12;Доступно;1;;;"Windows, MacOS, Linux, ChromeOS";"Android, iPad";;"Индивидуальный, Групповой";"Курс для учеников, которые уже умеют читать тексты, но хотят улучшить технику и скорость чтения. В результате увеличения скорости чтения ученик будет меньше уставать от чтения, меньше отвлекаться, тратить меньше времени на выполнение домашних заданий";https://itgen.io/doshkolnye-programmy-dlya-detey/skorochteniye;https://itgen.io/skorochteniye_itgenio_gena;;"[#скорочтение](https://itgenio.slack.com/archives/C01TD0Q2LTV)

.

[Визитка направления](https://editor.itgen.io/editor/yjEurfwfckh4IP).

**📖 Скорочтение — умение читать быстро и глубже понимать прочитанное**

.

Скорочтение — это не просто навык быстрее читать, а способ мыслить быстрее, запоминать лучше и эффективнее усваивать новую информацию.

Курс помогает детям развить внимание, память и концентрацию, чтобы чтение перестало быть рутиной и стало настоящим инструментом развития интеллекта.

.

**Почему скорочтение важно**

.

*   Это ускоряет обучение. Ребёнок начинает читать тексты в 2–3 раза быстрее, понимать их смысл и запоминать главное — без утомления и скуки.
*   Развивает мозг и мышление. Скорочтение тренирует внимание, память и воображение. Эти навыки помогают не только в школе, но и в повседневной жизни.
*   Повышает уверенность в своих силах.Когда чтение даётся легко, ребёнок быстрее справляется с уроками, чувствует прогресс и интерес к знаниям.
*   Это база для успешного обучения в будущем. Освоив скорочтение, ребёнок сможет быстрее изучать новые предметы и осознанно работать с информацией.

.

**🎓 Чему научим**

.

*   Освоит технику быстрого чтения и поймёт, как увеличить скорость в 2–3 раза.
*   Научится концентрироваться и удерживать внимание на тексте.
*   Разовьёт память и логическое мышление.
*   Сможет быстро находить ключевые мысли и запоминать главное.
*   Получит уверенность в чтении и в себе.

.

**💡 Особенности обучения**

*   📘 Все занятия проходят в игровой форме: тренировки памяти, внимания, упражнение на скорость восприятия и понимание текста.
*   👀 Упор делается на расширение поля зрения и развитие антиципации — умения догадываться о смысле текста.
*   🧠 Задания включают чтение слов с пропусками, перевёрнутыми буквами и скрытыми элементами — всё, что развивает скорость мышления и зрительное восприятие.

.

**🔍 Что на пробном уроке**

*   Проверим скорость чтения и уровень понимания текста.
*   Выполним упражнения на память и внимание.
*   Ребёнок прочитает деформированные тексты и увидит, как работает его мозг при чтении.

.

**🎯 Результаты обучения**

*   Скорость чтения увеличится в 2–3 раза.
*   Улучшатся память, внимание и скорость мышления.
*   Повысится понимание и качество усвоения информации.
*   Чтение станет лёгким, интересным и увлекательным процессом.

.

**🌟 Вау-эффект**

.

📚 Ребёнок будет читать быстрее и понимать больше — экономить время на уроках, с лёгкостью запоминать материал и получать удовольствие от чтения.

**.**

**👶 Возраст и формат**

.

Курс подходит для детей от 6 до 12 лет (для 13 лет — по согласованию с тренером).

Главное условие — ребёнок уже умеет читать. Если уровень чтения у ребёнка низкий - рекомендуется пройти модуль ""Уверенное чтение"".

Продолжительность курса: 30–40 часов, в зависимости от темпа и регулярности занятий.

.

**🚀 Дальнейшие шаги**

.

После курса по скорочтению ребёнок сможет продолжить развивать интеллект и мышление в других направлениях:

*   🧮 Ментальная арифметика — тренировка скорости счёта и внимания.
*   🧠 Мнемотехника — развитие памяти и навыков запоминания.
*   💬 Мягкие навыки (soft skills) — уверенность в общении, умение слушать и выражать мысли.
*   📚 Книжный клуб — развитие любви к чтению и умение рассуждать о прочитанном.

Каждое из направлений помогает закрепить навыки, полученные на курсе, и развивает ребёнка как самостоятельную и мыслящую личность.

.

Подробнее о направлении можно почитать здесь: [Скорочтение - описание](https://docs.google.com/document/d/1QBk05ORUyluFGnRTkCN7889JfWyAS72XoPe7U0-iFkc/edit?usp=sharing) На изучение данного курса потребуется от 30 до 40 часов в зависимости от скорости усвоения материала и выполнения домашнего задания.

**Появился модуль СКОРОСЧЁТ**

Ребёнок научится быстро и уверенно считать в уме, решать задачи и работать с числами без стресса. Мы используем игровые тренажёры и нейроматематические методики, учитывающие особенности детского мышления, чтобы развить внимание, память и логику.

.

**Скоросчет записываем** к Савчик Светлане, Скрипченко Татьяне и Лысюк Ангелине.";1;1;1;1;Нет;;;;Развитие личности;visible;;"ru, en, es";ru;
KHiqmtCDM5rmib5Zr;Скорочтение 30;Савчик Светлана;f4RxThzxJN6oLnuCy;7;;invisibly;1;;;"Windows, MacOS, Linux, ChromeOS";;;Индивидуальный;-;;;;-;0.7;0.7;0.7;1;Нет;;;;Развитие личности;invisibly;;ru;;
Xjt9g8NQLaTdS3a37;Создание модов Minecraft;Ярахович Алина;mt5usMZK4LkwBH4ht;8;;onlyAdmin;1;;;"Windows, MacOS, Linux, ChromeOS";;;"Групповой, Индивидуально-групповой";Научим создавать модификации (моды) в программе MCreator и применять навыки творческого мышления в любимой игре;https://itgen.io/intensiv-po-sozdaniu-modov-v-minecraft;;;Направление для групповых интенсивов по Minecraft;1;1;1;1;Нет;;Нет;;Групповые занятия;onlyAdmin;;ru;ru;
20;Создание музыки;Вишневецкая Александра;kqhRM9KRgfvetQsw5;9;;Доступно;2;;;"Windows, MacOS, Linux, ChromeOS";;Да;"Индивидуально-групповой, Индивидуальный";"На этом курсе научимся делать свою музыку: собирать биты, придумывать мелодии и работать со звуками, как настоящие продюсеры. Уже с первого занятия ты создашь свой маленький трек и поймёшь, как рождаются хиты.";https://itgen.io/design/music-flstudio;https://itgen.io/flstudio-gena;;"[#создание\_музыки](https://itgenio.slack.com/archives/CTDLVVAFM)

.

[Визитка направления](https://editor.itgen.io/editor/pYRzGwN-j8FE7J).

**🎵 FL Studio — программа, в которой создают современную музыку**

FL Studio — это настоящая музыкальная студия на компьютере. В ней пишут биты, электронные треки, саундтреки к играм и роликам. Интерфейс здесь довольно насыщенный, но именно поэтому FL Studio позволяет ребёнку попробовать себя в роли настоящего музыкального продюсера. Шаг за шагом ученик понимает, как управлять звуками, ритмом и инструментами — и создаёт свою собственную музыку.

**Почему FL Studio актуальна именно сейчас**

*   Это реальный инструмент, которым пользуются музыканты. FLStudio — не игрушка. Это программа, в которой работают начинающие и профессиональные продюсеры. Она подходит подросткам, которым важно не просто «сделать звук», а разобраться в том, как музыка создаётся на самом деле.
*   Развивает слух, внимание и творческое мышление.Работа с ритмом, мелодиями, гармонией, эффектами — это отличный тренажёр для мозга. Ребёнок учится слышать, анализировать и придумывать.
*   Здесь можно сразу делать музыку. **Даже без знания нот и музыкальной грамоты**. Да, интерфейс сложнее, чем в простых приложениях, но зато результат появляется уже на первых уроках: биты, мелодии, маленькие музыкальные фрагменты.
*   Это современный навык. Музыка — часть цифровой культуры. Умение создавать свои треки помогает ребёнку самовыражаться и понимать, из чего построены любимые композиции.

**🎓 Чему научимся**

*   Создавать свои треки с нуля
*   Работать со звуками, ударными, мелодиями и басом
*   Использовать эффекты: эквалайзер, компрессию, реверб
*   Настраивать синтезаторы и создавать собственные звучания
*   Делать треки в разных жанрах: house, trap, synthwave, dubstep
*   Собирать полноценную композицию от начала до финала

**🎯 Что получит ребёнок**

*   Первые собственные треки, которые можно показывать друзьям
*   Понимание, как устроена современная музыка
*   Навык работы в профессиональной музыкальной среде
*   Базу музыкальной теории: ритм, мелодия, аккорды
*   Умение мыслить творчески и доводить проект до результата

**🎵 Что будет на пробном?**

Ученик познакомится с интерфейсом программы FL Studio и узнает, где брать качественные звуки для своих проектов. Он научится работать с таймлайном, добавлять аудиофайлы в программу и правильно комбинировать звуки из библиотеки.

Главный результат — создание первого настоящего трека. Ребенок научится составлять ударные партии и объединять звуковые отрывки в единую композицию, что позволит получить готовый музыкальный результат даже без знания нот.

.

**🚀 Дальнейшие шаги**

*   🎤 Вокал

Идеальный шаг для тех, кто хочет не только создавать музыку, но и исполнять её. На вокале ребёнок научится владеть голосом, ритмом, эмоциями — и сможет записывать свои песни поверх собственных минусовок.

*   🎮 Создание игр (Unity / Unreal / Roblox)

Если ребёнку нравится работать со звуком, он легко найдёт себя в геймдеве: озвучка, музыкальное оформление, саунд-дизайн и работа с атмосферой — всё это логичное продолжение музыкальных навыков.

*   🎥 Видеомонтаж и создание контента

Музыка \+ видео = сильная комбинация. Ребёнок сможет делать клипы, трейлеры, визуализации под свои треки, оформлять видео так, чтобы звук “звучал” ещё мощнее.

*   🎨 Цифровая живопись и дизайн (графический планшет, Photoshop, Illustrator)

Музыканты тоже нуждаются в визуальном стиле: обложки треков, оформление альбомов, плакаты, баннеры — всё это можно создавать самостоятельно.

*   🧠 Мягкие навыки (креативное мышление, коммуникация, ораторское мастерство)

Подойдёт для ребят, которым важно уверенно выступать, презентовать свои треки, работать в командах, придумывать оригинальные идеи и развивать творческое мышление.

.

**Программа курса**

**.**

*   **🎛 Модуль 1\. Основы FL Studio**

Ребёнок познакомится с рабочим пространством, научится писать ударные, добавлять инструменты, работать с микшером и эффектами.

*   **🔊 Модуль 2\. Синтез звука**

Изучит, как создаются басы, лиды и атмосферные звуки. Научится менять тембр, форму волны, собирать свои звучания.

*   **🎚 Модуль 3\. Сведение**

Разберётся, как «подружить» инструменты между собой: как обрабатывать звук, работать с частотами и создавать чистое, мощное звучание.

*   **🎼 Модуль 4\. Музыкальная теория**

Поймёт основы: ритм, гаммы, аккорды, мелодии, структура песни.

*   🎵 Модуль 5\. Практика в жанрах

Ребёнок попробует себя в разных стилях: synthwave, house, dubstep, trap, dnb, phonk — и создаст свои первые полноценные треки.

.

Обязательна установка программы для первого занятия. Для пробников - запись с 9 лет. Материалы - это видео на русском, но сам интерфейс программы на английском, так что ученику главное понимать русскую речь (если он не очень хорошо читает на русском, то подходит).

На изучение данного курса на базовом уровне без дополнительных тем потребуется, в среднем, 50-60 часов. Изучение на углубленном уровне может занять до 100 часов.";1;1;1;1.1;Нет;;Да;;Дизайн и творчество;visible;;"ru, en, es";"ru, en";
P4dWqEkpZgCvFFkGN;Создание нейросетей на Python;Санталова Анастасия;jGdXYkWDiCbFWLg6A;;;onlyAdmin;1;;;"Windows, MacOS, Linux, ChromeOS";;;Индивидуальный;"Научимся создавать нейросети, применяя взрослый программный код. Тренеры просто и понятно расскажут об основах машинного обучения и алгоритмах искусственного интеллекта.";https://itgen.io/programmirovanie-nejrosetej-na-python;;;"[#neural-network](https://itgenio.slack.com/archives/C07ABRL2VU3)

.

ПРОБНИКОВ НЕ ЗАПИСЫВАЕМ

Детей младше 12 лет не записываем!

🧠 Нейросети на Python

.

Создание нейросетей — это глубокое погружение в Data Science и Machine Learning. Подросток не просто использует готовый ИИ (как ChatGPT), а пишет код на языке Python, чтобы обучить свой собственный алгоритм. Ученики работают с профессиональными инструментами IT-гигантов (TensorFlow, NumPy, Pandas) и создают нейросети, которые могут распознавать лица, жесты и генерировать картинки с нуля.

.

**Почему это актуально именно сейчас:**

*   Искусственный интеллект — главный тренд десятилетия, а навыки ML-инженера — прямой путь в самые востребованные IT-профессии.
*   От потребителя к создателю. Вместо простого написания промптов, подросток учится понимать, как ИИ работает изнутри.
*   Инженерный подход. Обучение нейросетей круто развивает логику: нужно строить гипотезы, чистить ""грязные"" данные и анализировать ошибки алгоритма.
*   Инструменты из реальной индустрии. Мы работаем с технологиями, которые прямо сейчас используются в медицине, GameDev и безопасности.

.

**🎓 Чему научим**

*   Собирать и очищать данные, выстраивая автоматизированные Data Pipelines
*   Понимать архитектуру ИИ: скрытые слои, веса, функции потерь и слой Dropout
*   Программировать алгоритмы машинного зрения (Computer Vision)
*   Обучать нейросети распознавать эмоции по лицу и жесты рук через веб-камеру
*   Работать с генеративными сетями (Autoencoder), создавая новые изображения из цифрового шума

.

**🎯 Что получит подросток**

*   Сильное портфолио из ML-проектов (интерактивная камера, трекинг жестов, генератор картинок)
*   Понимание того, как нейросеть «смотрит» на мир и как перевести любую информацию в числа
*   Опыт применения предобученных моделей для решения сложных практических задач на выбор
*   Навыки замера результатов (baseline) и их улучшения: как сделать контуры резче, а фон белее

.

**✅ Для кого подходит?**

Для уверенного прохождения вводного модуля достаточно знать базовые конструкции языка Python и уметь работать с функциями и СЛОВАРЯМи.

На первом занятии мы сразу начнем готовить реальные данные для ИИ: фильтровать их через условия и циклы, а также писать функции для обработки. Этого фундамента хватит, чтобы легко написать свой первый Data Pipeline.

.

**🎨 Что будет на вводном модуле?**

Вводный модуль работает как «подушка безопасности». Ученик не слушает сухую теорию, а сразу решает задачу по очистке реальных данных на Python и визуализирует их. Он пройдёт небольшую входную практику и сам оценит свой уровень без стресса: комфортно ли решать задачи курса, или основы программирования нужно освежить.

.

**📚 Программа курса — 16 часов**

*   **Модуль 1\. «Подушка безопасности»: Работа с данными и Data Pipeline**

++Что изучаем (Теория и инструменты):++

*   Погружение в среду: импорт библиотек NumPy и Pandas.
*   Работа с «грязными» данными: очистка строк, нормализация, фильтрация шума с помощью условий (if) и циклов (for).
*   Массивы NumPy: работа с размерностью данных (1D/2D), быстрая арифметика, маски и пороговая обработка.
*   Извлечение признаков: как выделить из таблицы то, что реально поможет нейросети обучиться.

++Практика:++ Пишем функции очистки, собираем списки в аккуратные датасеты и визуализируем результаты с помощью Matplotlib.

++Итог модуля:++ Ты напишешь свой первый полноценный Data Pipeline (автоматизированный конвейер по обработке данных) и пройдешь самодиагностику, чтобы понять, готов ли ты к созданию сложных архитектур ИИ.

*   **Модуль 2\. Классификация и Компьютерное зрение (Computer Vision)**

++Что изучаем (Теория):++

*   Как устроена нейросеть под капотом: веса, скрытые слои, архитектура и зачем нужен слой Dropout.
*   Как сеть учится на датасетах и почему важна нормализация значений (от 0 до 1).

Практика (4 проекта):

*   Проект 1: Алгоритм распознавания одежды и рукописных цифр.
*   Проект 2: Классификация животных (учим ИИ отличать кошек от собак).
*   Проект 3: Подключаем веб-камеру — создаем трекер, который в реальном времени считывает твои эмоции по лицу.
*   Проект 4: Распознавание жестов — пишем ИИ, с которым можно сыграть в «Камень-ножницы-бумага» на камеру.

++Итог модуля++ (Самостоятельный челлендж): Ты сам найдешь датасет в интернете, возьмешь предобученную модель и решишь с её помощью реальную практическую задачу на классификацию (например: научишь ИИ расспознавать есть ли у человека COVID или нет по рентгеновскому снимку).

*   **Модуль 3\. Генеративные нейросети (Generative AI)**

Что изучаем (Теория):

*   В чем разница между реконструкцией (восстановлением) изображения и чистой генерацией.
*   Как работают архитектуры Autoencoder и VAE.
*   Практика:
*   Учим нейросеть «повторять» картинку и восстанавливать её качество.
*   Генерируем новые визуальные объекты (цифры) из цифрового шума.
*   Улучшаем качество генерации: делаем белый фон, более резкие контуры и добиваемся разнообразия результатов.

++Итог модуля:++ Ты выполнишь мини-проект «Baseline → Improved», где наглядно сравнишь первую версию своей генерации с улучшенной, а также проведешь самостоятельное исследование по генеративным нейросетям.

.

**⚠️ ВАЖНАЯ ИНФОРМАЦИЯ ДЛЯ АДМИНОВ (Внутренний регламент):**

После 1-го или 3-го урока ребёнок может отвалиться, если ему сложно. В таком случае его надо вернуть на Python.

Алгоритм действий: связаться с тренером -\> попросить составить индивидуальный план, как быстрее дойти до нужных тем -\> пройти их, подтянуть базу -\> после этого можно будет вернуться на направление нейросетей.";1.1;1.1;1;1;Нет;;;;Программирование;onlyAdmin;2;"ru, en";"ru, en";
iuicBFbDybPLyRbJQ;Спокойный родитель;Гунькина Екатерина;m3giHWwAbbsKBTFc6;15;;onlyAdmin;2;;;"Windows, MacOS, Linux, ChromeOS";"Android, iPad";;"Индивидуальный, Групповой";"Спокойный родитель – это курс для родителей, который помогает наладить контакт с ребенком и решить острые родительские вопросы с помощью психолога и безопасного пространства единомышленников.";https://itgen.io/vebinar-konflikty-s-rebenkom;;;"Сейчас проводим 1 платный вебинар

Стоимость – 1 ГФ";1;1;1;1;Нет;;;;Групповые занятия;onlyAdmin;;ru;ru;
5LzqsSzjJPKT3YhoZ;Старт в дизайне: Photoshop;Капариха Татьяна;TuuxHqNwgt3udSSkP;11;;Доступно;2;https://portal.itgen.io/joinMaterial/2wsJmWEThWL7DpCFt;XbrTo7yzuTi6SeRwh;"Windows, MacOS, Linux, ChromeOS";;Нет;"Индивидуально-групповой, Индивидуальный";"Помогаем подросткам попробовать себя в диджитал дизайне и найти своё, обрести современные цифровые навыки и развить творческое мышление. Мы научимся работать в Photoshop: делать коллажи, постеры, обрабатывать фото и придумывать яркие проекты.";https://itgen.io/design/photoshop_itgenio;https://itgen.io/design/photoshop_itgenio;;"[#photoshop-2](https://itgenio.slack.com/archives/C07VA3RUM6V)

.

[Визитка направления](https://editor.itgen.io/editor/0jVf6yRc3WTYxb).

**Полезное -** [ответы на вопросы](https://docs.google.com/spreadsheets/d/1A7Mu0uIOILrQDsC5lr-b-4mWDLQaPDNBoMWsiQV_eiI/edit?gid=0#gid=0)**.**

**ВАЖНО: на пробном занятии не нужен фотошоп. Устанавливаем только перед ПЕРВЫМ ПЛАТНЫМ уроком. Отправляем сразу после записи на занятия (или сразу после оплаты пакета, если идут после пробного).**

**.**

**🎨 Старт в дизайне — первые шаги в Photoshop**

На этом курсе ребёнок освоит основы графического дизайна в Photoshop с нуля: от создания коллажей и ретуши фотографий до анимации и бренд-дизайна. Занятия построены так, чтобы развивать не только технические навыки, но и креативное мышление — умение придумывать оригинальные идеи и воплощать их в зрелищные работы.

.

**Почему Photoshop важен для начинающих дизайнеров**

*   Один из самых востребованных инструментов дизайнера. Photoshop используют в рекламе, иллюстрации, веб-дизайне, создании контента для соцсетей.
*   Творчество с первого дня. Ребёнок не только изучает кнопки, но и сразу пробует свои силы в создании реальных проектов.
*   Развитие креативного мышления. Мы учим не просто работать с инструментами, а находить интересные идеи и визуальные решения.
*   Возможность попробовать себя в разных сферах дизайна. Курс охватывает и работу с фото, и коллажи, и элементы бренд-дизайна — ребёнок сможет понять, что ему ближе.

.

🎓 Чему научим

*   Работать с основными инструментами Photoshop
*   Создавать коллажи, постеры, логотипы и иллюстрации
*   Обрабатывать и улучшать фотографии
*   Подбирать цвета, шрифты, создавать гармоничные композиции
*   Использовать нейросети как источник идей и вдохновения
*   Самостоятельно доводить проект от идеи до готовой работы

.

**🎨 Что будет на пробном?**

Ученик познакомится с интерфейсом программы и освоит базовый инструментарий: кисти, ластик и возможности трансформации объектов. Он научится работать с выделением через «Волшебную палочку» и поймет принцип устройства слоев.

Главный результат — создание собственного коллажа. Ребенок научится объединять несколько изображений в одном документе и узнает, как правильно сохранять готовую работу в разных форматах.

.

**🎯 Что получит ребёнок**

*   Собственное портфолио из ярких проектов — от логотипов до анимации
*   Базовые знания в композиции, цветоведении и типографике
*   Навык работы с современными инструментами дизайнера
*   Развитое креативное и визуальное мышление
*   Опыт самовыражения через графику и дизайн

.

**🚀 Дальнейшие шаги**

**После курса ребёнок сможет:**

*   Продолжить обучение графическому дизайну в Illustrator
*   Перейти к цифровой живописи с графическим планшетом
*   Пойти ищучать дизайн приложений, сайтов и интерфейсов на Web-дизайн
*   Пойти изучать Blender
*   Попробовать себя в роли видеомонтажера на курса Видеомонтаж Premier Pro

.

**📚 Программа курса — 36–40 часов**

*   Знакомство с Photoshop и базовыми инструментами
*   Создание коллажей и постеров
*   Ретушь и улучшение фотографий
*   Основы композиции, цвета и шрифта
*   Элементы бренд-дизайна
*   Анимация и креативные проекты
*   Итоговая работа для портфолио

.

**💥 Вау-эффект**

Ребёнок уже на первых занятиях почувствует себя настоящим дизайнером, создавая яркие проекты. К концу курса он будет уверенно воплощать свои идеи в визуальные работы, которыми можно гордиться.

.

**💻 Системные требования**

*   ОС: Windows 7/8/10 x64 или macOS 12\.0\+
*   ОЗУ: от 4 ГБ
*   Процессор: от 2 ядер, от 2 ГГц

*   Если дети 8-10 лет - отправляем на Рисование на компьютере.
*   Если хотят рисовать с графическим планшетом или другими планшетами, то отправлять на ЦЖ, рисование Procreate или Рисование на Android.
*   Если 10, но почти 11 и очень хотят новый ФШ - спрашиваем у тренера и отправляем на новый при получении согласия.";1;1;1;1;Нет;;Да;;Дизайн и творчество;visible;;ru;ru;https://portal.itgen.io/joinMaterial/2wsJmWEThWL7DpCFt
y97uTaoCEWsbG5vBm;Старт в мире нейросетей;Санталова Анастасия;jGdXYkWDiCbFWLg6A;7;10;Доступно;1;;;"Windows, MacOS, Linux, ChromeOS";;;"Индивидуально-групповой, Индивидуальный";"Мини-курс, который поможет детям познакомиться с самыми популярными видами нейросетей. Ребята научатся создавать изображения, видео, музыку. Научатся правильно писать запросы нейросети - так, чтобы она точно понимала, какой результат от неё ждут.";https://itgen.io/razvivayushchie-programmy-dlya-detey/nejroseti;;;"[#старт-в-мире-нейросетей](https://itgenio.slack.com/archives/C08JW343N9F)

.

[**Визитка направления**]()

.

[**ПАМЯТКА ДЛЯ РОДИЕТЛЯ**](https://drive.google.com/file/d/11slcRDobuiG39x2uasnspLFK1Z-4kJOk/view?usp=sharing) (обязательно отправлять после пробного/перед новым/ознакомительного)

.

Принято, обновляю блок «Дальнейшие шаги» для направления «Старт в мире нейросетей». Теперь он идеально состыкован с учебным треком для младших ребят.

🤖 Старт в мире нейросетей: Творчество будущего

(Ключевые слова для поиска: нейросети, ии, ai, старт ии)

Нейросети — это как волшебная палочка, которая понимает твои слова. Представьте, что у ребёнка есть личный художник, музыкант и режиссёр, которые мгновенно воплощают его идеи. Мы учим ребёнка правильно «общаться» с цифровым разумом, развивая логику, грамотную речь и творческий подход.

**Почему это актуально именно сейчас**

*   Новый вид грамотности. В 2026 году умение работать с ИИ — базовый навык. Мы даём ребёнку преимущество, обучая технологиям будущего уже сегодня.
*   От потребителя к создателю. Ребёнок перестаёт просто смотреть контент — он понимает, как он устроен, и учится генерировать уникальные проекты сам.
*   Развитие речи и логики. Чтобы нейросеть выдала крутой результат, нужно чётко описать идею. Это тренирует навык формулирования мыслей.
*   Быстрый успех. Даже те, кто не умеет рисовать или писать музыку, получают потрясающий результат, что дарит уверенность в своих силах.

**🎓 Чему научим:**

*   Искусству запросов (промптов): как писать задачи, чтобы ИИ понимал их с первого раза.
*   Цифровой графике: генерации и редактированию уникальных изображений.
*   Видео и музыке: созданию коротких роликов и треков с помощью нейросетей.
*   Основам ИИ: пониманию того, как работают современные технологии изнутри.

**🧪 Что на пробном уроке?**

*   Знакомство с магией: узнаем, как ИИ «думает» и откуда берёт знания.
*   Первый промпт: ребёнок сам напишет запрос и увидит результат на экране.
*   Первое портфолио: создание и сохранение картинки в личную папку.

**🚀 Дальнейшие шаги:**

После знакомства с нейросетями в Айтигенио ребёнок может развивать таланты дальше:

*   Рисование на компьютере — чтобы научиться создавать графику самостоятельно и комбинировать её с ИИ-артами.
*   Scratch — чтобы «оживить» созданных персонажей и запрограммировать свою первую игру.
*   Мягкие навыки (Soft Skills) — чтобы уверенно презентовать свои ИИ-проекты и работать в команде.
*   Финграмотность Junior — чтобы понять ценность своих проектов и научиться грамотно планировать бюджет.

**📦 Важная информация:**

*   Возраст: 7 лет — строго ИФ. 6 лет — исключение (только ИФ).
*   Требования: На ИГФ дети должны уметь читать и немного печатать.
*   Длительность: 8 часов (4 модуля по 2 часа).

.

[**Программа для родителей**](https://drive.google.com/file/d/1A8lhR99iHRSRQsFS7K_zPMa164Ictogw/view)

.

*   МОДУЛЬ 1\. Знакомство с нейросетями и создание изображений – 2 часа
*   МОДУЛЬ 2\. Создание видео с помощью нейросетей – 2 часа
*   МОДУЛЬ 3\. Создание музыки – 2 часа
*   МОДУЛЬ 4\. Завершающий проект - 2 часа";1;1;1;1;Нет;;Да;;Развитие личности;visible;;ru;ru;
Ypg8xY7FJYK4f4xXJ;Тайм-менеджмент: junior;Бобкова Наталья;ywqNgcfBqasmhPPpf;8;10;onlyAdmin;1;;;"Windows, MacOS, Linux, ChromeOS";;;Групповой;"Научимся управлять временем, успевать больше и не уставать. Будем ставить цели, планировать день, бороться с отвлечениями и создавать свои полезные привычки.";https://itgen.io/mini-kurs-time-managment;;;"⏰ Тайм-менеджмент — навык, который помогает детям успевать больше и чувствовать себя увереннее

Тайм-менеджмент — это не про строгие расписания и «надо». Это про умение управлять своим временем так, чтобы оставались силы на учёбу, отдых, хобби и друзей. На мини-курсе ребёнок учится понимать себя, расставлять приоритеты, ставить цели и аккуратно выстраивать собственный день так, чтобы он приносил радость, а не стресс.

Курс создан специально для детей и подростков: все инструменты, техники и задания адаптированы под возраст, а примеры связаны с реальной жизнью ребёнка — школа, кружки, отдых, игры, общение.

**Почему тайм-менеджмент важен сейчас**

*   💡 Помогает справляться с учебной нагрузкой. Дети учатся выбирать главное, организовывать свои дела и доводить начатое до конца — без стресса и хаоса.
*   📱 Снижает влияние отвлекающих факторов .Мы разбираем, что «крадёт» время в реальности и интернете, и как вернуть внимание себе.
*   💪 Формирует полезные привычки .Ребёнок учится выстраивать удобные рутины, чтобы день проходил легче и стабильнее.
*   🧘 Помогает соблюдать баланс. Дети узнают, что энергия — тоже ресурс, и учатся восстанавливаться, когда переутомляются.
*   🤝 Развивает коммуникацию .В групповом формате ребята учатся слушать, взаимодействовать, поддерживать друг друга.

🎓 Чему научим

*   замечать «похитителей времени» и управлять ими;
*   распределять дела по важности;
*   ставить достижимые цели и составлять пошаговый план;
*   концентрироваться и уменьшать отвлечения;
*   создавать полезные привычки и рутины;
*   бороться с прокрастинацией;
*   следить за уровнем своей энергии и восстанавливать силы;
*   работать в группе: задавать вопросы, слушать, высказываться.

🎯 Что получит ребёнок

*   свою систему планирования на каждый день;
*   умение расставлять приоритеты и видеть «картину недели»;
*   уверенность в том, что он способен организовать учёбу и отдых;
*   навыки самостоятельности и ответственности;
*   улучшение успеваемости благодаря более понятной организации дня;
*   поддержку от тренера и понятные рекомендации для родителей.

🚀 Дальнейшие шаги

После мини-курса ребёнок может усилить результат в других направлениях школы:

*   Soft Skills — коммуникация, критическое мышление, эмоциональный интеллект
*   Python / Roblox / Minecraft / Tinkercad — для развития логики и проектного мышления
*   Финансовая грамотность — управление ресурсами и планирование

**📚 Программа курса**

**Junior (8–10 лет)**

*   Мой день: куда уходит время? — учимся замечать активности, которые съедают время.
*   Привычки и порядок — формируем полезные привычки и чек-листы.
*   План дня — различаем важное и срочное, пробуем простые методы планирования.
*   Внимание и фокус — узнаём, что отвлекает, и применяем техники концентрации.
*   Энергия и отдых — учимся понимать своё состояние и восстанавливаться.
*   Мотивация и настойчивость — ставим короткие цели и строим «лестницу мотивации».
*   Я управляю своим временем — создаём «день мечты» и личную памятку.

**✨ Вау-эффект**

Ребёнок создаст собственную систему управления временем, которую сможет использовать каждый день: свой план, свои правила, свои техники — всё адаптировано под него. Это даёт чувство контроля, уверенности и реальных достижений уже в первые недели.";1;1;1;1;Нет;;;;Групповые занятия;onlyAdmin;;ru;ru;
qkqCXsTkXff5K2hyW;Тайм-менеджмент: teens;Бобкова Наталья;ywqNgcfBqasmhPPpf;11;;onlyAdmin;1;;;"Windows, MacOS, Linux, ChromeOS";;;Групповой;"Научимся управлять временем, успевать больше и не уставать. Будем ставить цели, планировать день, бороться с отвлечениями и создавать свои полезные привычки.";https://itgen.io/mini-kurs-time-managment;;;"⏰ Тайм-менеджмент — навык, который помогает детям успевать больше и чувствовать себя увереннее

Тайм-менеджмент — это не про строгие расписания и «надо». Это про умение управлять своим временем так, чтобы оставались силы на учёбу, отдых, хобби и друзей. На мини-курсе ребёнок учится понимать себя, расставлять приоритеты, ставить цели и аккуратно выстраивать собственный день так, чтобы он приносил радость, а не стресс.

.

Курс создан специально для детей и подростков: все инструменты, техники и задания адаптированы под возраст, а примеры связаны с реальной жизнью ребёнка — школа, кружки, отдых, игры, общение.

Почему тайм-менеджмент важен сейчас

*   💡 Помогает справляться с учебной нагрузкой. Дети учатся выбирать главное, организовывать свои дела и доводить начатое до конца — без стресса и хаоса.
*   📱 Снижает влияние отвлекающих факторов. Мы разбираем, что «крадёт» время в реальности и интернете, и как вернуть внимание себе.
*   💪 Формирует полезные привычки. Ребёнок учится выстраивать удобные рутины, чтобы день проходил легче и стабильнее.
*   🧘 Помогает соблюдать баланс. Дети узнают, что энергия — тоже ресурс, и учатся восстанавливаться, когда переутомляются.
*   🤝 Развивает коммуникацию. В групповом формате ребята учатся слушать, взаимодействовать, поддерживать друг друга.

**🎓 Чему научим**

*   замечать «похитителей времени» и управлять ими;
*   распределять дела по важности;
*   ставить достижимые цели и составлять пошаговый план;
*   концентрироваться и уменьшать отвлечения;
*   создавать полезные привычки и рутины;
*   бороться с прокрастинацией;
*   следить за уровнем своей энергии и восстанавливать силы;
*   работать в группе: задавать вопросы, слушать, высказываться.

🎯 Что получит ребёнок

*   свою систему планирования на каждый день;
*   умение расставлять приоритеты и видеть «картину недели»;
*   уверенность в том, что он способен организовать учёбу и отдых;
*   навыки самостоятельности и ответственности;
*   улучшение успеваемости благодаря более понятной организации дня;
*   поддержку от тренера и понятные рекомендации для родителей.

**🚀 Дальнейшие шаги**

После мини-курса ребёнок может усилить результат в других направлениях школы:

*   Soft Skills — коммуникация, критическое мышление, эмоциональный интеллект
*   Python / Roblox / Minecraft / Tinkercad — для развития логики и проектного мышления
*   Финансовая грамотность — управление ресурсами и планирование

📚 Программа курса

Teens (11\+ лет)

*   Куда исчезает моё время? — анализ дня и карта «похитителей времени».
*   Мои привычки и рутины — создаём собственные распорядки для стабильности.
*   Приоритеты и планирование — работаем с матрицей Эйзенхауэра и правилом 1-3-5\.
*   Цели и достижения — изучаем SMART и корректируем шаги.
*   Как не откладывать важное — изучаем причины прокрастинации и учимся её победить.
*   Баланс и энергия — создаём личный энергоплан.
*   Моя карта времени — оформляем свою систему тайм-менеджмента.

**✨ Вау-эффект**

Ребёнок создаст собственную систему управления временем, которую сможет использовать каждый день: свой план, свои правила, свои техники — всё адаптировано под него. Это даёт чувство контроля, уверенности и реальных достижений уже в первые недели.";1;1;1;1;Нет;;;;Групповые занятия;onlyAdmin;;ru;ru;
wQQ3ynDeAYMxo4PpX;Тьюторинг;Рогалевич Елена;9;5;;Доступно;1;;;"Windows, MacOS, Linux, ChromeOS";;;Индивидуальный;"Самоопределение, индивидуальная образовательная траектория, наставничество. Задача тьютора - помочь ребенку оценить свои способности и интересы, и на основании этого составить индивидуальный образовательный маршрут.";https://itgen.io/individualnyj-trek-obucheniya;;;"[#тьюторинг](https://itgenio.slack.com/archives/C053HV5SY6L)

.

**Бесплатных пробных - нет. Стоимость - 1 ИФ**

.

Тьютор — это личный наставник для ребенка, который помогает ему лучше узнать себя, поддерживает интерес к учебе, учит ставить цели и достигать их.

.

**Особенности в обучении?**

Каждое занятие строится на индивидуальном подходе. Вместе с тьютором ребенок выстраивает свой собственный путь в обучении и развивает важные навыки, такие как умение планировать, концентрироваться и справляться с трудностями. Тьютор становится личным коучем ребенка, помогая адаптировать программу под его потребности и интересы, уделяя внимание академическим знаниям и эмоциональному состоянию ребенка.

.

**Что на первом занятии?**

**.**

Тьютор познакомится с ребенком, поисследует вместе с ним его интересы, цели, склонности и способности, а далее определит, какие направления развития будут для него наиболее подходящими и полезными.

В результате занятий с тьютором ребенок учится ставить цели, принимать решения, делать осознанный выбор своих увлечений и занятий.

.

**Как сейчас выглядит процесс работы с тьютором:**

**.**

1.  Ученик проходит вводное / пробное
2.  Клиент оплачивает первый пакет
3.  Ученик проходит 1 — 3 коммерческих урока
4.  Админ связывается с клиентом и предлагает записаться на встречу с тьютором
5.  Проходит полноценная встреча с тьютором итог которой: формирование цели обучения. Как родителей, так и ребенка
6.  Через 30 дней после первой встречи админ снова предлагает встречу, чтобы сверить ожидания и результаты

.

**Вау эффект какой?**

**.**

Ребенок почувствует собственную важность и значимость, поскольку сможет принять самостоятельные осознанные решения, в которых его сопроводит тьютор. А также ребенок сможет поставить амбициозные цели и наметить план по их достижению!";1;1;1;1;Нет;;Да;;Развитие личности;visible;;"ru, en, es";"ru, en";
96uBmoMgKzojgLAck;Уверенное чтение 30;Савчик Светлана;f4RxThzxJN6oLnuCy;6;7;invisibly;1;;;"Windows, MacOS, Linux, ChromeOS";;;Индивидуальный;"Курс для учеников, которые хотят научиться читать уверенно. В результате увеличения скорости чтения ученик будет меньше уставать от чтения, меньше отвлекаться, тратить меньше времени на выполнение домашних заданий";https://itgen.io/doshkolnye-programmy-dlya-detey/skorochteniye;https://itgen.io/skorochteniye_itgenio_gena;;"[#скорочтение](https://itgenio.slack.com/archives/C01TD0Q2LTV)

Чему научим?

Научимся читать уверенно и без запинок, чтобы подготовиться к изучению Скорочтения. Систематические тренировки концентрации внимания, памяти помогут ребёнку развить умение быстро выделять в тексте ценную, полезную информацию из прочитанного материала, ускорят процессы мышления, улучшат зрительный навык, способность мыслить логически правильно, и в результате существенно повысят скорость чтения и запоминание важной информации. Формируем правильную технику чтения.

.

Особенности в обучении?

Особое внимание уделено заданиям на расширение оперативного поля чтения ребёнка, чтение слов, предложений и текстов с пропусками, перевёрнутыми или прикрытыми словами, которые будут способствовать антипации (смысловой догадке), а значит, и скорости чтения.

.

Что на пробном уроке?

Проверим как читает ребёнок. Выполним ряд упражнения на внимание и память. А также будем читать различныетексты.

.

Результат в конце курса какой?

Увеличение скорости чтения от собственной в 2-3 раза , улучшение памяти и концентрации внимание, ускорят процессы мышления и запоминание информации.

.

Вау эффект какой?

Экономия времени. Можно быстрее узнавать информацию.

.

Главное условие - знать буквы и уметь читать по слогам)";0.7;0.7;0.7;1;Нет;;;;Дошкольные программы;invisibly;;ru;;
DoohGLReWeiFBT9SJ;Физика;Шабунько Дмитрий;aB57S7cbrCjXtYqcz;12;;Доступно;2;;;"Windows, MacOS, Linux, ChromeOS";;;"Индивидуальный, Групповой";"Курс для ликвидации пробелов по физике и практике решения задач. Систематизация знаний, развитие познавательных интересов и творческих способностей. Использование метода кейсов — решение актуальных проблем с помощью полученных знаний.";https://itgen.io/shkolnye-predmety/fizika;https://itgen.io/physics_gena;;"**УТП:**

1\. Восполнит пробелы в знаниях и одновременно разберет с учителем текущие темы

2\. Качественно подготовится к контрольным, проверочным работам и ВПР

3\. Поймет сложные темы, которые учителя в Айтигенио объяснят понятным ребенку языком

4\. Улучшит оценки. За 1,5 - 2 месяца наши ученики становятся хорошистами и отличниками

5\. Придет к цели: подготовится к поступлению в ВУЗ, олимпиадам или просто исправит оценки

6\. Научится решать физические задачи и справляться с домашней работой без помощи интернета и решебников

7\. Покажет результат: хорошие оценки в дневнике и уверенность в своих знаниях на уроках

.

**Чему научим?**

Учебный курс по физике предназначен для погружения в мир фундаментальных законов природы, изучения физических явлений и практического применения знаний.

.

**Особенности в обучении?**

Программа обучения охватывает широкий спектр тем, используя интерактивные эксперименты и практические задания, чтобы ученики могли экспериментировать и исследовать.

.

**Что на пробном уроке?**

Пробное занятие предлагает диагностику и знакомство с основными законами физики, небольшие эксперименты и обсуждение ключевых понятий.

.

**Результат в конце курса?**

Ученики приобретут глубокое понимание фундаментальных принципов физики, научатся применять их в решении задач и понимании окружающего мира.

.

**Вау-эффект?**

Изучение физики обогатит понимание законов природы, позволит лучше понимать окружающие физические явления и развивать навыки решения задач.

.

Возраст для познания физики допустим с 10 лет, но если хорошая математическая подготовка, так же стремление к размышлению и любознательности. **Основной возраст 12-13 лет.** Изучение физики происходит с разбором теоретической и практической части. Физика разделена на блоки разделов, в которых ребёнок изучает физические явления и не только. Материалы на русском языке. На английском пока ещё нет (это в процессе). Если есть запрос от родителей, изучение определённых тем, обязательно уточнить (информацию закреплять и высылать заранее для тренера).";1.2;1.2;1;1.2;Нет;;Да;;Школьные предметы;visible;;"ru, en, es";"ru, en";
vj9oTnbta3piMqGPG;"Физика: ЕГЭ, ОГЭ, ЦТ";Шабунько Дмитрий;aB57S7cbrCjXtYqcz;15;;Доступно;1;;;"Windows, MacOS, Linux, ChromeOS";;;Индивидуальный;"Курс для ликвидации пробелов по физике. Подготовка к ЕГЭ, ОГЭ и ЦТ. Детальный анализ знаний, составление индивидуального плана. Систематизация знаний. Распределение времени на экзамене, стратегии быстрого  решения заданий, развитие внимания к деталям";https://itgen.io/shkolnye-predmety/podgotovka-k-ege-oge;;;;1.2;1.2;1.2;1;Нет;;Да;;Школьные предметы;visible;;"ru, en, es";ru;
7WDXkWLzWjvG92QJZ;Финансовая грамотность;Теселкина Мария;tJgarMQGoM2zXGscM;11;;invisibly;2;;;"Windows, MacOS, Linux, ChromeOS";;;"Индивидуальный, Индивидуально-групповой";Курс финансовой грамотности для детей и подростков. Выпускник научится управлять личными финансами и достигать финансовые цели. Приобретет навыки предпринимательской деятельности и научится инвестировать на фондовых рынках и в криптовалюты.;https://itgen.io/razvivayushchie-programmy-dlya-detey/finansovaya-gramotnost;https://itgen.io/financial-literacy_gena;;"[#fin\_gramotnost](https://itgenio.slack.com/archives/C020P8R2WQM)

.

**НЕ ЗАПИСЫВАЕМ НОВЫХ УЧЕНИКОВ ВООБЩЕ!ТОЛЬКО ДЛЯ УЧЕНИКОВ АНГЛ И КТО УЖЕ ЗАНИМАЕТСЯ И ТАК**

.

[Визитка направления](https://editor.itgen.io/editor/xppKebLThKMq1J?_gl=1*h2cpof*_gcl_au*MTYwNTUwNTgxNi4xNzU0OTE2MDQw*_ga*MTk2MzczNTg2NS4xNzU0OTE2MDQx*_ga_3BX55SPXCB*czE3NTg3OTg0MDckbzgxJGcwJHQxNzU4Nzk4NDA3JGo2MCRsMCRoMTU4NzMzMzg1NQ..).

**Чему научим?**

Мы научимся эффективно управлять личными финансами, использовать доступные финансовые инструменты для сохранения и увеличения своего благосостояния. На каждом занятии мы знакомимся с теоретическими понятиями и выполняем практические задания, которые направлены на закрепление материалы.

.

К пятому занятию мы научимся составлять личный и семейный бюджет, а к десятому занятию ученик грамотно управлять финансами, чтобы достигать любые финансовые цели, а также оберегать свои финансы от мошенников. К 16му занятию мы узнаем про основные финансовые инструменты, которые помогут ученику в управлении финасами: банковские карты, депозиты и кредиты, страхование рисков, а также мы определим роль государства и налогов в управлении финансами. На модуле Инвестиции к пятому занятию мы научимся составлять портфель из разных финансовых инструментов, а к десятому занятию ученик самостоятельно научится выбирать инстурменты для инвестирования и наилучшее время их покупки\продажи. А на Модуле Основы криптовалют на первом занятии мы изучим, что такое криптовалюта и как она устроена, а также чем отличаются разные криптовалюты. К восьмому занятию мы сможем выбрать подходящий способ покупки криптовалюты, сможем зарабатывать как на изменении цены актива, так и на пассивном инвестировании, и также сможем обезопасить себя от взлома и утери криптоактивов.

.

**Особенности в обучении?**

Во время обучения мы используем тренажеры и финансовые игры, которые помогают нам сформировать необходимые финансовые навыки.

.

**Что на пробном уроке?**

Определяемся с целями и задачами ученика на направлении. Проходим финансовую игру, в которой мы знакомимся с богатейшими людьми планеты и определяем, какие товары и услуги принесли им богатство, а также узнаем, какие привычки помогли сделать миллионерам состояние.

.

**Результат в конце курса какой?**

После окончания повышенного уровня мы составим свой инвестиционный портфель из акций, криптовалюты и других финансовых инструментов исходя из своих целей и лояльности к риску. При завершении продвинутого уровня ученик попробует себя в роли предпринимателя: упакует свой продукт и научится на нем зарабатывать.

.

**Вау эффект какой?**

Ученик сможет осознанно принимать финансовые решения и грамотно управлять своими финансами, сохранять и увеличивать свое благосостояние. Полученные навыки - основа жизненного успеха ученика.

.

На изучение данного курса на базовом уровне без дополнительных тем потребуется от 30 до 50 часов.";1;1;1;1;Нет;;;;Развитие личности;invisibly;;"ru, en, es";en;
7ZdHSbHsNCay843LM;Финграмотность: junior;Теселкина Мария;tJgarMQGoM2zXGscM;7;10;Доступно;1;;;"Windows, MacOS, Linux, ChromeOS";"Android, iPad";;"Индивидуальный, Групповой";"Научим ребёнка понимать, откуда берутся деньги, как ими разумно распоряжаться и зачем копить.
Ребёнок узнает, как вести бюджет, отличать желания от нужд и защититься от мошенников.
Занятия проходят индивидуально, в темпе и уровне понимания ученика.";https://itgen.io/razvivayushchie-programmy-dlya-detey/finansovaya-gramotnost;;;"[fin\_gramotnost](https://itgenio.slack.com/archives/C020P8R2WQM)

**.**

**Чему научим?**

Объясним, откуда берутся деньги, зачем вести бюджет и как делать разумные траты.

Научим ребёнка отличать нужное от желаемого, планировать накопления и избегать мошенников.

Покажем, как работать с деньгами в реальных и игровых ситуациях — понятно, просто и без давления.

.

**Особенности в обучении**

Занятия проходят в индивидуальном формате или в сплит, тренер адаптирует материал под возраст ребёнка.

Темы подаются через жизненные ситуации: покупки в магазине, карманные деньги, сбережения.

Много практики — ребёнок считает, планирует, делает выбор, обсуждает.

В курсе используются симуляции и тренажёры: это не теория, а настоящий опыт.

.

**Что на пробном уроке?**

Ребёнок знакомится с тренером и обсуждает, что знает про деньги.

Решает простые задачи: «на что хватит», «куда лучше потратить», «что выгоднее».

Выполняет практическое задание по теме «доходы и траты» и получает обратную связь.

.

**Результат в конце курса какой?**

Ребёнок умеет считать карманные деньги, различать траты, ставить цели и копить.

Понимает, как работает карта, как быть осторожным с деньгами в интернете.

Самостоятельно составляет бюджет, знает, как накопить на подарок, игрушку или мечту.

.

**Вау-эффект какой?**

Дети начинают осознанно относиться к деньгам:

— перестают тратить всё сразу

— планируют, копят и гордятся своими достижениями

— начинают применять навыки в реальной жизни

**ПРОГРАММА КУРСА на 16\+ часов:**

— 4 модуля по 4 занятия

Ключевые слова: деньги, покупки, бюджет, накопления, карточка, безопасность";1;1;1;1;Нет;;Да;;Развитие личности;visible;;ru;ru;
yHpTqnRwpRKpiPewi;Финграмотность: teens;Теселкина Мария;tJgarMQGoM2zXGscM;11;;Доступно;2;;;"Windows, MacOS, Linux, ChromeOS";"Android, iPad";;"Индивидуально-групповой, Индивидуальный";"На курсе поймём, как устроены деньги, как с ними обращаться и зарабатывать.
Разберёмся в личных финансах, научимся вести бюджет, ставить финансовые цели, копить и анализировать траты.
Изучит основы инвестиций, фриланса и предпринимательства";https://itgen.io/razvivayushchie-programmy-dlya-detey/finansovaya-gramotnost;;;"[fin\_gramotnost](https://itgenio.slack.com/archives/C020P8R2WQM)

.

**💰 Финансовая грамотность: Teens**

(Ключевые слова: финграм, личные финансы, карьера)

Финграмотность для подростков — это «инструкция к взрослой жизни». Мы не учим экономить на обедах. Мы даём инструменты, которые помогают превратить мечты в чёткие цели. Ребёнок поймёт, как устроены деньги в современном мире: от ведения личного бюджета до стратегий заработка на фрилансе и инвестиций без риска.

**Почему это актуально именно сейчас**

*   От карманных денег к осознанному бюджету. Ребёнок учится планировать расходы так, чтобы хватало и на ежедневные радости, и на крупные покупки (например, новый гаджет или обучение).
*   Заработок в цифровой среде. Мы разбираем реальные пути: фриланс, современный бизнес и востребованные профессии будущего. Подросток поймёт, как превратить свои таланты в источник дохода.
*   Иммунитет к мошенникам. В мире фишинга и скама критическое мышление — лучшая защита. Мы учим распознавать финансовые угрозы в сети и безопасно распоряжаться данными.
*   Поиск своего пути (Икигай). Финансы тесно связаны с карьерой. Мы помогаем подростку соотнести свои интересы с запросами рынка, чтобы выбрать дело, которое будет приносить и удовольствие, и доход.

**🎓 Чему научим:**

*   Планированию: составлять личный финансовый план на основе реальных доходов и расходов.
*   Инвестициям: работать в безопасных симуляторах, чтобы понять, как приумножать средства с учётом рисков.
*   Основам бизнеса и фриланса: упаковывать портфолио, искать первые заказы и продвигать свои услуги.
*   Карьерному треку: ориентироваться в профессиях будущего и ставить цели по саморазвитию.
*   Криптовалютам (доп. модуль): понимать устройство цифровых активов и технологию блокчейн.
*   **Длительность программы - 32 часа**

**🧪 Что на пробном уроке?**

Пробный урок — это интерактивное исследование, где ребёнок за 60 минут примерит на себя роль финансового стратега:

*   Запуск мотивации: Подросток сам формулирует, что ему важно: накопить на мечту, научиться зарабатывать или стать независимым.
*   Игра «Разрушители мифов»: Выясняем, на что на самом деле тратят деньги богатые люди (Маск, Цукерберг) и почему миллиарды на карте — это не всегда правда.
*   Создание «Доски желаний»: Превращаем абстрактное «хочу» в конкретные цели с помощью карты хотелок.
*   Диагностика уровня: Тест помогает определить текущий уровень грамотности (Junior или Middle).
*   Индивидуальный трек: Вместе с тренером ученик выбирает приоритеты (бюджет, фриланс или инвестиции) и составляет персональный план обучения.

**🎯 Что получит ребёнок:**

*   Личный финансовый план на 6 месяцев: четкое понимание, сколько нужно заработать и на что отложить.
*   Опыт работы в симуляторах: умение управлять «виртуальным капиталом», не рискуя реальными деньгами.
*   Навыки независимости: умение самостоятельно принимать финансовые решения и защищать свои средства в сети.

**🚀 Дальнейшие шаги:**

В Айтигенио финграмотность идеально дополняет любое техническое или творческое направление:

*   Python или Web-разработка — чтобы не просто писать код, а создавать продукты, которые можно выгодно продать.
*   Дизайн (Photoshop) или Видеомонтаж — база для успешного старта на фрилансе.
*   Roblox или Unitu — понимание экономики поможет в будущем монетизировать свои собственные игры.
*   Soft-skills или групповые Мягкие навыки

.

**Результат в конце курса какой?**

— Подросток ведёт личный бюджет и ставит кратко- и долгосрочные цели

— Собирает инвестиционный портфель в симуляторе с учётом своей склонности к риску

— Знает, как устроен фриланс, пробует найти первый заказ

— Понимает разницу между профессиями, формирует свой «икигай» и карьерную траекторию

— Грамотно относится к онлайн-платежам и защите данных

.

**Программа курса**

[Ссылка на программу](https://drive.google.com/file/d/1z2jRHhEBpC83GBYikzKdVqOUNOfWlzcs/view?usp=sharing)";1;1;1;1;Нет;;Да;;Развитие личности;visible;;ru;ru;
bfciLztcvW32XDBcA;Фортепиано;Кузьменко Настасья;C5nPbwEzbT2cwqjKZ;7;;Доступно;1;https://mooz.pro/ru/;;"Windows, MacOS, Linux, ChromeOS";;Да;Индивидуальный;"Курс фортепиано — это путь к музыкальности, самовыражению и гармоничному развитию! Мы научим ребёнка читать ноты, правильно ставить руки, разовьём слух, ритм и моторику. Занятия помогут сформировать дисциплину, уверенность и любовь к музыке.";;;;"[#вокал](https://itgenio.slack.com/archives/C08DDTEU56J)

.

**Для кого?**

**.**

Подходит для ребят, которые любят музыку и хотят научится играть для удовольствия. Для тех, кто уже занимается, но хочет развить свои музыкальные навыки и понимание теории музыки. В рамках занятий дети освоят музыкальную нотацию (умение читать ноты и другие музыкальные символы), разовьют музыкальный слух и чувство ритма, поддержат когнитивную активность и улучшат память, разовьют деловые навыки (дисциплина, терпение, умение ставить цели), на базовом или углубленном уровне изучат музыкальную грамоту, приобретут уверенность в себе, готовясь и участвуя в онлайн концертах. Фортепиано прекрасно подходит для обучения музыке независимо от возраста и уровня подготовки. Игра на пианино может быть отличным способом расслабления и самовыражения.

.

Обучение с нуля, музыкальная грамота совмещена с игрой на инструменте, уже с первого урока знакомимся с клавиатурой и пробуем играть. Уже в первый месяц ребёнок начнёт играть двумя руками простейшие произведения. Уровень сложности произведений растет с развитием ученика. 2 раза в год отчетные онлайн концерты.

.

**Что освоит ребенок?**

*   Мы разовьем музыкальный слух и чувство ритма, научим читать ноты и другие музыкальные символы.
*   Освоим правильную позицию рук и пальцев, разовьем моторику рук.
*   В игровой и понятной форме освоим основы музыкальной грамоты.
*   Разовьем исполнительское мастерство, память, дисциплину и терпение.
*   Поможем стать увереннее в своих способностях.

.

Системные требования для приложения:

.

**Обязательное наличие полноразмерных, взвешенных клавиш (88 клавиш)**

Windows Минимальные:

(Данные характеристики позволят использовать базовый функционал приложения, но могут возникнуть проблемы с производительностью):

Процессор - минимум двухъядерный, частота процессора от 2 ГГц;

Оперативная память - от 8 ГБ;

Операционная система - Windows 10;

Минимальная скорость интернета - 25 Мбит\сек;

Пинг - до 100 мс.

\+ Установка приложения на SSD Диск (необязательно);

\+ Подключение к сети интернет по кабелю (необязательно).";1;1;1;1;Нет;;;;Дизайн и творчество;visible;;ru;ru;https://mooz.pro/ru/
Ypepy7xwsrn4vLohB;Французский язык;Шишикина Анастасия;2QoskkF7CoeevZmXh;8;;Доступно;1;;;"Windows, MacOS, Linux, ChromeOS";;;"Индивидуальный, Групповой";"Salut! Хочешь понимать язык моды, приключений и самых вкусных десертов? На уроках мы не будем просто учить правила — мы будем играть, смотреть видео и учиться болтать о твоих любимых хобби, друзьях и путешествиях.";https://itgen.io/kursy-inostrannyh-yazykov-dlya-detey/frantsuzskiy-yazyk;https://itgen.io/french_gena;;"[#français](https://itgenio.slack.com/archives/C03N48GG831)

🇫🇷 Французский язык: От первых слов до свободного общения

(Ключевые слова для поиска: французский, франц, french)

Изучение французского — это не просто новый предмет, а развитие «интеллектуальной гибкости». Мы учим ребёнка не просто переводить слова, а понимать логику языка, культуру и живую речь. Наша цель — чтобы ребёнок мог заказать круассан в парижской пекарне, завести друзей-иностранцев или уверенно смотреть любимых блогеров в оригинале.

**Почему французский актуален именно сейчас**

*   Язык международного общения. Французский — официальный язык ООН, ЮНЕСКО и многих международных организаций. Это огромный плюс для будущей карьеры и образования в Европе.
*   Развитие памяти и слуха. Французское произношение тренирует артикуляцию и фонетический слух, что помогает легче осваивать любые другие иностранные языки в будущем.
*   Доступ к мировой культуре. Читать комиксы, смотреть современную анимацию и понимать тексты песен в оригинале — это дает ребёнку чувство сопричастности к большому миру.
*   Персонализация под цели. Мы адаптируем программу: кому-то нужно подтянуть школьную оценку, а кто-то готовится к переезду или международному экзамену.

**🎓 Чему научим:**

*   Живой коммуникации: понимать носителей языка и свободно участвовать в диалогах на повседневные темы.
*   Самопрезентации: ребёнок сможет рассказать о себе, своей семье, увлечениях и родном городе.
*   Грамотности: задавать вопросы, писать сообщения и письма, читать современные тексты.
*   Логике языка: грамматика и лексика подаются через понятные бытовые ситуации и видео, а не через сухие таблицы.

**🧪 Что на пробном уроке?**

*   Это важный диагностический этап, на котором мы:
*   Определяем текущий уровень (от A0 до B2).
*   Выявляем сильные стороны и «пробелы» (особенно если ребёнок уже учил язык ранее).
*   Формулируем конкретную цель (заговорить в отпуске, подготовиться к школе, сдать тест).
*   Составляем пошаговый план работы, чтобы обучение было максимально эффективным.

💡 Подсказка для админа: Чтобы тренер подготовил лучший материал, уточните у родителя: учил ли ребёнок язык раньше, умеет ли он читать и какая главная цель (например, «нужен французский для школы» или «хотим учить с нуля для общего развития»).

.

**🎯 Что получит ребёнок:**

*   Снятие языкового барьера: уверенность в том, что его поймут, и он поймёт собеседника.
*   Интерактивный опыт: отработка знаний через игры и обсуждение актуальных для детей тем.
*   Постоянный доступ к материалам: возможность повторить всё пройденное на платформе в любое удобное время.

**🚀 Дальнейшие шаги:**

Французский — это только начало пути. В Айтигенио ребёнок может развиваться комплексно:

*   Другие языки (Корейский): Если ребёнок вошёл во вкус, изучение второго иностранного (например, корейского) даст огромный плюс к его кругозору и сделает из него настоящего полиглота.
*   Финансовая грамотность (Teens/Junior): Чтобы ребёнок умел не только общаться на разных языках, но и грамотно управлять своими ресурсами в международной среде.
*   Программирование
*   Дизайн или Видеомонтаж: Творческие навыки помогут реализовать себя на международном фрилансе, общаясь с заказчиками напрямую.

**📦 Техническая информация:**

Уровни: от А0 (с нуля) до В2\.

Преподаватели: Маевская Полина (до уровня В1) и Карпова Анна.

Метод: видеоматериалы, игры и бытовые ситуации для быстрого запоминания.

**.**

Желательно уточнять примерный уровень ребенка: умеет ли читать, где учил, если учил. И круто бы было знать, цель изучения, чтобы грамотно подбирать материал. Уроверь А0 и до В2\.

Ведет Маевская Полина (до уровня В1) и Карпова Анна";1;1;1.2;1;Нет;;Да;;Иностранные языки;visible;;"ru, en, es";"ru, en";
zy7WzcL5tMAbzWBHd;Французский язык 30;Шишикина Анастасия;2QoskkF7CoeevZmXh;6;;invisibly;1;;;"Windows, MacOS, Linux, ChromeOS";;;Индивидуальный;"Курс рекомендован как для начинающих, так и для тех, кто хочет повысить уровень французского языка. С первого урока практикуем говорение, чтение и изучаем грамматику на уроках длительностью 30 минут.";https://itgen.io/kursy-inostrannyh-yazykov-dlya-detey/frantsuzskiy-yazyk;https://itgen.io/french_gena;;"[#français](#fran%C3%A7ais)

**Чему научим?**

Научим понимать тексты, сообщения и фразы из повседневной жизни. Понимать речь носителей и принимать участие в диалогах. Рассказывать о себе, своей семье, своем городе, а также учебе и увлечениях. Задавать вопросы и отвечать на них, как письменно, так и устно.

.

**Особенности в обучении?**

Обучение выстраивается в зависимости от уровня ученика, его интересов и предпочтений. На занятиях грамматика и лексика подаются через видео и бытовые ситуации. Запоминание и практическая отработка полученных знаний происходит с помощью игр, обсуждения современных тем и выполнения интерактивных заданий. После урока ученик может повторить пройденный материал на нашей платформе.

.

**Что на пробном уроке?**

На пробном уроке мы определим уровень ученика и выявим слабые стороны, определим цель изучения французского языка и наметим план дальнейшей работы

.

Желательно уточнять примерный уровень ребенка: умеет ли читать, где учил, если учил. И круто бы было знать, цель изучения, чтобы грамотно подбирать материал. Уроверь А0 и до В2\.

Ведет Маевская Полина (до уровня В1) и Карпова Анна";1;1;0.8;1;Нет;;;;Дошкольные программы;invisibly;;ru;;
EJcoh7u569iwSDnAd;Хакатон;Рогалевич Елена;9;5;;invisibly;1;;;"Windows, MacOS, Linux, ChromeOS";;;Групповой;"Хакатон - это мероприятие, где вы с другими учениками нашей школы под руководством тренера объединяетесь в команды и создаете свои проекты.";;;;;1;1;1;1;Нет;;;;Развитие личности;invisibly;;"ru, en, es";;
vLJpMfjW8qXjegG3W;Химия;Александрович Владимир;98zPFWFETGfsG8KHf;11;;Доступно;1;;;"Windows, MacOS, Linux, ChromeOS";;;"Индивидуальный, Групповой";"На этом курсе мы разберёмся, как устроена химия вокруг нас: почему происходят реакции, из чего состоят вещества и как делать простые безопасные эксперименты. Помощь в объяснении и выполнении домашнего задания. Подготовка к контрольным работам.";https://itgen.io/shkolnye-predmety/khimiya;https://itgen.io/chemistry_gena;;"**🧪 Химия — понятный старт в мире науки**

**
**

Химия часто кажется сложной и «для старших», но на самом деле это удивительная наука о том, как устроен мир вокруг нас. Мы помогаем детям увидеть логику химических процессов, научиться разбираться в формулах, понимать реакции и применять знания на практике.

.

Наш курс — это сочетание понятных объяснений, практических мини-опытов и индивидуального подхода. За 1,5–2 месяца дети начинают лучше понимать школьную программу и уверенно писать контрольные.

**⭐ Почему химия актуальна именно сейчас**

**
**

*   Школьная программа сложная — и нужна помощь, чтобы не потеряться. Много новых терминов, формул и задач. На нашем курсе ребёнок спокойно разберёт даже самые непонятные темы и закрепит базу.
*   Экзамены и профильные вузы требуют хорошего уровня химии. Даже если курс берут “не ради экзаменов”, понимание химии даёт большие шансы в будущем — от медицинского профиля до инженерных специальностей.
*   Это развивает аналитическое мышление. Химия — это логика, последовательность и умение рассуждать. Навыки помогают и в других предметах: в математике, биологии, физике.
*   Понятная химия — это безопасная химия. Мы показываем детям, как устроены реакции, почему происходят изменения и как применять знания без риска.

**🎓 Чему научим**

Ребёнок научится:

*   понимать основы химии: строение атома, вещества, реакции;
*   уверенно читать и составлять химические формулы и уравнения;
*   анализировать задачи и выполнять расчёты по химическим реакциям;
*   разбираться в кислотах, солях, оксидах, основаниях;
*   понимать органическую и неорганическую химию на уровне своей программы;
*   применять знания на практике через мини-опыты и упражнения;
*   учиться по индивидуальному плану: восполнять пробелы и изучать новые темы.

**🎯 Что получит ребёнок**

*   Уверенность в химии — без страха перед формулами и терминами
*   Улучшение школьных оценок (обычно через 1,5–2 месяца)
*   Чёткое понимание тем, которые раньше казались «неподъёмными»
*   Навык анализировать и объяснять, почему происходят химические процессы
*   Подготовку к углублённому изучению или олимпиадам
*   Интерес к естественным наукам и понимание, куда двигаться дальше

**📚 Программа курса**

Мы выстраиваем индивидуальный маршрут, но базовый план включает:

**1\. Введение в химию**

*   Что изучает химия, агрегатные состояния веществ, смеси, чистые вещества, атомы и элементы.

**2\. Неорганическая химия (7–9 кл.)**

*   строение атомов и периодический закон;
*   классы веществ: кислоты, оксиды, основания, соли;
*   типы химических реакций;
*   расчёты: масса, объём, количество вещества;
*   химическая связь и кристаллические решётки.

**3\. Химические реакции и растворы (8–9 кл.)**

*   скорость реакций и факторы влияния;
*   тепловой эффект;
*   химическое равновесие;
*   электролиты, диссоциация, ионные уравнения;
*   растворы и их характеристики.

**4\. Химия элементов (9–10 кл.)**

*   подгруппы углерода, азота, кислорода, галогенов;
*   кислотность, соли, получение и свойства веществ;
*   металлы разных групп и их свойства.

**5\. Органическая химия (10–11 кл.)**

*   углеводороды: алканы, алкены, алкины, арены;
*   кислородсодержащие вещества: спирты, кислоты, эфиры, углеводы;
*   азотсодержащие вещества: амины, аминокислоты, белки;
*   изомерия, номенклатура, реакции;
*   практические задачи на составление формул и расчёты.

**🚀 Дальнейшие шаги**

После курса по химии ребёнок может попробовать другие направления нашей школы:

*   🔬 Биология — углубит понимание природных процессов и даст целостную картину естественных наук.
*   ⚛️ Физика — научит применять формулы и законы, разбираться в явлениях природы и понимать, как «работает» мир.
*   🧮 Математика — усилит базу, поможет в расчётах и логических задачах, необходимых для химии и точных наук.
*   🧠 Мягкие навыки — развитие критического мышления, навыков общения и уверенности.
*   🌍 Английский язык — пригодится для чтения научных материалов и расширения академических возможностей.

**.**

**💡 Вау-эффект**

Ребёнок увидит, что химию можно понять, а не зубрить.

Благодаря практическим заданиям и маленьким экспериментам он начнёт воспринимать химию как живую науку — интересную, логичную и понятную.

.

**🧑‍🏫 Формат обучения**

*   С 11 лет
*   Индивидуальные занятия
*   Материалы — на русском (английских нет), возможны занятия на испанском
*   Темы и цели подбираем заранее
*   Тренер объясняет простым языком, ориентируясь на уровень ребёнка

 [Цель программы и темы занятий](https://docs.google.com/document/d/1VPxACosgiV-jHqsQHGSYF2kDb3qUZnZv/edit?usp=sharing&ouid=108393900913420673398&rtpof=true&sd=true)";1;1;1;1;Нет;;Да;;Школьные предметы;visible;;"ru, en, es";"ru, en";
CAWFjNojBsm6EFwJq;"Химия: ЕГЭ, ОГЭ, ЦТ";Александрович Владимир;98zPFWFETGfsG8KHf;15;;Доступно;1;;;"Windows, MacOS, Linux, ChromeOS";;;"Индивидуальный, Групповой";"Курс для ликвидации пробелов по химии. Подготовка к ЕГЭ, ОГЭ и ЦТ. Детальный анализ знаний, составление индивидуального плана. Распределение времени на экзамене, быстрое решения заданий, развитие внимания к деталям.";https://itgen.io/shkolnye-predmety/podgotovka-k-ege-oge;;;;1.2;1.2;1.2;1;Нет;;Да;;Школьные предметы;visible;;"ru, en, es";ru;
18;Цифровая анимация;Ярахович Алина;mt5usMZK4LkwBH4ht;10;;Доступно;2;;C6o2Ycjcovzj6uH3h;"Windows, MacOS, Linux, ChromeOS";;Да;"Индивидуально-групповой, Индивидуальный";"Научимся оживлять персонажей, придумывать истории и превращать их в мультики. От первых движений до целого короткого мультфильма —  шаг за шагом создадим собственную анимацию и соберёт портфолио ярких проектов.";https://itgen.io/design/after-effects-anime-studio;https://itgen.io/test-gena;;"[#anime\_studio\_pro](https://itgenio.slack.com/archives/C0183SQN2V7)

.

[ВИДЕОВИЗИТКА](https://drive.google.com/file/d/11FZoWsDZ7GEg4xqoePgE3UBE292RX80x/view)

.

[Визитка направления](https://editor.itgen.io/editor/4fcQG-Y6lXfgdE).

.

🎬 Анимация в Anime Studio Pro и Adobe Animate — создаём мультфильмы с нуля

Анимация — это мир, где рисунки оживают, а истории приобретают движение. На курсе дети освоят программы Anime Studio Pro и Adobe Animate, создадут своих персонажей и подарят им жизнь в собственных мультфильмах.

.

Почему это актуально именно сейчас

Востребованный навык. Анимация используется не только в мультфильмах, но и в рекламе, играх, веб-дизайне и медиа.

Творческая самореализация. Дети смогут воплотить свои идеи, придумать героев и сюжеты, развить воображение.

Навыки на стыке творчества и технологий. Работа с современными графическими и анимационными инструментами — хорошая база для будущей карьеры в творческих индустриях.

.

**🎓 Чему научим**

*   Создавать персонажей и окружение в Anime Studio Pro и Adobe Animate
*   Превращать статичные картинки в живые анимации
*   Добавлять движения, эмоции и взаимодействия персонажей
*   Работать с кадрами и анимационными эффектами
*   Создавать полноценный короткометражный мультфильм

.

**🎬 Что будет на пробном?**

Ученик познакомится с интерфейсом программы, научится работать со слоями и использовать основные инструменты и функции для создания видеоряда. Он освоит процесс подготовки ресурсов: научится скачивать и правильно добавлять изображения в проект.

Главный результат — создание анимации для нескольких объектов. Ребенок на практике разберется, как «оживлять» статичные картинки и заставлять их двигаться в кадре.

.

**🎯 Что получит ребёнок**

*   Готовый мультфильм с собственными персонажами и сюжетом
*   Навыки работы в профессиональных программах для анимации
*   Умение создавать истории и визуализировать их
*   Развитие креативности, внимательности и технических навыков

.

**✨ Вау-эффект**

*   Ребёнок почувствует себя настоящим мультипликатором
*   Получит проект, которым можно гордиться и показывать друзьям и семье
*   Поймёт, что анимация — это доступно и интересно даже начинающим

.

**🚀 Дальнейшие шаги**

После курса анимации можно продолжить развиваться в смежных направлениях:

*   🎨 Цифровая живопись и иллюстрация — для создания ещё более выразительных персонажей
*   🕹 Создание игр — добавление анимаций в игровые проекты
*   🎥 Видеомонтаж — работа с готовыми анимациями и видеоконтентом

.

**📚 Программа курса**

*   Обязательная программа: 50–70 часов
*   Углублённая программа: 70–80 часов
*   Можно изучить одну программу или попробовать обе

.

**💻 Формат обучения и требования**

*   Возраст: с 11 лет для Adobe Animate; с 10 лет по согласованию для Anime Studio Pro
*   Обязательно установить программу до первого занятия и компьютерная мышка
*   Возможны занятия на русском с английскими материалами
*   Подходит для англоязычных детей, понимающих русский на слух

**.**

**Системные требования:**

*   Операционная система: Windows 7/8/8\.1/10 x64, Mac OS X 10\.9, 10\.10, 10\.11 и выше;
*   Оперативная память: 4 Гб и выше, процессор: 4 ядерный процессор от 2 ГГц;
*   Adobe Animate с 11 лет, запись ко всем тренерам. [Установщик](https://portal.itgen.io/joinMaterial/R6Ja6xDxc3z9HtZ7A) [https://portal.itgen.io/joinMaterial/R6Ja6xDxc3z9HtZ7A](https://portal.itgen.io/joinMaterial/R6Ja6xDxc3z9HtZ7A)
*   Если уже работают в аниме студио, то тренер решает (примерно с 10)
*   Админам, оставлять заметку если пришли именно на Adobe Animate.";1.1;1.1;1;1;Нет;;Да;;Дизайн и творчество;visible;;"ru, en, es";"ru, en";
jfiYECDGnhTE5Ff9y;Цифровая гигиена;Трофимова Александра;cgLvLi9CDrj5GNqLv;9;;Доступно;1;;;"Windows, MacOS, Linux, ChromeOS";;;"Индивидуальный, Групповой";"Изучим схемы мошенников в играх и чатах, научим защищать данные и деньги без слежки. Подростки освоят приёмы «цифровой самообороны», а родители — алгоритмы поддержки и настройки безопасности.";https://itgen.io/razvivayushchie-programmy-dlya-detey/cifrovaya-gigiena;;;"**🌟 Цифровая гигиена: Курс кибербезопасности для всей семьи**

(Ключевые слова для поиска: цифровая гигиена, кибербезопасность, безопасность в сети, защита данных, анти-фишинг)

Цифровая гигиена — это «внутренний антивирус» и правила жизни в современном интернете. В школе рассказывают про устройство компьютера, но не учат, как не потерять деньги в Roblox, как распознать дипфейк или выйти из давления в Telegram-чате. Мы помогаем подростку сформировать внутренние ориентиры безопасности, а родителям — стать надежной опорой и защитником без тотального контроля.

**Почему это жизненно важно в любое время**

*   Безопасность важнее контроля. Умение ребенка самостоятельно распознавать угрозы — лучшая защита, чем любые программы слежки.
*   Деньги и данные под защитой. Мы учим не передавать OTP-коды, пароли и не вестись на обещания «бесплатной валюты» в играх.
*   Критическое мышление против ИИ-манипуляций. В эпоху ИИ и фейков важно отличать правду от лжи и понимать, как алгоритмы влияют на наши эмоции.
*   Доверие вместо стыда. Мы учим ребенка не бояться ошибок, а знать четкий план действий и вовремя обращаться за помощью к родителям.

🎓 Чему научим:

*   Распознаванию манипуляций: видеть «крючки» мошенников (срочность, страх, награда) до того, как данные будут украдены.
*   Кибербезопасности: отличать реальную техподдержку от фишинга, защищать аккаунты и правильно настраивать приватность.
*   Цифровому следу: понимать последствия своих публикаций и беречь личные границы в соцсетях и играх.
*   Выходу из давления: техникам общения (фразы-щиты) при кибербуллинге, шантаже или груминге.
*   Родительским инструментам: через обучающий бот родители узнают, как настраивать защиту и вести диалог с ребенком на одном языке.

🧪 Что на первом уроке?

Подросток научится распознавать манипуляции до того, как передаст пароль или данные.

Разбираем: 4 приёма мошенников: награда, срочность, страх, авторитет, почему люди попадаются на «выигрыши»

Кейсы: Robux-ы за пароль, сообщения «Вы выиграли в лотерее»

**🎯 Что получит семья:**

*   Подросток: навык «самообороны» в сети и понимание, как вернуть контроль, если что-то случилось.
*   Родитель: спокойствие за финансы семьи и готовые алгоритмы поддержки ребенка без нравоучений.
*   Семейный контракт: четкие правила поведения в интернете, принятые всей семьей.
*   Вау-эффект: ребенок сам начнет защищать свои данные и осознанно относиться к контенту.

🚀 Дальнейшие шаги:

Навыки цифровой гигиены усиливают успех в других направлениях:

*   Финансовая грамотность: для понимания механизмов банковского фишинга и защиты электронных кошельков.
*   Нейросети: для этичного использования ИИ и понимания рисков генеративного контента.

**📦 Форматы обучения:**

**Групповой:** идеален для подростков ( **НЕ РАНЬШЕ 11–13 лет**). Живая отработка кейсов и обмен опытом со сверстниками (группы до 10 человек). По поводу ГФ писать в чат [#групповые-активности](https://itgenio.slack.com/archives/C03C57W8V1C)

**Индивидуально:** для тех, кто хочет проработать темы в персональном темпе с глубоким погружением (с 9 лет).

**Родительский интенсив:** проходит параллельно в асинхронном формате через [Telegram-бот](https://t.me/ITgenio_digitalsec_bot). Стоимость курса для родителя - 1 ГФ занятие, что списывается сразу. Можно отправлять сразу после оплаты.";1;1;1;1;Нет;;Да;;Развитие личности;visible;;ru;ru;
DKGQohtPdJtSf2Bzb;Цифровая живопись;Гайдук Ольга;q6pFbcWZS6qdqu7hv;9;;Доступно;2;;;"Windows, MacOS, Linux, ChromeOS";;Нет;"Индивидуальный, Индивидуально-групповой";"На курсе digital-рисования будем работать в Photoshop, Krita  и Corel Painter с использованием графического планшета, освоим кисти и цвет, создадим персонажей, пейзажи и рисунки в разных стилях. Соберём портфолио и раскроем творческий потенциал.";https://itgen.io/design/digital_zhivopis;https://itgen.io/digital_zhivopis_gena;;"[#цифровая\_живопись](https://itgenio.slack.com/archives/C0220REJ1RQ)

.

[Визитка направления](https://editor.itgen.io/editor/hwmb5vnR8_giW8).

🎨 Цифровая живопись — искусство в мире технологий

Цифровая живопись — это курс для детей, которые хотят научиться создавать художественные произведения в современном формате. Мы пройдём путь от первых штрихов в простых редакторах до сложных техник в профессиональных программах. Такой опыт развивает творческие способности и помогает воплощать свои идеи в цифровом искусстве.

.

**Почему курс актуален именно сейчас**

*   Цифровое искусство стало основой современной визуальной культуры — от иллюстраций и комиксов до рекламы и игр.
*   Удобство: достаточно планшета и программы, чтобы творить без бумаги и красок.
*   Популярные инструменты: Photoshop, Corel Painter и Krita используют художники по всему миру.
*   Реальная практика: ребёнок учится работать как настоящий digital-иллюстратор.

.

**🎓 Чему научим**

*   Пользоваться графическими редакторами (Photoshop, Corel Painter и Krita).
*   Работать с основными инструментами и эффектами.
*   Создавать иллюстрации и картины в цифровом формате.
*   Осваивать простые и сложные техники рисования.
*   Воплощать собственные идеи в уникальных проектах.

.

**🎯 Что получит ребёнок**

*   Собственные цифровые картины и иллюстрации.
*   Навыки работы в популярных графических программах.
*   Уверенность в своём художественном стиле.
*   Базу для портфолио и дальнейшего роста в digital-арте.

.

**🎨 Что будет на пробном?**

Ученик познакомится с интерфейсом программы, настроит рабочее пространство и добавит свои первые кисти. Он научится работать с панелью слоев: создавать, перемещать и удалять их, а также поймет, как вставлять сторонние изображения в свой проект.

Главный результат — создание первого цифрового рисунка (пейзажа или дольки апельсина). Ребенок на практике освоит основные инструменты рисования и поймет принципы работы в графическом редакторе.

.

**🚀 Дальнейшие шаги**

*   После цифровой живописи ребёнок может:
*   Продолжить обучение в Photoshop или Illustrator.
*   Освоить цифровую анимацию и 3D-графику

.

**📚 Программа курса**

Основы работы в редакторах (Photoshop, Corel Painter и Krita).

Инструменты и кисти.

Цвет, свет и композиция.

Приёмы цифрового рисования.

Создание финальной иллюстрации для портфолио.

**Adobe Photoshop \| 40 ч. Проекты, которые создадут ребята:**

*   открытка, pixel-art и автопортрет
*   иллюстрации машины, домика мечты и натюрморта
*   рисунок в аниме-стиле
*   фуд-арт, акварельные и пастельные рисунки
*   сундук, сейф, кристаллы и собственный вымышленный персонаж

.

**Corel Painter \| 35 ч. Проекты, которые создадут ребята:**

*   работы в стилях акварели, масла, пастели и угля
*   иллюстрации с объёмными формами и эффектами
*   собственный персонаж с нуля
*   рисунки с разными кистями (в том числе с голосовым управлением)

**Krita \| 17 ч. Проекты, которые создадут ребята:**

*   иллюстрация кролика (знакомство с программой, с интерфейсом, со слоями, с цветом)
*   волшебный ключ по референсам (работа с формой ключа, цвет, тени и свет)
*   узоры с помощью инструмента ""Мультикисть"" (мультикисть)
*   пиксель арт (знакомство и работа с пиксель арт)
*   сказочная иллюстрация  (работа со слоями, выделением и цветом)

.

**💥 Вау-эффект**

Даже начинающий сможет создавать полноценные произведения уже с первых занятий. Ребёнок увидит, как его идеи оживают на экране, и почувствует себя настоящим digital-художником.

.

**⚠️ Важно**

Запись на курс возможна только при наличии графического планшета. Первые шаги можно сделать в онлайн-редакторе Photopea, затем перейти к Photoshop или Corel Painter.

.

**Особенности пробного:** графический планшет на пробном не обязателен, но для последующих занятий нужен обязательно

.

[Памятка для админов](https://docs.google.com/document/d/1JU8oJ3uiXQ5ZVO2OecYeu7RXq4pHbNu9vBVX5wRtBg0/edit?usp=sharing)";1;1;1;1;Нет;;Да;;Дизайн и творчество;visible;;"ru, en, es";ru;
fQtzFmRaMvmwmLSdW;Цифровое творчество;Ефимович Валерия;hN5qPSK8YpERLxjMg;9;;onlyTrial;1;;;"Windows, MacOS, Linux, ChromeOS";;;Индивидуальный;Научим создавать яркие иллюстрации. Подберем программу для рисования с учетом устройства и пожеланий. Разовьем креативность и уверенность в digital-среде!;https://itgen.io/design/digital_zhivopis;;;"Направление для пробного/нового занятия по рисованию на планшете. Тренер узнает об устройстве ученика, подберет нужную программу и составит рекомендации для продолжения обучения.После занятия ученику будет предложено одно из трех направлений:

- Цифровая живопись

- Рисование в Procreate

- Рисование на планшете And/iOS

**Важно!!! Запись на курс возможна только при наличии графического планшета, планшета на Android или iOS.** 1ое занятие можно прийти с компом. НО важно чтобы для дальнейших занятий родитель был готов купить ученику граф планшет или планшет на любой ОС";1;1;1.2;1;Нет;;Да;;Дизайн и творчество;onlyTrial;;ru;ru;
WftsFF7uoT9AYnA3z;Шахматы;Ефимович Валерия;hN5qPSK8YpERLxjMg;8;;Доступно;2;;;"Windows, MacOS, Linux, ChromeOS";"Android, iPad";;"Индивидуальный, Индивидуально-групповой, Групповой";"Курс для тех, кто хочет научиться играть в шахматы. Освоить правила игры, изучить стратегии и тактики. Подготовка к участию в турнирах. Практика с преподавателем и между учениками школы.";https://itgen.io/razvivayushchie-programmy-dlya-detey/shakhmaty;https://itgen.io/chess-gena;;"[#шахматы](https://itgenio.slack.com/archives/C01E6BZJD8V)

.

[Визитка направления](https://editor.itgen.io/editor/d6tostWLk70feM).

**Можно пробовать предлагать родителям сплит занятия с другими ученикам. Сплиты готовы вести:**

*   Алия Нурболаткызы
*   Сергей Цеханович
*   Антон Петрович
*   Амир Зулькарниев

**Чему научим?**

Ребенок прокачает свои интеллектуальные навыки, разовьет пространственное воображение и логическое мышление. Также научится усидчивости, концентрации и принятию решений в ограниченное время.

.

**Особенности в обучении?**

Программа обучения структурирована с простых к сложным аспектам шахмат, что позволяет углубляться в игру постепенно и тренировать тактическое и стратегическое зрение.

.

**Что на пробном уроке?**

Диагностика уровня навыков ученика или, в зависимости от уровня знаний, познакомимся с историей возникновения шахмат, основными правилами игры и некоторыми шахматными фигурами.  Регистрация на сайте lichess.org

.

**Результат в конце курса?**

После прохождения курса ученик разовьет логическое мышление, внимание, пространственное воображение и усидчивость. Он научится делать логические выводы и мыслить самостоятельно.

Уже к 4 занятию будут освоены основные понятия в шахматах: шах, мат, пат, рокировка, шахматная нотация и т.д. После 8 занятия уже будут приобретены знания о том, что такое размен в шахматах, понятие дебюта и основные принципы игры в дебюте. Следующие 16 занятий посвящены изучению основных тактических приемов в шахматах, а также тренировке навыка просчета ходов в партии, игре и разбору партий. Последние 16 уроков изучаются некоторые шахматные дебюты, а также понятие эндшпиль и его виды.

.

**Вау-эффект?**

Шахматы - это древняя и увлекательная логическая игра с множеством вариантов развития событий, которая может стать прекрасным хобби.

.

**Дополнительные навыки:**

Развитие логического мышления, улучшение памяти, внимания, усидчивости и приобретение навыка просчета событий наперед.

.

Платформы для занятий: https://lichess.org/ZEUdODtc и https://chess-board.ru/ . Для занятий ничего дополнительного иметь не нужно. Важно уметь читать! Можно записывать детей как с опытом, так и без опыта игры. Только если у ребенка уже 1-й взрослый разряд и выше, то отказывать. Занятия возможно по 1 или 2 часа. В уроки входит изучение теории и отработка на практике. Плюс решение задач (задачи, где нужно поставить мат за определённое количество ходов, например). В планах – шахматные турниры между учениками Айтигенио.

.

На англе только Сергей Цеханович и Янез Рафаель . ИГФ

На изучение данного курса на базовом уровне без дополнительных тем потребуется от 20 до 30 часов.

На углубленном уровне с дополнительными темами - от 30 до 50 часов.";1.1;1.1;1;1.1;Нет;;Да;;Развитие личности;visible;;"ru, en, es";"ru, en, es";
uBfMCd5akckk42LKt;Шахматы 30;Ефимович Валерия;hN5qPSK8YpERLxjMg;5;7;invisibly;1;;;"Windows, MacOS, Linux, ChromeOS";"Android, iPad";;Индивидуальный;"Курс рекомендован для начинающих и желающих научиться играть в шахматы, освоить правила игры, изучить стратегии и тактики.";https://itgen.io/razvivayushchie-programmy-dlya-detey/shakhmaty;https://itgen.io/chess-gena;;Платформы для занятий: [https://lichess.org/ZEUdODtc](https://lichess.org/ZEUdODtc)  и [https://chess-board.ru/](https://chess-board.ru/)  . Для занятий ничего дополнительного иметь не нужно.  В уроки входит изучение теории и отработка на практике.  На изучение данного курса на базовом уровне без дополнительных тем потребуется от 20 до 30 часов. На углубленном уровне с дополнительными темами - от 30 до 50 часов.;1;1;0.7;1;Нет;;;;Дошкольные программы;invisibly;;"ru, en";;
bZ4oSNFvmTXa9c7Qs;Эмоциональный интеллект: teens;Бобкова Наталья;ywqNgcfBqasmhPPpf;11;;Доступно;1;;;"Windows, MacOS, Linux, ChromeOS";;;Групповой;"На курсе мы учимся понимать свои эмоции, справляться с тревогой и злостью, отстаивать границы и увереннее общаться. Это про контроль, уверенность и внутреннюю опору 🧠";https://itgen.io/emocionalnyj-intellekt;;https://itgen.io/emocionalnyj-intellekt;"**🧠 Эмоциональный интеллект — навык уверенности и внутренней опоры (teens 11\+)**

Подростковый возраст — время сильных эмоций, резких перепадов настроения, тревоги, неуверенности и конфликтов. Курс по эмоциональному интеллекту помогает подростку разобраться в себе, научиться управлять эмоциями и выстраивать более спокойное и осознанное общение с окружающими.

На занятиях подростки учатся понимать, что с ними происходит, почему возникают определённые реакции и как выбирать поведение, которое помогает, а не мешает. Курс построен на обсуждениях, упражнениях, практических кейсах и рефлексии — без морализаторства и давления.

.

**Почему эмоциональный интеллект особенно важен в подростковом возрасте**

*   Эмоции становятся интенсивнее. Тревога, злость, стыд, неуверенность, сравнение с другими — всё это усиливается. Без навыков саморегуляции подростку сложно сохранять устойчивость.
*   Основа уверенности и самоуважения. Понимание своих чувств помогает подростку лучше отстаивать личные границы, говорить «нет» и не терять себя в общении.
*   Меньше конфликтов — больше контроля. Подросток учится замечать момент, когда эмоции «захватывают», и выбирать реакцию осознанно, а не импульсивно.
*   Навык, который пригодится в жизни и учёбе. Эмоциональный интеллект напрямую связан с коммуникацией, работой в команде, лидерством и стрессоустойчивостью.

**🎓 Чему научим**

*   Осознавать и точно называть свои эмоциональные состояния
*   Понимать причины своих реакций и поведения
*   Управлять злостью, тревогой, раздражением и напряжением
*   Отличать страх от тревоги и работать с ними
*   Замечать и уважать личные границы — свои и чужие
*   Оказывать эмоциональную поддержку и принимать её
*   Выбирать стратегии поведения вместо импульсивных реакций

**🎯 Что получит подросток**

*   Навык саморегуляции и эмоциональной устойчивости
*   Больше уверенности в общении и самовыражении
*   Понимание своих сильных и уязвимых сторон
*   Улучшение отношений со сверстниками и взрослыми
*   Инструменты для работы с тревогой и стрессом
*   Опыт рефлексии и осознанных решений

**📚 Программа мини-курса (8 занятий)**

*   Что такое эмоциональный интеллект и зачем он нужен
*   Положительные и нейтральные эмоции
*   Грусть, сочувствие и поддержка
*   Злость и раздражение: как выражать безопасно
*   Личные границы и уважение к себе
*   Стеснение и неуверенность
*   Тревога: причины, проявления, стратегии помощи
*   Саморегуляция: личная система управления эмоциями

**💬 Формат обучения**

*   Возраст: 11\+ лет
*   Формат: групповой (индивидуально — по запросу)
*   8 занятий, 2 раза в неделю
*   Живые обсуждения, практические упражнения, кейсы
*   Без оценок и давления — безопасная атмосфера";1;1;1;1;Нет;;Да;;Групповые занятия;visible;;ru;ru;
DP7yw22nhWrm2M6yh;Эмоциональный интеллект:junior;Бобкова Наталья;ywqNgcfBqasmhPPpf;7;10;Доступно;1;;;"Windows, MacOS, Linux, ChromeOS";;;Групповой;"На курсе мы учимся понимать свои эмоции, справляться со злостью и тревогой, говорить о чувствах и лучше дружить. Будем играть, обсуждать и учиться быть увереннее 🌈";https://itgen.io/emocionalnyj-intellekt;https://itgen.io/emocionalnyj-intellekt;;"ВАЖНО: пробников записываем сначала на ИФ Soft Skills, а потом уже распределяем в группы после пробного. Или, если есть группы на групповые пробные - записываем в Группа: мягкие навыки.

**🌈 Эмоциональный интеллект — учимся понимать себя и других (junior 7–10 лет)**

Эмоциональный интеллект — это навык, который помогает ребёнку понимать свои чувства, справляться с сильными эмоциями и лучше ладить с окружающими. На курсе дети учатся замечать, называть и проживать эмоции безопасно — без подавления, вспышек и стеснения.

.

Мы работаем в мягком, игровом формате: через истории, образы, ролевые задания и обсуждения. Ребёнок постепенно учится понимать, что с ним происходит внутри, и что делать с этими чувствами в реальной .жизни — в школе, дома и среди друзей.

**Почему эмоциональный интеллект важен именно сейчас**

*   Эмоции — часть повседневной жизни ребёнка. Школа, общение, оценки, сравнение с другими — всё это вызывает радость, злость, обиду, тревогу. Без навыков работы с эмоциями ребёнку сложно справляться с этим самостоятельно.
*   Основа уверенности и общения. Ребёнок, который понимает свои чувства, легче говорит о себе, спокойнее реагирует на трудные ситуации и увереннее чувствует себя среди сверстников.
*   Меньше конфликтов и стресса. На курсе дети учатся замечать границы — свои и чужие, выражать недовольство безопасно и оказывать поддержку другим.
*   Навык на всю жизнь. Эмоциональный интеллект — это база для будущих soft skills: общения, лидерства, работы в команде и устойчивости к стрессу.

**🎓 Чему научим ребёнка**

*   Распознавать базовые эмоции и понимать, откуда они берутся
*   Говорить о своих чувствах словами, а не через крик или замкнутость
*   Справляться с злостью, обидой, тревогой и стеснением
*   Поддерживать других словами и действиями
*   Замечать сигналы нарушения личных границ
*   Выбирать спокойные и безопасные способы реакции в сложных ситуациях

**🎯 Что получит ребёнок**

*   Лучшее понимание себя и своих эмоций
*   Навык саморегуляции и «остывания» в сильных переживаниях
*   Больше уверенности в общении
*   Улучшение отношений со сверстниками
*   Умение поддерживать и принимать поддержку
*   Опыт работы в группе и выражения своего мнения

📚 Программа мини-курса (8 занятий)

Курс построен как путешествие, где каждая тема — отдельная остановка:

*   Знакомство с эмоциями — что такое эмоциональный интеллект
*   Положительные эмоции — радость, удовольствие, интерес
*   Грусть и поддержка — как помогать себе и другим
*   Злость и раздражение — безопасные способы выражения
*   Личные границы — как понимать «мне ок / не ок»
*   Сложные чувства — стеснение, неуверенность
*   Тревога — как она проявляется и что с ней делать
*   Саморегуляция — собираем личный набор способов справляться с эмоциями

**💬 Формат обучения**

*   Возраст: 7–10 лет
*   Формат: групповой (возможен индивидуальный по запросу)
*   8 занятий, 2 раза в неделю
*   Много практики, обсуждений и игровых заданий
*   Поддерживающая и безопасная атмосфера";1;1;1;1;Нет;;Да;;Групповые занятия;visible;;ru;ru;
t8wLbb4aJEeZpmueQ;Юный программист;Ярахович Алина;mt5usMZK4LkwBH4ht;6;7;Доступно;1;;oudFCbWfvMC3vzXzS;"Windows, MacOS, Linux, ChromeOS";"Android, iPad";Да;"Индивидуальный, Индивидуально-групповой";"На курсе мы научимся создавать мультфильмы, простые игры и анимации, управлять персонажами и даже программировать робота в Minecraft. Всё обучение проходит в игровой форме, поэтому заниматься смогут даже самые маленькие — без скучной зубрёжки.";https://itgen.io/programmirovanie/scratchjr;https://itgen.io/scratchjr_gena;"ИмяРод, для такого возраста я могу порекомендовать подходящее направление -- Scratch Junior. Эта среда специально разработана для маленьких детей, чтобы ребята легко могли создавать готовые проекты, а каждая тема - готовый программный продукт. ScratchJr познакомит Вашего ребенка с интерактивными технологиями в игровой форме и с упрощенным интерфейсом, чтобы деткам был легко программировать. Это направление влияет на общее развитие ребенка, при этом развивается также логическое мышление ребенка.
Более подробно можно ознакомиться по ссылке: https://itgen.io/scratchjr_gena
Как Вам такое направление?";"[#scratch\_jr](https://itgenio.slack.com/archives/C0148MWRLJW)

**.**

**Деток 5 лет записывать только в ИФ через админчиков.**

**.**

[**ВИДЕОВИЗИТКА**](https://drive.google.com/file/d/1bBeON2GLVgk4cjtZlKMjs7P0DSnqZqfF/view?usp=sharing)

**.**

[**Ссылка на визитку**](https://editor.itgen.io/editor/xteHtarCDdfWET) **направления для детей и родителей.**

.

💻 Юный программист — первый шаг в мир кода

Юный программист — это курс для детей, которые только начинают знакомство с программированием. Всё обучение проходит в игровой форме: ребёнок создаёт мультфильмы, игры и анимации, программирует персонажей и даже управляет специальным роботом в Minecraft. Материал подаётся так, что им могут заниматься даже дети, которые ещё не умеют читать.

.

**Почему курс важен именно сейчас**

*   Раннее знакомство с технологиями. Чем раньше ребёнок начнёт понимать, как «думает» компьютер, тем легче будет осваивать сложные программы в будущем.
*   Обучение через игру. Мультфильмы, игры, любимый Minecraft — всё это становится инструментом для изучения кода.
*   Доступно даже для малышей. В первых модулях не нужен навык чтения — команды подаются в виде ярких блоков и пиктограмм.
*   База для дальнейшего роста.Курс готовит ребёнка к переходу на более серьёзные языки и программы.

.

**🎓 Чему научим**

*   Создавать мультфильмы, игры и анимации в ScratchJr
*   Программировать в Minecraft специального робота-помощника, который сам строит дома, мосты и другие объекты по командам ребёнка
*   Работать в вводном Scratch — создавать первые игры с элементами логики
*   Управлять персонажами, добавлять движение, звуки и эффекты
*   Искать и исправлять ошибки в своих проектах
*   Планировать и доводить проект от идеи до результата

.

**🎯 Что получит ребёнок**

*   Портфолио из 45\+ проектов (мультфильмы, игры, анимации, постройки в Minecraft)
*   Понимание принципов работы программ
*   Развитое творческое и логическое мышление
*   Навыки работы с компьютером и базовыми программами
*   Готовность к переходу на Minecraft-программирование, Scratch и Python

.

**🎨 Что будет на пробном?**

Ученик познакомится с интерфейсом программы, научится добавлять персонажей и фоны, а также изменять их внешний вид и раскрашивать. Он создаст свой первый код для управления движением объектов.

Главный результат — закрепление навыков через выполнение небольшого самостоятельного проекта. Ребенок на практике применит полученные знания, создав свою первую интерактивную работу.

.

**🚀 Дальнейшие шаги**

После «Юного программиста» ребёнок сможет перейти к:

*   🧱 Minecraft-программированию — более сложные алгоритмы и проекты
*   🧩 Scratch — создание продвинутых игр и анимаций

.

**📚 Программа курса — 55 часов**

*   Модуль ScratchJr — 26 часов (основы анимации и игр, полноценная игра уже к 7 занятию)
*   Модуль Minecraft Junior — 19 часов (управление «Черепашкой», автоматизация построек)
*   Модуль Scratch — 10 часов (переход к более сложным игровым проектам)

Дополнительно в программу **вшиты задания по компьютерной грамотности**, которые помогут ребёнку быстрее освоить навыки владения компьютером.

👉 Подходит детям с 5 лет (запись малышей — только индивидуально)

👉 На планшетах модуль Minecraft недоступен

.

**ВАЖНО:** можно спокойно изучать отдельно модуль Minecraft Junior. Но тогда нужно ОБЯЗАТЕЛЬНО сделать заметку тренеру и прописать это там.

.

**💥 Вау-эффект**

Даже если ребёнок ещё не умеет читать, он сможет создавать собственные игры, строить сложные объекты в Minecraft и программировать персонажей.

.

Установщик [Minecraft Jr]()

Установщик планшет MAC - [https://apps.apple.com/ru/app/scratchjr/id895485086,](https://apps.apple.com/ru/app/scratchjr/id895485086,)  Установщик планшет андроид - [https://play.google.com/store/apps/details?id=org.scratchjr.android&hl=ru](https://play.google.com/store/apps/details?id=org.scratchjr.android&hl=ru)

.

***Особенности работы на планшетах:***

Модуль Майнкрафт в этом случае - невозможно изучать

,

*🔺 Ключевые слова: черепашка, юп, minecraft, джун*";1.1;1.1;1;1;Нет;;Да;;Программирование;visible;;"ru, en, es";"ru, en, es";
StxAdR34rhzXQ8bcj;Юный программист  30;Ярахович Алина;mt5usMZK4LkwBH4ht;5;6;invisibly;1;;;"Windows, MacOS, Linux, ChromeOS";;Да;Индивидуальный;"Курс изучения основ программирования с нуля в игровой форме. Развиваем логико-алгоритмическое мышление ученика изучая 3 основных модуля: Scratch Junior, Minecraft Junior, подготовка к Scratch. Навык чтения необязателен.";https://itgen.io/programmirovanie/scratchjr;;;Установщик [Minecrat DJ]();1;1;0.7;1;Нет;;;;Дошкольные программы;invisibly;;"ru, en, es";;
23;Android;Санталова Анастасия;jGdXYkWDiCbFWLg6A;12;;onlyAdmin;2;;;"Windows, MacOS, Linux, ChromeOS";;;"Индивидуально-групповой, Индивидуальный";Направление рассчитано для опытных учеников со знанием языка Java. Научим ребят создавать приложения для Android;https://itgen.io/programmirovanie/obuchenie-java-android-itgenio;https://itgen.io/android_gena;;"[#java](https://itgenio.slack.com/archives/CCBGK4J6T)

**/**

**Есть один тренер Евдокимов Роман**

**Запись на это направление возможна только для новых учеников, по согласованию с тренером и после изучения базы на Java.**

.

**Чему научим?**

Научим создавать приложения для Android, начиная с основ разработки и дизайна пользовательского интерфейса, пройдя через основы программирования на языке Kotlin или Java, и заканчивая пониманием процесса публикации приложений в магазине Google Play.

.

**Особенности в обучении?**

Программа курса строится от простых к сложным, что позволяет студентам постепенно осваивать технические аспекты разработки приложений. Особое внимание уделяется практическим заданиям и созданию реальных проектов.

.

**Что на пробном уроке?**

Пробный урок включает знакомство с основами Android Studio, создание простого мобильного интерфейса и понимание основ приложений на Android.

.

**Результат в конце курса?**

Студенты смогут разработать и опубликовать собственное Android-приложение. Они будут понимать основные концепции создания приложений и иметь навыки программирования на Android.

.

**Вау-эффект?**

Ученики будут поражены возможностью создать функциональное приложение, применив знания, полученные в ходе курса. Это позволит им увидеть свои творческие способности в мире мобильной разработки.

.

Запись возможна для детей 12\+ лет. Если ребёнок младше - решать с тренером. Материалов на английском нет, тренеров тоже.";1.1;1.1;1;1;Нет;;;;Программирование;onlyAdmin;16;"ru, en, es";ru;
iWuaJqG4M8mAkYXbu;App Inventor;Мурина Ольга;sWz3o373r3Mgff2Ec;8;;Доступно;2;https://docs.google.com/document/d/106jqaoTflNpIbgHPWM5NcLFwVdFu35ph/edit;;"Windows, MacOS, Linux, ChromeOS";"Android, iPad";Нет;"Индивидуально-групповой, Индивидуальный";"Курс для будущих разработчиков приложений для телефона или планшета. Визуальный принцип программирования, как в Scratch. Начальные навыки программирования не требуются. Продолжение - изучение языка программирования Swift для iOS.";https://itgen.io/programmirovanie/appinventor;https://itgen.io/appinventor-gena;;"[#app\_inventor](https://itgenio.slack.com/archives/C013RSHPE56)

Для пробного занятия желательно, чтобы у ученика был Google-аккаунт для возможности входа на платформу App Inventor. Предпочтительно браузер Google Chrome.

[Визитка направления.](https://editor.itgen.io/editor/naXsAsTsCPk9e6).

**Чему научим?**

Научим  с 1 занятия создавать собственные мобильные приложения, используя популярные алгоритмы разработки (линейные алгоритмы, ветвления, циклы, применение процедур и нескольких экранов). Научим тестировать созданные приложения и игры, устанавливать их на смартфон или планшет с ОС Android, делиться с друзьями,  расскажем, как загрузить в PlayMarket.

.

**Особенности в обучении?**

Обучение проходит на платформе MIT APPInventor с использованием блочного программирования и псевдоязыка программирования. Это позволяет ученику концентрировать внимание на изучении и построении алгоритмов при создании приложений без привязки к конкретному языку программирования, а также делает его вход в мир профессионального программирования более плавным.

.

**📱 Что будет на пробном?**

Ученик познакомится с платформой App Inventor и создаст свой аккаунт в среде разработки. Он научится проектировать дизайн мобильного приложения, добавляя на экран виджеты: текст, изображения и кнопки.

Главный результат — создание и запуск первого мобильного приложения, которое преобразует введенный текст в речь. Ребенок научится программировать логику виджетов с помощью блоков, а также узнает, как устанавливать и тестировать готовое приложение на своем мобильном устройстве.

.

**Программа по часам**

Модуль основы мобильной разработки - 30 часов

Модуль принципы разработки игр - 34 часа

Модуль интеграция с базами данных - 10 часов

.

**Результат в конце курса какой?**

На 8 занятии ученик сможет приступать к разработке приложений и игр.

На 16ом занятии ученик будет иметь в своем портфолио около 15 приложений, работающих в режим offline. 

По завершению курса ученик будет знаком с видами приложений, алгоритмами их разработки, будет иметь более 30 проектов в портфолио, включая клиент-серверные приложения.

.

**Вау эффект какой?**

Портфолио игр и приложений для OS Andriod.

Среда похожа на Scratch (блочное программирование). Хорошая подготовка к взрослому программированию. Очень важно, чтобы ребёнок хорошо печатал на клавиатуре!

Если обратился клиент с техникой Apple, то на самом занятии тренер установит эмулятор (5 минут занимает).";1.1;1.1;1;1;Нет;;Да;;Программирование;visible;;"ru, en, es";"ru, en";https://docs.google.com/document/d/106jqaoTflNpIbgHPWM5NcLFwVdFu35ph/edit
7;C#;Хисаев Эмиль;Y3sxFaTRY5asf9tDP;10;;Доступно;2;https://docs.google.com/document/d/1JGAoNSUh5glsicpqx801pIP5kTiYB0Sq/edit;;"Windows, MacOS, Linux, ChromeOS";;Нет;"Индивидуально-групповой, Индивидуальный";"На этом курсе мы научимся создавать свои программы и настоящие компьютерные приложения с кнопками и окошками! Разберёмся, как «думает» компьютер, напишем свои первые команды и попробуем себя в роли настоящих разработчиков!";https://itgen.io/programmirovanie/unity;https://itgen.io/programmirovanie/unity;;"[#c\_sharp\_party](https://itgenio.slack.com/archives/CHW53HJJ0)

.

[Визитка направления.](https://editor.itgen.io/editor/3wfk3_v40sRiR2).

🧩 C# — первый шаг к созданию собственных программ и игр!

На курсе ребята освоят основы программирования, научатся работать с переменными, циклами и методами, писать простые алгоритмы и создавать оконные приложения с интерфейсом.

.

**💡 Почему это важно**

.

C# — язык, на котором делают игры, приложения и даже сайты. Освоив его, ребёнок поймёт логику программирования и сможет перейти к созданию игр в Unity 3D.

**🎓 Чему научим**

**Мы шаг за шагом объясняем основы программирования:**

*   как «мыслит» компьютер и как давать ему команды;
*   что такое переменные, условия и циклы (на этих вещах держится любой код);
*   как создавать простые программы и решать задачи;
*   как работать с объектами и классами — основа профессионального программирования;
*   как перейти от «чёрного окна» к настоящему приложению с кнопками и интерфейсом.
*   После курса ребёнок будет понимать, как устроено программирование, и сможет двигаться дальше — в разработку игр на Unity 3D, которая как раз работает на C#.

.

**🚀 Что будет на пробном уроке**

На первом уроке по C# ученик знакомится со средой разработки Visual Studio и учится создавать и запускать свои первые проекты. Мы разбираем базовые принципы работы программы и пишем первый код: создаём переменные и работаем с консольным вводом и выводом. В процессе ученик осваивает основы синтаксиса языка и логику выполнения кода.

.

**🧠 Результат в конце курса**

Ученики уверенно владеют основами языка C#, понимают, как строится программа, и создают собственные приложения. Формируют портфолио из первых проектов и готовы к следующему шагу — изучению Unity 3D.

**Ребёнок:**

*   уверенно владеет базовыми навыками программирования;
*   понимает принципы работы C# — одного из самых востребованных языков мира;
*   умеет создавать собственные консольные и оконные мини-приложения;
*   собирает своё первое портфолио из небольших проектов;
*   готов переходить на Unity 3D, если хочет делать игры.

**✨ Вау-эффект**

Созданная своими руками программа с кнопками и окнами! Осознание, что за знакомыми играми и приложениями стоит тот же язык, на котором теперь пишет сам ученик.

.

**⏱ Продолжительность курса**

*   Базовый уровень: 40–60 часов
*   Углублённый уровень: 80–120 часов

**💻 Технические требования**

*   ОС: Windows 7/8/10 x64 или macOS 10\.9\+
*   ОЗУ: от 2 ГБ
*   Процессор: 2 ядра от 1\.8 ГГц

**🔗 Дальнейшие шаги**

После курса ученик может перейти на направление Unity 3D, чтобы создавать собственные 2D и 3D игры.";1.1;1.1;1;1;Нет;;Да;;Программирование;visible;;"ru, en, es";"ru, en";https://docs.google.com/document/d/1JGAoNSUh5glsicpqx801pIP5kTiYB0Sq/edit
6;C++;Харламова Надежда;yaJkMTm98hTmJTBmv;12;;Доступно;2;https://docs.google.com/document/d/17iQljahrhKg2eezR85jHVs0WaF6SsTmXmJV2mlr6uHA/edit?usp=sharing;;"Windows, MacOS, Linux, ChromeOS";;Нет;"Индивидуально-групповой, Индивидуальный";"Курс для изучения основ в объектно- ориентированном программировании и их использования в разработке операционных систем, разнообразных прикладных программ, драйверов устройств, приложений для встраиваемых систем, высокопроизводительных серверов, игр";https://itgen.io/programmirovanie/cplusplus;https://itgen.io/cplus-gena;;"[#с-plus-plus](https://itgenio.slack.com/archives/CHZGESEEA)

.

[Визитка направления.](https://editor.itgen.io/editor/dHgxc8xIS83JXl).

**Чему научим?**

Основам С\+\+, базовым навыкам программирования, основам объекто-ориентированного программирования, а так же простейшим алгоритмам. После изучения С\+\+ вы сможете с лёгкостью перейти на любой другой язык программирования, решать математические и алгоритмические задачи, а так же развить логическое мышление.

.

**Особенности в обучении?**

Работаем, преимущественно, с консольными приложениями и текстовым языком программирования. Желательно установить Microdost Visual Studio, но можно работать с другими IDE или онлайн-компилятором.

.

**Что на пробном уроке?**

1\. Знакомство с онлайн-компилятором.

2\. Знакомство с переменными и типами данных.

3\. Знакомство с операторами ввода/вывода.

4\. Реализация первой программы с использованием переменных и операторов ввода/вывода .

.

**Результат в конце курса какой?**

Понимание основных концепций, базовых конструкций и синтаксиса языка C\+\+. Умение решать математические, логические, алгоритмические задачи на С\+\+.

Понимание основных принципов объектно-ориентированного программирования (ООП)

в C\+\+, а так же навыки в реализации алгоритмов.

.

**Вау эффект какой?**

Знание С\+\+ будет хоть и нелегким, но прекрасным фундаментом для начала обучения программированию, по той причине, что синтаксис многих языков, так или иначе, схож с синтаксисом C\+\+.

.

Не требуется установка программы до первого занятия. Есть один тренер со знанием английского, но из-за отсутствия материалов полностью англоговорящих ребят возможности вести нет. Среднестатистический ученик - это ребёнок от 12 до 16 лет, который владеет минимальными базовыми знаниями в области математики: знает арифметику; умеет работать с дробями; знает или хотя бы слышал о переменных (речь именно о математическом термине). **На изучение данного курса на базовом уровне без дополнительных тем потребуется от 70 до 85 часов.**

**На углубленном уровне с дополнительными темами - от 85 до 110 часов.**

Системные требования: • Операционная система: Windows 7/8/8\.1/10 x64, Mac OS X 10\.9, 10\.10, 10\.11 и выше; • Оперативная память: от 2 Гб и выше, процессор: 2 ядерный процессор от 1\.8 ГГц;";1.2;1.2;1;1;Нет;;Да;;Программирование;visible;;"ru, en, es";"ru, en";https://docs.google.com/document/d/17iQljahrhKg2eezR85jHVs0WaF6SsTmXmJV2mlr6uHA/edit?usp=sharing
iaHrL5Dk773pqjMCz;Figma и Tilda;Капариха Татьяна;TuuxHqNwgt3udSSkP;9;;invisibly;2;;;"Windows, MacOS, Linux, ChromeOS";;;"Индивидуально-групповой, Индивидуальный";Курс подготовки веб-дизайнеров. Ребенок научится верстать прототипы сайтов и создавать и наполнять веб-сайты с полным функционалом: лендинги и интернет-магазины. В результате ученик соберёт убедительное портфолио работ веб-дизайнера;https://itgen.io/design/figma_tilda_education;https://itgen.io/tilda-figma-gena;;"[#figma\_tilda](https://itgenio.slack.com/archives/C03QKMS0K1U)

.

**НЕ ЗАПИСЫВАЕМ НОВЫХ УЧЕНИКОВ.** Если нужно поменять расприсание другому ученику, пишите в #админский\_направления.

.

[Визитка направления](https://editor.itgen.io/editor/nheTNTsRjob0LL).

***Чему научим?***

Создавать современные, продуманные дизайны для сайтов, приложений, интерфейсов, презентаций и визуального контента для социальных сетей. Создавать сайты без знания программирования на самых популярных конструкторах.

**Нюанс**: интерфейс на английском.

.

***Особенности в обучении?***

Практические задания и развитие дизайнерских навыков - работа с программами, изучение базовых принципов и правил UI/UX дизайна, перенос сайтов на популярные конструкторы. Чтобы ребенок научился проявлять свою креативность и адаптировать идеи под конкретные дизайнерские задачи.

.

***Что на пробном уроке?***

Познакомится с программой Figma, научится работать с базовыми инструментами, создаст первый дизайн пригласительного билета.

.

***Кому подойдет?***

Курс может быть дополнением к HTML \+ CSS

.

***Результат в конце курса какой?***

Понимание всех основ дизайна, сможет создавать адаптивные дизайны сайтов, приложений, интерфейсов, контента для социальных сетей - переносить дизайны сайтов на популярные конструкторы, адаптируя под все типы устройств.

.

***Вау эффект какой?***

Умение работать с платформами для дизайнеров Behance и Dribble и несколько готовых работ в портфолио. Умение работать с клиентами.

.

[Памятка для админов](https://docs.google.com/document/d/1VTvspKTXZvJD0cKnEG1AXJgd91C5y26nYND8-Cz5lC4/edit?usp=sharing)

На базовом уровне без дополнительных тем потребуется от 60 до 70 часов. На углубленном уровне с дополнительными темами - от 70 до 100 часов.";1;1;1;1;Нет;;;;Дизайн и творчество;invisibly;;"ru, en, es";;
7d62XutcAwgs6pAhG;FT: Креативное мышление;Бобкова Наталья;ywqNgcfBqasmhPPpf;7;;invisibly;1;;;"Windows, MacOS, Linux, ChromeOS";"Android, iPad";;Индивидуальный;"Разовьём воображение и научимся использовать его для создания собственных креативных проектов, придумывать идеи с помощью креативных техник";;;;;1;1;1;1;Нет;;;;Профессии;invisibly;;ru;;
hZmK4T82TazXwmf3L;FT: Критическое мышление;Бобкова Наталья;ywqNgcfBqasmhPPpf;7;;invisibly;1;;;"Windows, MacOS, Linux, ChromeOS";"Android, iPad";;Индивидуальный;"Научимся критически мыслить, анализировать информацию и узнаем, как никогда не попадаться на чужие уловки и формировать собственное мнение.";;;;;1;1;1;1;Нет;;;;Профессии;invisibly;;ru;;
tfiaHPvYwW972ZHGe;FT: Ментальная арифметика;Бобкова Наталья;ywqNgcfBqasmhPPpf;7;;invisibly;1;;;"Windows, MacOS, Linux, ChromeOS";;;Индивидуальный;"Мы научимся считать на абакусе и в уме, развивая внимание, память и скорость мышления. Курс помогает ребёнку стать собраннее, увереннее и быстрее решать школьные и жизненные задачи.";;;;;1;1;1;1;Нет;;;;Профессии;invisibly;;ru;;
JQucvGAao6ofwJcj5;FT: Нейросети;Санталова Анастасия;jGdXYkWDiCbFWLg6A;10;;invisibly;1;;;"Windows, MacOS, Linux, ChromeOS";;;"Индивидуально-групповой, Индивидуальный";"Управляй нейросетями, а не просто используй их! Научись создавать видео, музыку и визуальный контент с помощью ИИ. Ты разберешься, как работают нейросети, как писать сильные промты и создавать проекты, которыми хочется поделиться с друзьями.";;;;.;1;1;1;1;Нет;;;;Профессии;invisibly;;ru;;
vPBunsdEqdxnFKBJa;FT: Эмоциональный интеллект;Бобкова Наталья;ywqNgcfBqasmhPPpf;7;;invisibly;1;;;"Windows, MacOS, Linux, ChromeOS";;;Индивидуальный;"На курсе мы учимся понимать свои эмоции, справляться с тревогой и злостью, отстаивать границы и увереннее общаться. Это про контроль, уверенность и внутреннюю опору 🧠";;;;;1;1;1;1;Нет;;;;Профессии;invisibly;;ru;;
17;GameMaker;Сташкевич Александр;18;9;;Доступно;2;;;"Windows, MacOS, Linux, ChromeOS";;Да;"Индивидуально-групповой, Индивидуальный";"Мечтаешь создать свою игру, как те, в которые играешь каждый день? На GameMaker ты станешь архитектором своих 2D миров! Мы научим тебя «оживлять» героев, придумывать хитрые уровни и писать код, который заставит игру работать по твоим правилам.";https://itgen.io/programmirovanie/gamemaker;https://itgen.io/gamemaker-gena;;"[#gamemaker\_team](https://itgenio.slack.com/archives/C010P8NFLN5)

.

[Визитка направления.](https://editor.itgen.io/editor/o0YsIrSRxZ6c62) .

🎮 Создание игр на GameMaker: От игрока к разработчику

(Ключевые слова для поиска: гейммейкер, gm, gml)

/

GameMaker — это профессиональная мастерская для создания 2D-игр. Если Scratch — это первый конструктор, то GameMaker — это уже настоящий инструмент, на котором создавались мировые хиты (например, Undertale или Hyper Light Drifter). Здесь ребёнок не просто играет, а понимает «математику» игры: как работает гравитация, почему пуля летит в цель и как оживить персонажа с помощью кода.

**Почему GameMaker актуален именно сейчас**

*   Два в одном: блоки \+ код. Программа позволяет переключаться между визуальными блоками (GML Visual) и реальным текстовым кодом (GML Code). Это самый мягкий и эффективный способ перейти к «взрослому» программированию без страха перед сложным синтаксисом.
*   Понимание физики и логики. Чтобы создать игру, нужно понять, как работают координаты, векторы и столкновения. Ребёнок подтягивает знания математики и логики, даже не замечая этого, потому что он увлечён процессом.
*   Быстрый результат — высокая мотивация. GameMaker позволяет увидеть результат своей работы почти мгновенно. Это поддерживает интерес и даёт ребёнку чувство успеха: «Я сам создал мир, который работает!».
*   Развитие проектного мышления. Создание игры — это полноценный проект: от идеи и рисования персонажа до программирования уровней и тестирования. Это учит доводить начатое до конца.

**🎓 Чему научим:**

*   Основам геймдизайна: как создавать уровни, в которые интересно играть.
*   Двум форматам программирования: работа с визуальной логикой и написание кода на языке GML.
*   Работе с игровыми ресурсами: создание спрайтов (персонажей), работа с анимацией, звуковыми эффектами и фоном.
*   Игровой механике: настройка управления, стрельбы, искусственного интеллекта врагов и системы подсчёта очков/
*   Проектированию уровней: создание архитектуры 2D-миров и баланса сложности.

**🧪 Что на пробном уроке?**

*   Ребёнок сразу почувствует себя разработчиком!
*   За одно занятие мы:
*   Разберёмся в интерфейсе профессионального движка GameMaker.
*   Создадим свой первый проект по шаблону Space Rocks (космическая стрелялка).
*   Запрограммируем движение корабля и механику стрельбы.
*   Оживим игровые объекты и увидим их в действии.
*   По итогу у ученика будет понимание, как из набора картинок получается настоящая интерактивная игра.

**🎯 Что получит ребёнок:**

*   Собственное портфолио: несколько готовых автономных игр, в которые можно дать поиграть друзьям.
*   Глубокие знания логики: понимание того, как работают сложные программы изнутри.
*   Навык решения задач: умение находить ошибки в коде («баги») и исправлять их.
*   Переход на новый уровень: уверенность в том, что он может не только играть, но и создавать.

**🚀 Дальнейшие шаги:**

GameMaker — это отличный трамплин. После него ребёнок может выбрать:

*   Python — для изучения чистого текстового кода и алгоритмов.
*   Roblox (Lua) или Unity (C#) — для перехода в 3D-разработку на еще более сложном уровне.
*   Профессиональный арт и анимация — если больше привлекла визуальная часть создания игр.

**📦 Техническая информация:**

Длительность курса: 56 часов (Базовый: 24ч, Повышенный: 26ч, Продвинутый: 6ч).

/

Важно: требуется предварительная установка программы на компьютер.

**
**

**Язык: обучение на русском (английские материалы в разработке).**

**Марахтанова пока не ведёт свои проекты у учеников (к ней опытных не записывать)**

Системные требования: Обязательно операционная система 64-bit!";1.1;1.1;1;1;Нет;;Да;;Программирование;visible;;"ru, en, es";ru;
NruduPNNPrDtX74z4;GCSE;Стельмах Егор;pTaCqh2tdpPEAfuTZ;15;;onlyAdmin;1;;;"Windows, MacOS, Linux, ChromeOS";"Android, iPad";;Индивидуальный;Specialized GCSE tutoring;;;;"Specialized GCSE tutoring to master key exam topics in Math and or Computer Science with step-by-step revision and exam-like questions tailored to each students level, key focus areas and pace of learning.";1;1;1.3;1;Нет;;;;Школьные предметы;onlyAdmin;;"en, ru";"en, ru";
4;HTML+CSS;Сташкевич Александр;18;10;;Доступно;2;;;"Windows, MacOS, Linux, ChromeOS";;Нет;"Индивидуально-групповой, Индивидуальный";"Вместе шаг за шагом освоим веб-разработку: научимся создавать сайты с нуля, оформлять их стильно и современно, добавлять анимации и адаптивный дизайн. Уже на курсе появятся первые проекты в портфолио, которыми можно гордиться и показывать друзьям.";https://itgen.io/programmirovanie/web-programming;https://itgen.io/web-prog-gena;;"[#html\_js](https://itgenio.slack.com/archives/C01FZ1Q0Q3Z)

.

[Визитка направления.](https://editor.itgen.io/editor/AZ1cSwcYm4exJ9) .

**🌐 Веб-разработка — первые сайты своими руками**

HTML и CSS — это языки, на которых создаются сайты. HTML отвечает за структуру страницы (заголовки, текст, изображения), а CSS — за внешний вид: цвета, шрифты, расположение элементов. На курсе ребёнок научится создавать собственные сайты с нуля и оформлять их так, чтобы они выглядели современно и красиво.

.

**Почему веб-разработка актуальна именно сейчас**

*   Базовый навык для будущего. Почти каждый проект в интернете начинается с HTML и CSS. Эти технологии лежат в основе любой веб-страницы.
*   Видимый результат с первого занятия. Уже на пробном уроке ребёнок создаст свою первую веб-страницу и увидит, как его идеи превращаются в настоящий сайт.
*   Подходит подросткам. Курс рассчитан на детей от 10 лет. Даже если ребёнок не планирует стать программистом, умение работать с сайтами полезно в учёбе и любых проектах.
*   Творчество \+ логика. Веб-разработка объединяет технические знания и дизайн — ребёнок учится не только кодить, но и красиво оформлять результат.

**🎓 Чему научим**

*   Работать с основными тегами HTML
*   Структурировать информацию на веб-странице
*   Использовать CSS для оформления и стиля
*   Создавать макеты сайтов, подбирать шрифты, цвета, фоны
*   Делать страницы адаптивными — чтобы они хорошо смотрелись на компьютере, планшете и телефоне
*   Публиковать готовые работы в интернете

**🎯 Что получит ребёнок**

*   Навык создания собственных сайтов с нуля
*   Понимание, как работает веб-страница «изнутри»
*   Первые проекты в портфолио
*   Уверенность в своих силах и интерес к программированию
*   Базу для перехода к JavaScript и полноценной веб-разработке

.

**🌐 Что будет на пробном?**

Ученик познакомится с веб-разработкой и установит профессиональный редактор Visual Studio Code. Он научится работать в программе, создавать структуру проекта из папок и файлов, а также освоит инструменты для запуска кода в браузере.

Главный результат — создание первой веб-страницы. Ребенок разберет структуру HTML-документа, научится использовать горячие клавиши для быстрого написания тегов и отработает форматирование текста на практике.

.

**✨ Вау-эффект**

Ребёнок сам создаёт и публикует сайт, который можно показать друзьям и родителям.

.

**🚀 Дальнейшие шаги**

После курса по HTML и CSS ребёнок может продолжить обучение в направлениях:

*   ⚡ JavaScript — добавить интерактивность на сайты
*   🎨 Веб-дизайн в Figma — научиться проектировать интерфейсы и внешний вид сайтов
*   🐍 Python  — создавать полноценные веб-приложения

**📚 Программа курса — 116–130 часов**

**.**

**Модуль 1\. Первые шаги в HTML (20–25 часов)**

Ребёнок создаёт свои первые веб-страницы: учится работать с текстом, картинками, ссылками и списками. Итог — 3 простых, но настоящих сайта, сделанных своими руками.

.

**Модуль 2\.** **Базовый CSS** **(30–35 часов)**

Изучаем, как придать сайту «жизнь»: выбираем цвета, шрифты, настраиваем расположение элементов. Итог — 5 ярких проектов с дизайном и оформлением.

.

**Модуль 3\. Продвинутый HTML (20–25 часов)**

Ребёнок создаёт более сложные сайты: формы для опросов и регистрации, страницы с видео и музыкой. Итог — 5\+ проектов, которые выглядят как настоящие веб-сервисы.

.

**Модуль 4\. Современная верстка (20–25 часов)**

Знакомство с Flexbox и Grid — инструментами, которые используют профессиональные верстальщики. Итог — адаптивные макеты сайтов, которые удобно просматривать на любых устройствах.

.

**Модуль 5\. Анимация и адаптивный дизайн (12–16 часов)**

Учимся добавлять плавные переходы, анимацию и делать сайты «умными»: одинаково удобными для телефона, планшета и компьютера. Итог — интерактивные сайты, которыми можно гордиться.

.

**Модуль 6\. Быстрые решения с Bootstrap (4–10 часов)**

Знакомство с популярным фреймворком, который используют профессионалы, чтобы ускорять разработку. Итог — сайт, собранный на готовых компонентах, но с индивидуальным оформлением.

.

👉 К концу курса у ребёнка будет портфолио из 15\+ полноценных сайтов: от простых страничек до ярких проектов с анимацией и адаптивным дизайном.

.

**💻 Технические требования**

*   ОС: Windows 7/8/10 (x64) или macOS 10\.9 и выше
*   Процессор: от 2 ядер, от 1\.8 ГГц
*   ОЗУ: от 2 ГБ";1;1;1;1;Нет;;Да;;Программирование;visible;;"ru, en, es";"ru, en";
9;Illustrator;Капариха Татьяна;TuuxHqNwgt3udSSkP;10;;Доступно;2;;;"Windows, MacOS, Linux, ChromeOS";;Да;"Индивидуальный, Индивидуально-групповой";"На курсе мы научимся создавать крутые стикеры, логотипы и персонажей в профессиональной программе Adobe Illustrator. Ты освоишь секреты дизайна и сможешь рисовать идеальные цифровые картинки обычной мышкой, превращая свои идеи в крутые проекты!";https://itgen.io/design/obuchenie-illustrator;https://itgen.io/illustrator-gena;;"[#ps\_ai](https://itgenio.slack.com/archives/CGLRN0VCZ)

.

[Визитка направления](https://editor.itgen.io/editor/m86ADQcVtRl9IQ).

**
**

🎨 Adobe Illustrator: Профессиональный графический дизайн

(Ключевые слова для поиска: ил, люстра, illustrator, вектор)

Adobe Illustrator — это создание графики, которая никогда не теряет качества. В отличие от обычных фото, векторную иллюстрацию можно растянуть до размеров огромного баннера, и она останется идеально чёткой. Это главный инструмент дизайнеров логотипов, создателей стикерпаков и интерфейсов.

.

**Почему Illustrator актуален именно сейчас**

*   Профессиональный стандарт. Ребёнок осваивает инструмент, на котором работают профи в IT-гигантах и брендинговых агентствах по всему миру.
*   Рисование без навыков художника. В Illustrator не нужно уметь идеально рисовать от руки. Мы учим «собирать» изображения из простых фигур и линий. Это идеальный вход в дизайн для тех, кто любит логику и структуру.
*   От логотипа до мерча. Всё, что создано в программе, можно напечатать на футболке, превратить в стикер для Telegram или использовать в мобильном приложении.
*   Развитие вкуса. Работа с вектором учит ребёнка видеть форму, цвет и композицию, что развивает эстетический взгляд на мир.

**🎓 Чему научим:**

*   Основам вектора: работа с кривыми, узлами и сложными контурами.
*   Брендингу: разработка логотипов и подбор фирменных цветов.
*   Коммерческому дизайну: создание макетов для печати (визитки, постеры, мерч).
*   Иллюстрации: создание персонажей в стиле Flat-дизайна и Line Art.
*   Типографике: работе со шрифтами и превращению текста в элемент искусства.

**🧪 Что на пробном уроке?**

Мы сразу покажем, что дизайн — это доступно и весело.

За одно занятие ребёнок:

Познакомится с интерфейсом и поймёт, как устроена программа.

Научится создавать и объединять простые фигуры.

Нарисует свою первую векторную иллюстрацию с помощью мышки.

Уже через 60 минут у ученика будет первый готовый мини-проект.

**🎯 Что получит ребёнок:**

Уверенность в творчестве: «Я могу создавать крутой визуал, даже если не умею рисовать на бумаге».

Портфолио: набор стильных работ, которые можно показать друзьям или использовать в жизни.

Вау-эффект: создание качественной графики «как из Пинтереста» уже через несколько недель.

**🚀 Дальнейшие шаги:**

После освоения Illustrator в Айтигенио открывается прямой путь к смежным профессиям:

*   Photoshop — для работы с фотографиями, сложными коллажами и спецэффектами.
*   Веб-дизайн — создание современных интерфейсов для сайтов и мобильных приложений.
*   Старт в дизайне — если ребёнок ещё не определился и хочет попробовать разные инструменты, чтобы найти своё.
*   Финграмотность Teens — чтобы научиться оценивать свои дизайнерские услуги и понимать, как монетизировать творчество.
*   Мягкие навыки (Soft Skills) — чтобы уверенно презентовать свои проекты заказчикам и работать в команде.

.

Требуется установка программы. Можно заниматься с графическим планшетом. Если дети 9-10 лет очень хотят на Illustrator, необходимо дать тест на ПН. СРЕДНЕЕ кол-во часов в курсе - 35-50\. Системные требования: • Операционная система: Windows 7/8/8\.1/10 x64, Mac OS X 12\.0 и выше (с установкой на win7, могут возникать проблемы); • Оперативная память: от 4 Гб и выше, процессор: 2 ядерный процессор от 2 ГГц;";1;1;1;1;Нет;;Да;;Дизайн и творчество;visible;;"ru, en, de, es";"ru, en";
hYJYJkA37x7mpY7sz;iOS разработка;Санталова Анастасия;jGdXYkWDiCbFWLg6A;;;hidden;2;;;"Windows, MacOS, Linux, ChromeOS";;;"Индивидуально-групповой, Индивидуальный";"Курс для будущих создателей приложений для iOS. Создание и запуск  iOS-приложений на языке программирования Swift. Требования: знание основ программирования, рекомендуется предварительное изучение курса программирования в MIT App Inventor.";https://itgen.io/ios-development;https://itgen.io/ios_gena;;"[#ios](https://itgenio.slack.com/archives/C01KJF7FN73)

**НОВЫХ УЧЕНИКОВ НЕ ЗАПИСЫВАЕМ**

**
**

**Чему научим?**

Научим создавать приложения для iOS систем. Изучим язык программирования Swift. Познакомимся с архетиктурой мобильных приложений. Освоим работы сцен и переходов между ними, работа с анимациями, реагирование на события, предоставление доступа к различным системам телефона, а так же как правильно оформлять интерфейс для удобста использования.

.

**Особенности в обучении?**

Обучение через проекты позволит ученику на практике применять и закреплять изученную теорию. Позволит понять как происходит построение приложения и взаимодействие всех его компонентов.

.

**Что на пробном уроке?**

Первое занятие - знакомство с средой разработки и первый проект:

1\.Знакомство с интерфейсом окна создания проекта и настройками проекта.

2\.Знакомство с базовыми элементами языка Swift

3\.Знакомство с процессом создания простого приложения (Hello World).

4\.Создание первого простого приложения для вывода текста, а так же работа с кнопками и переменными (Кликер).

.

**Результат в конце курса какой?**

В результате ученик получит базовые знания для создания своих приложений для устройств на систему iOS.

.

**Вау эффект какой?**

Изучим концепцию Swift UI на практических заданиях. Создадим портфолио своих работ.

.

Разработка нативных мобильных приложений на iOS (теоретически и приложения на любые яблочные устройства). Проходится желательно после питона). Язык программирования - SWIFT (5ая версия, будет изучаться по ходу курса).

**ОБЯЗАТЕЛЬНО:** Ученик должен иметь MAC BOOK (в крааайнем случае, с установленной виртуалкой) На изучение данного курса на базовом уровне без дополнительных тем потребуется от 55 до 90 часов.";1.3;1.3;1;1;Нет;;;;Программирование;hidden;iWuaJqG4M8mAkYXbu;"ru, en, es";;
16;Java;Санталова Анастасия;jGdXYkWDiCbFWLg6A;12;;Доступно;2;https://docs.google.com/document/d/1V4mmzhQIYu_1guNm4vYJuf-bqN0FZw7P/edit;;"Windows, MacOS, Linux, ChromeOS";;Да;"Индивидуально-групповой, Индивидуальный";"Научимся писать код и создавать свои приложения! 💻
Будем делать игры, программы и узнаем, как работают настоящие приложения — как у взрослых программистов!";https://itgen.io/programmirovanie/java;https://itgen.io/java-gena;;"[#java](https://itgenio.slack.com/archives/CCBGK4J6T)

.

[Визитка направления.](https://editor.itgen.io/editor/hpE9htovbQHKnN).

☕ Программирование на Java — шаг к созданию собственных приложений

Java — один из самых популярных языков программирования в мире. На нём создаются игры, банковские системы, сайты и приложения для Android. Этот курс поможет ребёнку освоить основы и уверенно перейти от простых задач к полноценным проектам.

.

**💡 Чему научим**

*   📘 Понимать, как «думает» компьютер. Познакомимся с основами программирования на Java, разберём, как работают алгоритмы и программы.
*   ⚙️ Писать собственные программы. Изучим синтаксис языка, переменные, условия, циклы, массивы и функции — всё, что нужно, чтобы оживить идеи в коде.
*   🎮 Создавать проекты и игры. Применим знания на практике: напишем мини-программы, консольные игры и полноценное приложение с интерфейсом и базой данных.
*   💾 Работать с файлами и базами данных. Познакомимся с MySQL и PostgreSQL, научимся сохранять данные и создавать простые пользовательские интерфейсы.
*   🧠 Мыслить как программист. Ребёнок научится анализировать задачи, строить алгоритмы и проверять свои решения.

**⚙️ Особенности обучения**

*   🔹 Много практики: почти каждый урок — это новый проект или мини-задача.
*   🔹 Работаем в понятной среде Visual Studio Code или IntelliJ IDEA.
*   🔹 Переход от консольных программ к графическим приложениям.
*   🔹 Для тех, кто уже знаком с программированием, предусмотрены продвинутые темы.

**🎯 Что будет на пробном уроке**

Познакомимся с языком Java: где он используется, какие программы на нём создаются и почему его выбирают профессионалы.

Напишем первый код и запустим простую программу.

.

**📚 Программа курса**

.

**Модуль 1\. Базовый уровень — 40–50 часов**

Что изучаем:

*   Введение в язык, переменные, типы данных, циклы, массивы, классы и объекты.
*   Результат:
*   Ребёнок научится писать простые программы, разберётся с синтаксисом, освоит основы структурного программирования и поймёт, как устроен проект Java.

**Модуль 2\. Средний уровень — 50–60 часов**

Что изучаем:

*   Числа, символы, строки, обработка исключений, потоки ввода-вывода, работа с файлами, коллекции, основы ООП.
*   Результат:
*   Ученик создаст крупное консольное приложение, освоит принципы объектно-ориентированного программирования и научится применять их в проектах.

**Модуль 3\. Продвинутый уровень — 50–60 часов**

Что изучаем:

*   Работа с датой и временем, Stream API и лямбда-выражения, многопоточность, шаблоны проектирования, базы данных (PostgreSQL), JavaFX, тестирование.
*   Результат:
*   Ребёнок создаст первое полноценное приложение с графическим интерфейсом и подключённой базой данных, освоит тестирование и отладку программ.

**🧩 Результат после курса**

*   Уверенно программирует на Java;
*   Создаёт собственные приложения и игры;
*   Понимает логику работы баз данных;
*   Готов к изучению Android-разработки или другим языкам программирования.

**🌟 Вау-эффект**

Ребёнок своими руками создаёт настоящую программу — не просто код, а полноценное приложение, которое можно запустить, показать друзьям и развивать дальше.

.

**💻 Технические требования**

*   Операционная система: Windows 7/8/10 x64, Mac OS X 10\.9\+
*   Оперативная память: от 2 ГБ
*   Процессор: 2 ядра, 1\.8 ГГц и выше
*   Необходимо установить Java JDK: скачать с сайта Oracle

**🚀 Дальнейшие шаги**

После Java можно развиваться в направлениях:

*   

*   📱 Android-разработка — создание мобильных приложений;
*   💻 Python — для тех, кто хочет попробовать другой язык;";1.2;1.2;1;1;Нет;;Да;;Программирование;visible;;"ru, en, es";"ru, en";https://docs.google.com/document/d/1V4mmzhQIYu_1guNm4vYJuf-bqN0FZw7P/edit
5;JavaScript;Сташкевич Александр;18;;;onlyAdmin;2;https://docs.google.com/document/d/1e1yORQa0Tt7i9Rz8IU4rQ-S7PdZV6jKa/edit;;"Windows, MacOS, Linux, ChromeOS";"Android, iPad";Нет;"Индивидуально-групповой, Индивидуальный";"Создадим интерактивные проекты, весёлые игры и узнаем, как программисты делают сайты такими, какими мы видим их каждый день! 🚀Будем писать код, который заставляет кнопки работать, картинки двигаться и страницы меняться по нашему желанию.";https://itgen.io/programmirovanie/web-programming;https://itgen.io/web-prog-gena;;"[#html\_js](https://itgenio.slack.com/archives/C01FZ1Q0Q3Z)

.

[Визитка направления](https://editor.itgen.io/editor/F9-b3huHVcHElS).

**НА ПРОБНЫЕ НЕ ЗАПИСЫВАЕМ!**

.

***⚡ JavaScript — язык, который делает сайты живыми***

***
***

***J**avaScript — это язык, на котором создают интерактивные сайты, игры и приложения.*

*Благодаря ему кнопки реагируют на клики, анимации двигаются, страницы оживают.*

*На курсе ребёнок научится создавать свои первые программы, понимать логику сайтов и превращать идеи в работающие проекты.*

*.*

*💡* Почему JavaScript важен

*   Без него не работает веб. Все сайты, которые вы открываете, используют JavaScript — от Google до Instagram.
*    Развивает и логику, и креатив.
*   Программирование тренирует мышление, помогает структурировать мысли и создавать красивый функционал.
*   Подходит подросткам от 11 лет. Прост в освоении, но открывает путь в настоящую разработку.
*   Реальные результаты с первых занятий. Уже через пару уроков ребёнок пишет свой первый код и создаёт мини-игру.

**🎓 Чему научим**

*   Создавать интерактивные сайты и приложения с нуля;
*   Понимать, как JavaScript управляет элементами страницы;
*   Работать с циклами, условиями, функциями и объектами;
*   Делать анимации, кнопки, формы, мини-игры;
*   Развивать логическое и алгоритмическое мышление.

**⚙️ Особенности обучения**

*   💻 Обучение построено на практике: ребёнок сразу видит результат.
*   🎮 В каждом модуле — мини-проекты и игровые задания.
*   🧠 Используем профессиональные инструменты (Visual Studio Code или Sublime Text).
*   🚀 Учимся пошагово — от простых программ до веб-приложений.

**🔍 Что на пробном уроке**

*   Напишем первые команды и заставим сайт «ожить».
*   Ребёнок сразу увидит, что он может создавать что-то реальное своими руками.

**🎯 Что получит ребёнок**

*   Понимание логики программирования и работы сайтов;
*   Первые проекты и игры в портфолио;
*   Уверенность в своих силах и интерес к IT;
*   Навыки, которые пригодятся для изучения Python, React и других языков.

.

**🌟 Вау-эффект**

*   Ребёнок оживит сайт сам: добавит кнопки, создаст игру и анимацию.
*   Он не просто пишет код — он видит, как его идеи работают.

.

**📚 Программа курса — 178 часов**

🧩 Модуль 1\. Базовый — 40–44 ч

*   

*   Первые шаги в программировании.
*   Подключение скриптов, переменные, условия и циклы;
*   Решение задач, создание алгоритмов;
*   Мини-игры: «Камень-ножницы-бумага», «Угадай число».

💡 Результат: понимает логику кода и видит результат.

.

**⚙️ Модуль 2\. Повышенный — 30–36 ч**

*   Работаем с данными и создаём проекты.
*   Массивы, объекты, функции;
*   Дата, время, LocalStorage;
*   Игра «Быки и коровы» и мини-приложения.

💡 Результат: уверенно пишет код, понимает устройство программ.

.

**💻 Модуль 3\. Работа с DOM — 44–48 ч**

*   Учим JavaScript управлять страницей.
*   Что такое DOM, поиск и изменение элементов;
*   Создание кнопок, форм, анимаций;
*   6 проектов \+ 2 игры \+ макет интернет-магазина.

💡 Результат: умеет делать сайты интерактивными.

**🚀 Модуль 4\. Продвинутый — 46–50 ч**

*   Профессиональный JavaScript.
*   ООП: классы, объекты, наследование;
*   Canvas и анимации;
*   Сетевые запросы и асинхронность.
*   🎮 Проекты: 2D-игры с графикой, интерактивные открытки, мини-приложения.

💡 Результат: создаёт полноценные веб-приложения.

.

**🚀 Дальнейшие шаги**

После курса ребёнок может продолжить обучение:

*   🧠 Python — для логики, ботов и нейросетей;
*   🎮 Разработка игр — для создания собственных проектов.

**💻 Технические требования**

*   ОС: Windows 7/8/10 (x64) или macOS 10\.9\+
*   Процессор: 2 ядра, 1\.8 ГГц и выше
*   ОЗУ: от 2 ГБ
*   Программы: Visual Studio Code (рекомендуется) или Sublime Text";1.1;1.1;1;1;Нет;;Да;;Программирование;onlyAdmin;4;"ru, en, es";"ru, en";https://docs.google.com/document/d/1e1yORQa0Tt7i9Rz8IU4rQ-S7PdZV6jKa/edit
WE9rqRQwwzdAGGGsy;Kodu game lab;Худик Татьяна;nke7RYBQDHfbTp34f;8;;Доступно;2;;;Windows;;Да;"Индивидуально-групповой, Индивидуальный";"Курс для будущих разработчиков игр. Знакомство с азами программирования и алгоритмами. Ученик научится создавать и заполнять трехмерное игровое пространство, добавлять персонажей и программировать их поведение. Создание игр различных жанров.";https://itgen.io/programmirovanie/kodu-game-lab;https://itgen.io/kodu_gena;;"[#kodu-game-lab](https://itgenio.slack.com/archives/C01FZ29CHLP)

.

[Визитка направления](https://editor.itgen.io/editor/bp83Zb-9z2axLb).

**ОБЯЗАТЕЛЬНА установка** программы до первого занятия! **ТОЛЬКО НА WINDOWS, уточняйте у родителей тк если Мас, то запись не ведем!**

**.**

***Чему научим?***

Научим создавать 3D-игры. Познакомим с основными принципами программирования, логически выстраивать алгоритмы действий и правильно их применять. Научим логически выстраивать алгоритмы действий, что позволит строить сложные и интересные игровые проекты.

.

***Особенности в обучении?***

Процесс разработки похож на игру. Дети собирают программы из ярких блоков кода, похожих на детали пазла.  Значение каждого фрагмента легко определить, даже если ребенок еще не умеет читать: на каждую карточку нанесен не только текст команды, но и картинка, обозначающая действие или характеристику.

.

***Что на пробном уроке?***

Знакомимся с визуальным конструктором Kodu Gamе Lab и научаться пользоваться им, чтобы собирать код для своих первых игр. Изучаем основные инструменты. Учимся программировать движение персонажа и изменения его внешнего вида.

.

***Результат в конце курса какой?***

По окончании ученик научится создавать игры различных жанров в Kodu Game Lab, применять способ телепортации и режим выживания, изобретать игры с разным количеством уровней.

.

***Вау эффект какой?***

Каждое занятие - новая игра! Неважно, станет ли в будущем ребенок профессиональным разработчиком игр. Обучающая программа Kodu Game Lab поможет ему легче справляться со школьными заданиями, прокачает логику и вычислительное мышление, разовьет творческие качества.

.

**На изучение данного курса от 16 до 32 часов.**";1;1;1;1;Нет;;Да;;Программирование;visible;;"ru, en, es";"ru, en";
21;Minecraft;Ярахович Алина;mt5usMZK4LkwBH4ht;9;;Доступно;2;;FMjFcwitYPgwavrr4;"Windows, MacOS, ChromeOS";;Да;"Индивидуальный, Индивидуально-групповой, Групповой";"Мы научимся программировать в любимой игре: управлять виртуальным роботом, строить дома и автоматизировать постройки. Такой формат делает изучение кода простым и увлекательным, а ребёнок увидит, как команды превращаются в результат прямо в игре.";https://itgen.io/programmirovanie/minecraft;https://itgen.io/minecraft-gena;;"[#minecraft](https://itgenio.slack.com/archives/CN7N88NH2)

.

[**ВИДЕОВИЗИТКА**](https://drive.google.com/file/d/1tJe24qXNilKhh__EoGJcD73fHXgKjcno/view?usp=sharing)

.

[Визитка направления](https://editor.itgen.io/editor/tSr9d4I-mzawyk).

**🧱 Minecraft — программирование в любимой игре**

.

**Minecraft** — это курс, где ребёнок не просто строит миры, а учится давать им жизнь с помощью кода. Вместо привычной игры он создаёт проекты: управляет игровым роботом, автоматизирует постройки и воплощает идеи, которые без программирования были бы невозможны. Всё обучение проходит в специальной образовательной версии Minecraft, где отвлекающие элементы отключены, а внимание сосредоточено на развитии.

.

**Почему Minecraft актуален именно сейчас**

1.  Любимая игра превращается в инструмент обучения. Ребёнок учится программировать в среде, где ему интересно — это повышает мотивацию.
2.  Программирование без страха. Вместо сложного текста — простые блоки команд, которые легко соединять и сразу видеть результат.
3.  Результат с первого урока. Уже на пробном занятии ребёнок создаёт свою первую программу и видит, как робот выполняет его команды.
4.  Фундамент для будущего. После курса будет проще перейти к текстовым языкам вроде Python или начать создавать сложные игры в Roblox.

.

**🎓 Чему научим**

*   Работать с простыми блоками команд и создавать из них программы
*   Давать задания игровому роботу: строить, разрушать, перемещаться
*   Оживлять объекты в игре — чтобы они реагировали на действия игрока и выполняли команды автоматически
*   Планировать шаги проекта и доводить его до результата
*   **ВАЖНО: моды создавать не учим!**

.

**🎯 Что получит ребёнок**

.

*   Понимание основ алгоритмов и программирования
*   Способность создавать проекты в Minecraft с помощью кода
*   Развитие логического и алгоритмического мышления
*   Умение пошагово решать задачи
*   Уверенность в работе с цифровыми инструментами
*   Готовность к изучению текстового программирования

.

**🧱 Что будет на пробном?**

Ученик познакомится с интерфейсом Minecraft и создаст свой уникальный мир для программирования. Он научится управлять персонажем и объектами через код: будет мгновенно менять время суток, создавать животных, блоки и текст одним нажатием клавиши.

Главный результат — освоение событийного программирования. Ребенок напишет скрипты, которые реагируют на его действия в игре: ходьбу, полеты и даже удары молнии. Это превратит обычную игру в мощный инструмент для творчества и обучения логике.

.

**🚀 Дальнейшие шаги**

После Minecraft ребёнок сможет перейти к:

*   🎮 Разработке 2D-игр в GameMaker
*   🕹️ Созданию карт и логики в Roblox
*   🧠 Блочному Python — мягкий переход к «настоящему» коду

.

📚 Программа курса — 96 часов

.

**ЕСЛИ РЕБЁНОК МЛАДШЕ 9 ЛЕТ — Отправляем на Юного программиста (Minecraft junior)**

.

**Базовый модуль — 32 часа**

Основы работы в образовательной версии Minecraft, знакомство с блоками кода, создание первых программ и построек.

.

**Повышенный модуль — 32 часа**

Более сложные алгоритмы, циклы и условия, управление роботами, автоматизация больших построек.

.

**Продвинутый модуль— 16 часов**

Проектная работа: разработка сложных карт с интерактивными элементами.

.

**Дополнительный модуль — 16 часов**

Творческие проекты и командная работа.

*   👉 При наличии опыта возможен старт с 8 лет — по согласованию с тренером
*   🧠 Для детей младше 9 лет — курс «Юный программист» с блоком Minecraft.

.

**💥 Вау-эффект**

Дети создают замки, города, мосты и целые миры, управляя процессом с помощью кода. То, что вручную заняло бы часы, программа строит за минуты — и это по-настоящему впечатляет.

.

**💻 Системные требования**

*   ОС: Windows 10/11 x64, macOS 12\.0\+, Linux, ChromeOS
*   Планшеты: Android, iPad
*   ОЗУ: от 8 ГБ
*   Процессор: от 4 ядер, от 2 ГГц";1.1;1.1;1;1;Нет;;Да;;Программирование;visible;;"ru, en, he, es";"ru, en, es";
7pYuweneB9Gpva3JB;Minecraft на Python;Ефимович Валерия;hN5qPSK8YpERLxjMg;10;;onlyAdmin;2;;;"Windows, MacOS, Linux, ChromeOS";;Да;"Индивидуально-групповой, Индивидуальный";Курс программирования для детей на языке Python в популярной игре Minecraft. Ребенок научится писать взрослый программный код. Тренеры просто и понятно расскажут об азах программирования и алгоритмах.;https://itgen.io/programmirovanie/minecraft-on-python;https://itgen.io/minecraft-on-python-gena;;"[#minecraft\_на\_python](https://itgenio.slack.com/archives/C0436KGAYUD)

Материалов на АНГЛ НЕТУ. ПРОБНИКОВ НЕ ЗАПИСЫВАЕМ

.

**Чему научим?**

Научим использовать Python для создания написания скриптов в Minecraft. Ученики будут понимать базовые концепции языка программирования, чтобы модифицировать игровой процесс и создавать новые элементы в Minecraft.

.

**Особенности в обучении?**

Программа обучения начинается с основ Python и применения их к созданию и изменению игровых элементов в Minecraft. Обучение проходит в интерактивной среде, где ученики могут сразу видеть результаты своих изменений в игре.

.

**Что на пробном уроке?**

Пробный урок позволяет познакомиться с Python и его применением в Minecraft. Создаются простые модификации игры, например, изменение текстур или создание новых блоков.

.

**Результат в конце курса?**

Ученик сможет применять функции и команды, с помощью которых сможет создавать свои мини-игры в Minecraft. Изучит основные понятия в программировании на Python. Полученные знания позволят пройти курс Python без особого труда или перейти к изучению более сложных языков программирования

.

**Вау-эффект?**

Возможность с помощью кода создавать такие постройки, механизмы, программы, которые нельзя сделать, просто играя в Minecraft. Ребенок видит, что несколько строчек кода дают ему столько ресурсов, сколько руками пришлось бы добывать несколько часов. А другой код позволяет построить из этих ресурсов огромные движущиеся объекты, которые вовсе невозможно создать без специальных средств. У него разгорается фантазия, появляется желание экспериментировать и создавать. Наши тренеры помогают разобраться, как добиться поставленных целей.

Например, можно создать большой дом, добавив несколько строк кода в программу. Такой же результат можно получить только потратив несколько часов в игре (зависит от масштабов постройки). ""

.

Программу и игровой майнкрафт надо установить до занятия.

.

**ПРОГРАММА КУРСА на 36 часов:**

Базовый уровень 28 часов

Продвинутый уровень 8 часов

.

Процессор: 4-ядерный процессор Intel Core или AMD Ryzen. ОЗУ: 6 Гб ОС: Windows 10 или MacOS 10\.15

Процессор: Intel Core или AMD Ryzen от 4-х ядер с максимальной тактовой частотой более 2 ГГц; ARM-процессор Apple. ОЗУ: от 8 Гб. ОС: Актуальная версия Windows или MacOS. ГП: Дискретный графический процессор Nvidia или AMD Radeon.";1.2;1.2;1;1;Нет;;;;Программирование;onlyAdmin;;"ru, en, es";ru;
24;Node.js;Сулим Василий;KEzDFpxYFtrCbupuk;12;;onlyAdmin;2;https://docs.google.com/document/d/1e1yORQa0Tt7i9Rz8IU4rQ-S7PdZV6jKa/edit;;"Windows, MacOS, Linux, ChromeOS";;;"Индивидуально-групповой, Индивидуальный";Курс подготовки веб-программистов.  В результате ученик научится создавать полнофункциональные клиент-серверные сайты и web-приложения с помощью современной платформы Node.js.;https://itgen.io/programmirovanie/nodejs;https://itgen.io/nodejs_gena;;"[#fullstack\_js\_party](https://itgenio.slack.com/archives/CSU5V60QY)

**Чему научим?**

Научим создавать полноценные web-приложения на базе популярной платформы Node.js. На данном курсе учащиеся знакомятся с современной Backand-разработкой, разработывают и запускают серверную часть приложения, учатся взаимодействовать с базами данных.

.

**Особенности в обучении?**

Обучение рассчитано на ребят, хорошо знакомых с JavaScript, так как именно этот язык программирования используется платформой Node.js. Без достаточного владения языком JavaScript ученику будет трудно двигататься в освоении Node.js.

.

**Что на пробном уроке?**

Пробные занятия по Node.js не проводятся. Ученики переводятся с направления JavaScript. На первом занятии мы раскрываем такие важные понятия, как frontend и backend, говорим о платформе Node.js, о её возможностях и преимуществах перед другими платформами и фреймворками для backend-разработки. Затем переходим к установке Node.js и к созданию первой простой программы.

.

**Результат в конце курса какой?**

Ученик пополнит своё портфолио полноценным проектом ""Веб-чат"" с авторизацией регистрацией, который будут полезен для дальнейшего пути к профессиональной деятельности. При желании на завершающем этапе курса ученик в сопровождении тренера может разработать собственный уникальным проект для своего портфолио.

.

**Вау эффект какой?**

Возможность разрабатывать полноценные сайты и приложения с бэкендом и базой данных.

.

**ПРОГРАММА КУРСА на 78 часов:**

Базовый уровень 30 часов

Повышенный уровень 36 часов

Продвинутый уровень 12 часов

.

Не требуется установка специальных программ, кроме тех, которые используются на web и js. Английских материалов достаточно, чтобы полноценно обучать англоязычных. Если новый ученик хочет попасть на это направление, его можно записать на JS к тренеру, который ведёт Node.js, чтобы он определил уровень подготовки. Запись учеников младше 12 лет - по согласованию с тренером. Запись для пробников недоступна. На освоение данного курса на базовом уровне без дополнительных тем потребуется от 48 до 68 часов. На углубленном уровне с дополнительными темами - от 54 до 72 часов";1.2;1.2;1;1;Нет;;;;Программирование;onlyAdmin;5;"ru, en, es";"ru, en";https://docs.google.com/document/d/1e1yORQa0Tt7i9Rz8IU4rQ-S7PdZV6jKa/edit
8;Photoshop;Капариха Татьяна;TuuxHqNwgt3udSSkP;8;;invisibly;2;;;"Windows, MacOS, Linux, ChromeOS";;Нет;"Индивидуально-групповой, Индивидуальный";"Курс подготовки графических дизайнеров. Результат — свободное владение Photoshop: ретушь фотографий, создание коллажей, прототипов веб-сайтов, оформление публичных страниц в социальных сетях, gif-анимация, спецэффекты.";https://itgen.io/design/digital_zhivopis/photoshop_program;https://itgen.io/photoshop-gena;;"[#ps\_ai](https://itgenio.slack.com/archives/CGLRN0VCZ)

НЕ ЗАПИСЫВАЕМ ПРОБНЫХ! И НОВЫХ ТОЖЕ, ВЕДЁМ ИЛИ НА СТАРТ В ДИЗАЙНЕ ИЛИ НА НАПРАВЛЕНИЯ ПОДХОДЯЩИЕ ПО ВОЗРАСТУ

.

***Чему научим?***

Ученик усвоит основной функционал программы Photoshop и будет способен разрабатывать дизайны, собирать коллажи, накладывать эффекты на изображения, обрабатывать фото и даже создавать анимацию.

.

***Особенности в обучении?***

Изучение программы раскрывает огромные возможности для проявления креативности и творческих способностей ученика. Материалы организованы таким образом, что ученик знакомится с инструментами и примерами их применения, однако может реализовывать свои идеи. С таким количсетвом материалов каждый ученик найдет подходящюю ему работу с графикой: рисование, создание эффектов, коллажи, анимация, обработка фото и др.

.

***Что на пробном уроке?***

Знакомство с интерфейсом и базовыми инструментами программы: кисть, заливка, текст, ластик. Научимся добавлять картинки в проект и работать со слоями. Сделаем первый личный проект - пейзаж или открытку.

.

***Результат в конце курса какой?***

В результате ученик будет уверенно пользоваться программой Photoshop и работать с любыми изображениями: создавать реалистичные коллажи и эффекты, придумыватьь дизайны, обрабатывать и ретушировать фото, создавать векторные иллюстрации. Также ученик познакомится научится создавать простую анимацию.

.

***Вау эффект какой?***

Ученик учится создавать стильную графику и анимацию уже за несколько уроков. Можно реализовать свой творческий потенциал без навыков рисования.

.

Если хотят рисовать с графическим планшетом, то отправлять на ЦЖ.

СРЕДНЕЕ кол-во часов в курсе - 40-70\.

Системные требования: • О: Windows 7/8/8\.1/10 x64, Mac OS X 12\.0 и выше (с установкой Minecraft на win7, могут возникать проблемы); • Оперативная память: от 4 Гб и выше, процессор: 2 ядерный процессор от 2 ГГц";0.9;0.9;1;1.1;Нет;;;;Дизайн и творчество;invisibly;;"ru, en, es";en;
n694i8XWA6sMAJfR7;PHP;Санталова Анастасия;jGdXYkWDiCbFWLg6A;;;hidden;2;;;"Windows, MacOS, Linux, ChromeOS";;;"Индивидуально-групповой, Индивидуальный";"Курс для изучение основ языка программирования PHP и формирования навыков его практического применения. Учит создавать полноценные многостраничные сайты, интернет-магазины на PHP, используя базы данных.";https://itgen.io/programmirovanie/php-wordpress;https://itgen.io/php_gena;;"[#php](https://itgenio.slack.com/archives/C01D3DM2TCH)

**Чему научим?**

Научим основам языка программирования PHP, а также его практическому применению для создания многостраничных веб-сайтов и интернет-магазинов. Уделяем внимание работе с базами данных.

.

**Особенности в обучении?**

Программа курса разработана с учетом пошагового освоения материала. Студенты начинают с базовых концепций PHP и постепенно переходят к более сложным темам, отражающим практическое применение языка.

.

**Что на пробном уроке?**

Пробный урок предоставляет обзор базовых структур языка PHP, включая работу с переменными, массивами и функциями. Демонстрируется создание простого сайта или интерактивного элемента.

.

**Результат в конце курса?**

Студенты смогут разработать многостраничный веб-сайт или интернет-магазин, используя PHP для взаимодействия с базами данных и создания динамического содержимого.

.

**Вау-эффект?**

Ученики будут поражены тем, насколько быстро овладеют созданием функциональных веб-сайтов и возможностью реализовывать собственные идеи в онлайн-проектах.

.

На изучение данного курса на базовом уровне (только изучение Wordpress и создание несложных сайтов на его основе) потребуется от 36 до 64 часов.

С изучением языка PHP и созданием собственных тем и виджетов - от 142 до 220 часов.";1.1;1.1;1;1;Нет;;;;Программирование;hidden;4;"ru, en, es";;
2;Python;Берников Владислав;pueQ2v57BfPxZ8MRF;10;;Доступно;2;;RQdQPDvt6rfbkhka4;"Windows, MacOS, Linux, ChromeOS";;;"Индивидуально-групповой, Индивидуальный";"Мы научимся писать настоящие программы и простые проекты, разберёмся, как работают технологии вокруг нас. Python помогает тренировать логику и становится первым шагом к созданию сайтов, игр или даже собственных приложений в будущем.";https://itgen.io/programmirovanie/python;https://itgen.io/python_gena;;"[#python-коллегия](https://itgenio.slack.com/archives/CDPAKCFSQ)

.

[**ВИДЕОВИЗИТКА**](https://drive.google.com/file/d/1qszrfXTJBKHh9VVJsfcWUaLiXMA4zqBV/view?usp=sharing)

.

[Визитка направления.](https://editor.itgen.io/editor/xpNxJSGRaLiBUJ)

***.***

***🐍 Python — один из самых популярных языков программирования в мире***

.

Python — это язык, на котором пишут боты, создают игры, делают сайты и даже обучают нейросети. Он прост в освоении, но открывает огромные возможности. Это как научиться управлять умной машиной: с каждым занятием ребёнок будет всё больше понимать, как работают технологии, которыми он пользуется каждый день.

.

**Почему Python актуален именно сейчас**

.

**1\. Это язык, с которого начинают даже взрослые разработчики.**

Python прост для старта и используется в реальной разработке: от сайтов и игр до анализа данных и искусственного интеллекта. Он позволяет не только учиться, но и создавать полезные настоящие проекты.

.

**2\. Цифровая грамотность — навык будущего.**

Ребёнок не просто «пишет код» — он учится анализировать, строить логические цепочки, решать задачи, которые встречаются не только в IT, но и в жизни.

.

**3\. Подходит подросткам.**

Направление рассчитано на детей от 10 лет и старше\*. Для младших может быть слишком сложным. Python требует концентрации и абстрактного мышления, но именно это делает его ценным.

.

**4\. Создание игр и приложений — захватывающий опыт.**

Ученики не просто изучают теорию, а пишут программы и создают собственные мини-проекты — от текстовых игр до графических приложений с кнопками, мультимедиа и анимацией.

.

🎓 Чему научим

*   Писать настоящие программы с нуля - а это первый шаг к профессии программиста
*   Создавать графические окна и кнопки, как в реальных программах
*   Hазрабатывать своих первые игры и проекты
*   Чувствовать себя создателем игр и полноценных приложений, а не просто пользователем.

.

🎯 Что получит ребёнок

*   Полное понимание базовых конструкций Python
*   Навыки, которые можно применять в создании игр, ботов, приложений
*   Первые проекты в портфолио
*   Гибкое логическое мышление и алгоритмическое мышление
*   Готовность к следующему шагу: веб-разработке, созданию игр, изучению более сложных языков программирования
*   Разовьет интерес к сфере IT

.

**🐍 Что будет на пробном?**

Ученик установит среду разработки IDLE и сделает свои первые шаги в «взрослом» текстовом программировании. Он познакомится с типами данных и переменными, разберется в их предназначении и научится применять их для решения задач.

Главный результат — освоение команд ввода-вывода информации. Ребенок на практике научится выводить данные на консоль, закладывая базу для создания сложных программ и алгоритмов на Python.

.

**🚀 Дальнейшие шаги**

.

После прохождения курса по Python ребёнок может выбрать одно из направлений углублённого изучения:

*   🧠 Создание нейросетей — обучение работе с данными и базовому машинному обучению (для старших учеников, с хорошим уровнем математики).
*   🎮 Разработка 2D-игр на Pygame — создание собственных игр с управлением, анимацией и механиками.
*   🌐 Создание сайтов на Flask — создание веб-сайтов, форм, интерфейсов и обработка данных.

**Программа**

**Модуль №1\. Базовый (48 часов)**

Ребёнок научится работать с вводом и выводом информации, использовать условия и циклы — то есть делать программы, которые «думают» и принимают решения. Также освоит работу со строками и списками. В итоге он сможет создавать небольшие, но уже полезные программы, которые обрабатывают данные и решают реальные задачи.

.

**Модуль №2: Повышенный (44 часа)**

Ребёнок разберётся, как работать со временем в программах — например, задавать задержки или запускать процессы по таймеру. Научится использовать функции, освоит основы создания простых окошек и кнопок с помощью модуля tkinter, чтобы делать свои первые графические интерфейсы. Также познакомится со словарями — удобным инструментом для хранения и поиска информации.

.

**Модуль №3\. Продвинутый (60 часов):**

Ребёнок освоит более сложные приёмы работы с графикой в Python и сможет делать настоящие программы с окошками, кнопками и другими элементами. Параллельно он познакомится с основами объектно-ориентированного программирования — то есть научится строить код так, как строят большие проекты: удобно, понятно и безопасно. Это умение пригодится ему, если он захочет развиваться в создании серьёзных приложений и игр.

.

**Проекты, которые разработает ученик**

*   Через 3 месяца обучения ребенок научится создавать текстовые игры: «Галактический квест», «Угадай число», «Игральные кубики».
*   В конце первого года создаст более 15 интерфейсов в Tkinter, а также игру «Кто хочет стать миллионером» и графический лабиринт.
*   В конце второго года реализует собственные проекты — от идеи до реализации. Ребенок освоит базу Python и сможет выбрать путь для дальнейшего развития..
*   Каждое направление строится на основе уже освоенных навыков и позволяет двигаться в сторону реальных проектов и цифрового портфолио.

.

**Нейросети. Машинное обучение:**

🔹 Можно в ИФ формате записывать к Книриму и Шейко, но с ними необходимо места обсуждать, т.к. материалов нет.

🔹 Нужно знание высшей математики, поэтому подходит достаточно взрослым ученикам.

.

*🔺 Ключевые слова: питон, ткинтер, нейросети, машинное обучение, база данных, machinelearning, tkinter*";1.1;1.1;1;1.1;Нет;;Да;;Программирование;visible;;"ru, en, es";"ru, en, es";
29;Python: Flask;Сулим Василий;KEzDFpxYFtrCbupuk;;;onlyAdmin;2;;;"Windows, MacOS, Linux, ChromeOS";;;"Индивидуально-групповой, Индивидуальный";"Курс подготовки web-разработчика. Курс для продолжающих, требуется знания основ текстового программирования и языка Python. Позволяет в буквальном смысле получать первые заказы, а значит и настоящие деньги.";https://itgen.io/programmirovanie/python-flask;https://itgen.io/flask-python_gena;;"[#flask](https://itgenio.slack.com/archives/C01DWT1GTKP)

[Визитка направления.](https://editor.itgen.io/editor/RO6XPjKyoEiDyR) .

***Чему научим?***

Ребенок своит основы backend-разработки на Python на примере фреймворка Flask. Познакомится с понятием backend, научится создавать собственный http-сервер, обрабатывать запросы и формировать ответы, освоит работу с куки и сессиями, основы взаимодействия с базами данных.

.

***Особенности в обучении?***

Подходит ребятам, кто продолжает изучать Python, и желает познакомиться с его применением в области веб-разработки. Чтобы учиться было проще, стоит заранее изучить курс HTML\+CSS, и обязательно хорошо владеть технологией ООП на Python.

.

***Что на первом уроке?***

Рассматриваем понятия backend и frontend и область применения фреймворка Flask, создаём первое простое серверное приложение с обработкой маршрутов.

.

***Результат в конце курса какой?***

Получит навыки в веб-разработке с помощью Python, которые в дальнейшем могут быть применены ни только в работе с Flask, но и в освоении других подобных фреймворков. Например, Django. Итог - создание полноценного сайта ""Книжный магазин"", который пополнит личное портфолио ученика.

.

***Вау эффект какой?***

Возможность создания совственного полноценного сайта с бэкендом и базой данных.

.

**ПРОГРАММА КУРСА на 83 часа:**

Базовый уровень 38 часов

Продвинутый уровень 45 часов

.

Запись возможна с 12 лет и с отличным владением python (изучение почти всех тем из нашего курса). Направление только русскоязычное!!!

Слабых ребят записывать нельзя. Теста нет, поэтому для пробников (и постоянных учеников, которые решили перейти) нужно записать на Питон с пометкой ""Хочет на Flask"" к тренерам по Flask, чтобы они проверили готовность.

Запись только по согласованию готовности с тренером!!!

[Информация для админов](https://drive.google.com/drive/folders/1Cmbb1pWa3V-7DviaOZTIdnuQE_j742sY)

.

*🔺Ключевые слова: фласк, база данных, бд*";1.2;1.2;1;1;Нет;;;;Программирование;onlyAdmin;2;"ru, en, es";"ru, en";
3;Python: Pygame;Берников Владислав;pueQ2v57BfPxZ8MRF;;;onlyAdmin;2;;;"Windows, MacOS, Linux, ChromeOS";;;"Индивидуально-групповой, Индивидуальный";"Курс для будущих сценаристов, гейм-дизайнеров и программистов компьютерных игр. Обучаем работе с библиотекой Pygame для написания компьютерных игр и мультимедиа-приложений. 
Рекомендуем для учеников, освоивших язык программирования Python.";https://itgen.io/programmirovanie/python-pygame;https://itgen.io/pygame_gena;;"[#python-коллегия](https://itgenio.slack.com/archives/CDPAKCFSQ)

***Чему научим?***

Создание игр и интерактивных приложений с использованием библиотеки Pygame. Ученики освоят основы разработки игровых объектов, управление графикой, звуком и игровой логикой. Они также научатся создавать анимацию, эффекты, работать с физикой и тестировать свои игры. Это позволит ученикам реализовать свои идеи и развить

навыки программирования и гейм-дизайна.

.

***Особенности в обучении?***

Для изучения направления ученикам необходимо освоить базу в Python. Рекомендуется ребятам,

которые прошли все основные темы по нашему направлению Python и хотят создавать собственные игры.

.

***Что на пробном уроке?***

Установим модуль PyGame. Создадим базовое окно для будущих игровых проектов. Создадим анимацию мяча.

.

***Результат в конце курса какой?***

Смогут создавать свои собственные компьютерные игры, используя возможности и функциональность этой библиотеки. Не только освоить программирование и создание игр, но и открыть перед ними новые возможности для творчества и развития в этой увлекательной области.

.

***Вау эффект какой?***

Ребята могут создавать свои собственные игры с увлекательными визуальными эффектами и звуками.

Pygame позволяет детям контролировать и взаимодействовать с игровым миром, придавая им ощущение полного контроля над процессом игры.

.

**ПРОГРАММА КУРСА на 40 часов:**

Базовый модуль 22 часа

Повышенный модуль 18 часов

.

Запись возможна только по согласованию с тренером после изучения базы на Python. Пробников на это направление записывать нельзя.

.

*🔺Ключевые слова: пайгейм, питон*";1.1;1.1;1;1.1;Нет;;;;Программирование;onlyAdmin;2;"ru, en, es";"ru, en";
Hgb6iKHhEaMvz5nyg;React.js;Сулим Василий;KEzDFpxYFtrCbupuk;;;onlyAdmin;2;;;"Windows, MacOS, Linux, ChromeOS";;;"Индивидуально-групповой, Индивидуальный";"Курс подготовки  react-разработчика. Курс подойдет для учеников, которые освоили JavaScript и хотят научиться создавать пользовательские интерфейсы.";https://itgen.io/programmirovanie/react;https://itgen.io/react-js-gena;;"[#fullstack\_js\_party](https://itgenio.slack.com/archives/CSU5V60QY)

.

[Визитка направления](https://editor.itgen.io/editor/sTHnY3aB_R5_tC).

**Чему научим?**

Научим создавать интерактивные пользовательские интерфейсы сайтов и web-приложений на основе популярной и востребованной библиотеки React.js. На данном курсе учащиеся углубляют и расширяют свои знания в области Frontend-разработки и погружаются в необычную и очень интересную экосистему React, знакомясь с принципиально новыми для них современными приёмами JavaScript-разработки.

.

**Особенности в обучении?**

Поощряем собственные идеи и задумки учеников и помогаем их воплощать. Ученик имеет возможность в сопровождении наставника разработать собственный уникальный проект.

.

**Что на пробном уроке?**

Пробные занятия по React.js не проводятся. Ученики переводятся с направления JavaScript или Node.js. На первом занятии мы говорим о библиотеке React, о её возможностях и пользе в современной frontend-разработке. Затем переходим к установке React и к созданию первого простого интерфейса. Попутно мы раскрываем такое базовое для React понятие, как ""компонент"" и рассматриваем удобство разработки, основанной на компонентах.

.

**Результат в конце курса какой?**

По результатам курса ученик не просто получит знания и умения, но и пополнит своё портфолио несколькими проектами, которые будут полезны для дальнейшего пути к профессиональной деятельности. При желании на завершающем этапе курса ученик в сопровождении тренера может разработать собственный уникальным проект для своего портфолио.

.

**Вау эффект какой?**

Возможность научиться создавать современные интерактивные интерфейсы на уровне, максимально приближенном к профессиональному.

.

**ПРОГРАММА КУРСА на 70 часов.**

.";1.1;1.1;1;1;Нет;;;;Программирование;onlyAdmin;5;"ru, en, es";ru;
25;Roblox;Прохорова Есфирь;8TTuvzp4SMByTZ6Qr;8;;Доступно;2;;67YrMKLXdu5vn9CQB;"Windows, MacOS";;Да;"Индивидуально-групповой, Индивидуальный, Групповой";"На курсе мы создадим собственные игровые миры и простые проекты в Roblox Studio. Научимся работать с 3D-объектами и попробуем основы программирования. Курс развивает логику, креативность и показывает: в игры можно не только играть, но и создавать!";https://itgen.io/programmirovanie/roblox;https://itgen.io/roblox-gena;;"[#roblox](https://itgenio.slack.com/archives/CTQMAMH6Y)

.

**[ВИДЕОВИЗИТКА](https://drive.google.com/file/d/1Go_EZ5sjnkHPvPrqCLdFaltcqzPCp-V6/view)**

**.**

[Визитка направления](https://editor.itgen.io/editor/rxLR6pp9Y1LU9U).

***🕹️ Roblox — не просто игра, а платформа для создания своих миров***

.

Roblox — это не только про развлечения. Здесь ребёнок может стать автором собственных 3D-игр: придумать сюжет, построить карту и написать команды, которые оживят игру. Всё это — в знакомой игровой среде, которая вдохновляет учиться.

.

**Почему Roblox актуален именно сейчас**

1\. Знакомая и любимая среда.

Большинство детей уже играют в Roblox. Мы помогаем сделать шаг от «игрока» к \*\*создателю\*\*.

.

2\. Учёба через интерес.

Когда результатом занятия становится собственная карта или персонаж, ребёнок учится с энтузиазмом.

.

3\. Подходит как для новичков, так и для будущих программистов. С 8 лет можно начать с дизайна карт, а с 10 лет — перейти к созданию игровой логики с помощью простого кода.

.

**4\. Отличный старт для геймдева.**

Навыки из Roblox легко перенести в Unity, Unreal Engine или Python.

.

**🎓 Чему научим**

*   Работать в Roblox Studio: строить 3D-локации, моделировать и анимировать объекты
*   Придумывать и воплощать игровые сценарии
*   Оживлять объекты с помощью команд на языке Lua: делать так, чтобы персонажи двигались, меняли цвет, реагировали на игрока
*   Создавать игровые механики, квесты, паркур, мини-игры
*   Публиковать готовую игру на платформе, чтобы в неё могли играть другие

.

**🎯 Что получит ребёнок**

*   Навыки 3D-дизайна и создания логики игры
*   Собственные проекты, размещённые на Roblox
*   Развитое пространственное, логическое и алгоритмическое мышление
*   Опыт работы над проектом «от идеи до реализации»
*   Понимание основ геймдева и командной работы

.

**🎮 Что будет на пробном?**

Ученик познакомится с интерфейсом Roblox Studio и научится ориентироваться в 3D-пространстве. Он освоит работу с объектами: научится создавать их, перемещать и вращать, выстраивая свою первую игровую локацию.

Главный результат — переход к написанию кода на языке Lua. Ребенок поймет принципы создания команд и самостоятельно напишет свои первые программы для управления игровыми элементами.

.

**🚀 Дальнейшие шаги**

После курса по Roblox ребёнок сможет перейти к:

*   🕹️ Unity — создание 2D и 3D игр с 10 лет (если компьютер достаточно мощный)
*   🧱 Unreal Engine — сложная графика и 3D-проекты с 12 лет
*   🐍 Python \+ Pygame — разработка игр на популярном языке программирования

**Roblox — это отличный первый шаг в мир создания игр.**

.

**📚 Программа курса — 119 часов**

/

**Модуль 1\. Создание карт — 14 часов**

Научимся создавать свои карты, модели, работать с инструментами для моделирования, текстур, ландшафта. Изучим плагины, освещение, эффекты и механизмы. Кастомизируем и анимируем NPC. Создадим 9 локаций и 2 игры.

.

**Модуль 2\. Мастера кода — 45 часов**

Научимся менять объекты через скрипт, решим много алгоритмических задач, овладеем фундаментальными знаниями в программировании.

Научимся создавать объекты, с которыми можно будет взаимодействовать в игре, работать сразу с набором объектов и одновременно их изменять. Создадим несколько игровых механик и игр.

.

**Модуль 3\. Игровая разработка — 60 часов**

Погрузимся в создание игр и создадим много новых механик, например, инвентарь, который можно будет использовать в многих других играх. Создадим игры ""Кликер"" и ""Гонки"" и др. Создадим свой инструмент, магазин доната, музыкальный плеер и научим NPC ходить по заданной траектории.

.

Примеры проектов: паркур-карта, подземелье дракона, башня в стиле Tower Defense.

.

**💥 Вау-эффект**

Ребёнок создаёт собственную 3D-игру, в которую могут играть друзья и другие пользователи Roblox. Это ощущение «я сделал игру сам» заряжает на новые проекты.

.

**💻 Технические требования**

- ОС: Windows 10/11 x64 или macOS 12\.0\+

- ОЗУ: от 4 ГБ

- Процессор: от 2 ядер, от 2 ГГц

.";1.2;1.2;1;1.1;Нет;;Да;;Программирование;visible;;"ru, en, es";"ru, en, es";
trRWWcuWJy9HPrFs5;Roblox Junior;Прохорова Есфирь;8TTuvzp4SMByTZ6Qr;7;9;onlyAdmin;2;;;"Windows, MacOS";;Да;"Индивидуально-групповой, Индивидуальный";"Курс для детей 7–9 лет, где любимая игровая среда становится инструментом обучения.
Мы не просто играем в Roblox, а учимся создавать свои миры, понимать логику компьютера и уверенно пользоваться цифровыми инструментами.";https://itgen.io/programmirovanie/roblox;;https://itgen.io/roblox-gena;"[#roblox](https://itgenio.slack.com/archives/CTQMAMH6Y)

НЕ ЗАПИСЫВАЕМ ТЕКУЩИХ КЛИЕНТОВ

ребенок должен уметь читать

Почему Roblox Junior идеально подходит для старта

1\. Знакомая среда без стресса

Ребёнок уже знает Roblox — значит, не боится ошибаться и смело экспериментирует.

2\. Развитие компьютерной грамотности с раннего возраста

.

На занятиях дети:

*   учатся уверенно работать с мышью и клавиатурой
*   осваивают интерфейсы программ
*   понимают, как сохранять, открывать и дорабатывать проекты
*   учатся следовать инструкциям и работать по алгоритму

Это база, без которой дальше сложно учиться в цифровом мире.

3\. Обучение через создание, а не объяснения

Каждое занятие — это результат: карта, локация, персонаж, мини-игра.

Ребёнок видит, зачем он учится.

.

**Чему научим**

*   Работа за компьютером и цифровая грамотность. Уверенно пользоваться мышью и клавиатурой
*   ориентироваться в интерфейсе Roblox Studio
*   открывать, сохранять и редактировать проекты
*   работать с файлами и папками
*   соблюдать цифровую аккуратность и порядок
*   Создание в Roblox (без программирования)
*   строить 3D-локации и карты
*   моделировать объекты и окружение
*   настраивать освещение, эффекты и анимации
*   работать с персонажами и NPC
*   создавать простые игровые сценарии и правила
*   Развитие мышления
*   логическое и пространственное мышление
*   умение планировать действия
*   концентрацию и усидчивость
*   доведение проекта от идеи до результата

Что получит ребёнок

*   уверенные навыки работы за компьютером
*   понимание, как «думают» игры и программы
*   собственные проекты в Roblox
*   интерес к технологиям без перегруза и давления

**Дальнейшие шаги**

После Roblox Junior ребёнок легко переходит к:

*   Scratch — первые логические алгоритмы
*   Roblox с кодом (Lua) — с 9–10 лет

**Вау-эффект курса**

Ребёнок:

*   сам создаёт 3D-мир понимает, что компьютер — это инструмент, а не просто игрушка
*   чувствует: «Я могу сделать это сам»

**Roblox Junior — это не про игры.**

Это про уверенный старт в цифровом мире и любовь к обучению через действие.";0.9;0.9;1;1;Нет;;;;Программирование;onlyAdmin;;ru;ru;
5ZZExEt5xBst8AMqs;Roblox Junior 30;Прохорова Есфирь;8TTuvzp4SMByTZ6Qr;7;9;onlyAdmin;0.5;;;"Windows, MacOS, Linux, ChromeOS";;;Индивидуальный;"Курс для детей 7–9 лет, где любимая игровая среда становится инструментом обучения. Мы не просто играем в Roblox, а учимся создавать свои миры, понимать логику компьютера и уверенно пользоваться цифровыми инструментами.";;;;"НЕ ЗАПИСЫВАЕМ ТЕКУЩИХ КЛИЕНТОВ

Почему Roblox Junior идеально подходит для старта

1\. Знакомая среда без стресса

Ребёнок уже знает Roblox — значит, не боится ошибаться и смело экспериментирует.

2\. Развитие компьютерной грамотности с раннего возраста

.

На занятиях дети:

учатся уверенно работать с мышью и клавиатурой

осваивают интерфейсы программ

понимают, как сохранять, открывать и дорабатывать проекты

учатся следовать инструкциям и работать по алгоритму

Это база, без которой дальше сложно учиться в цифровом мире.

3\. Обучение через создание, а не объяснения

Каждое занятие — это результат: карта, локация, персонаж, мини-игра.

Ребёнок видит, зачем он учится.

.

Чему научим

Работа за компьютером и цифровая грамотность. Уверенно пользоваться мышью и клавиатурой

ориентироваться в интерфейсе Roblox Studio

открывать, сохранять и редактировать проекты

работать с файлами и папками

соблюдать цифровую аккуратность и порядок

Создание в Roblox (без программирования)

строить 3D-локации и карты

моделировать объекты и окружение

настраивать освещение, эффекты и анимации

работать с персонажами и NPC

создавать простые игровые сценарии и правила

Развитие мышления

логическое и пространственное мышление

умение планировать действия

концентрацию и усидчивость

доведение проекта от идеи до результата

Что получит ребёнок

уверенные навыки работы за компьютером

понимание, как «думают» игры и программы

собственные проекты в Roblox

интерес к технологиям без перегруза и давления

Дальнейшие шаги

После Roblox Junior ребёнок легко переходит к:

Scratch — первые логические алгоритмы

Roblox с кодом (Lua) — с 9–10 лет

Вау-эффект курса

Ребёнок:

сам создаёт 3D-мир понимает, что компьютер — это инструмент, а не просто игрушка

чувствует: «Я могу сделать это сам»

Roblox Junior — это не про игры.

Это про уверенный старт в цифровом мире и любовь к обучению через действие.";0.7;0.7;0.7;1;Нет;;;;Программирование;onlyAdmin;;ru;ru;
1;Scratch;Мурина Ольга;sWz3o373r3Mgff2Ec;7;12;Доступно;2;https://docs.google.com/document/d/1OCirBeQz5TNuXsE5jfNpu04kLC-QC-Dk/edit;QmnapGgP5NsoozaJa;"Windows, MacOS, Linux, ChromeOS";"Android, iPad";Нет;"Индивидуально-групповой, Индивидуальный";"На курсе мы научимся создавать первые игры и анимации с помощью ярких блоков. Будем управлять персонажами, придумывать истории и воплощать свои идеи. Scratch помогает развивать логику, креативность и даёт первые шаги в программировании.";https://itgen.io/programmirovanie/scratch;https://itgen.io/scratch-gena;"Что касается направления, то я могу предложить _ИмяУ_ пройти пробное занятие по Scratch!
Это визуальный язык программирования, который идеально подходит для обучения детей. На нем легко освоить базовые понятия и научиться делать свои игры и проекты: https://itgen.io/obuchenie-scratch-itgenio
Большинство наших учеников начинают заниматься на Scratch, а затем, когда хорошо усвоили азы, уже переходят к более ""серьезным"" языкам. 
Как вы думаете, ему/ей понравится это направление?";"[#scratch](https://itgenio.slack.com/archives/C01H6SF8ZFY)

.

[**ВИДЕОВИЗИТКА**](https://drive.google.com/file/d/1afVOr-bjltAkBc5-L4jX6C995mqFsiTp/view?usp=sharing)

.

[**Визитка направления.**](https://editor.itgen.io/editor/rhabxF65bEtgMO)

.

***🧩 Scratch — как лего, только на компьютере***

.

Scratch — это простая и увлекательная среда, где ребёнок создаёт мультфильмы и игры, собирая команды из цветных блоков, как из кубиков. Он не пишет сложный код, а программирует играючи — и с первого урока видит результат.

.

1.  Почему Scratch актуален именно сейчас. Программирование — это новый базовый навык. Scratch даёт первый шаг в мир кода: ребёнок учится мыслить логично и творчески, создавая собственные проекты.
2.  Игра с пользой. Вместо просто «играю» — «я сделал игру сам» или «я создал мультфильм».
3.  Безопасный старт. Подходит для детей с любым уровнем подготовки, даже если они никогда не пробовали программировать.
4.  Мир возможностей.  Ребёнок может публиковать свои проекты в глобальном сообществе, общаться и вдохновляться работами других.

.

**🎓 Чему научим**

*   Программировать анимации, игры и интерактивные истории
*   Придумывать сценарии и создавать собственных персонажей
*   Логически выстраивать действия и превращать их в работающую программу, которую можно показать друзьям и семье
*   Презентовать проекты и учиться у других участников сообщества

.

**🎯 Что получит ребёнок**

*   Более 40 собственных проектов
*   Навыки логического и алгоритмического мышления
*   Опыт работы от идеи до готового проекта
*   Уверенность в использовании компьютера и творческое вдохновение
*   Базу для перехода к “взрослым” текстовым языкам программирования (например, Python)

.

**🎨 Что будет на пробном?**

Ребенок познакомится с платформой Scratch и создаст свой первый анимационный мультфильм. Он научится работать с интерфейсом, добавлять героев и фоны, а главное — собирать логические скрипты, чтобы «оживить» персонажей и заставить их двигаться.

Если родитель поможет с доступом к электронной почте, мы сразу зарегистрируем личный аккаунт. Это позволит сохранить готовый проект в портфолио, чтобы ребенок мог показывать его друзьям и продолжать творчество дома.

.

**🚀 Дальнейшие шаги**

После Scratch ребёнок сможет перейти к:

*   🐍 Python (блочный или текстовый) — программирование с реальным кодом
*   🕹️ Roblox — создание игр в 3D
*   🧱 Minecraft — автоматизация и код в любимой игре
*   🎮 Разработка 2D-игр в GameMaker — создание собственных игр с уровнями, персонажами и механиками

.

**📚 Программа курса — 96 часов**

**Базовый уровень — 32 часа**

Первые проекты: мультфильм, простая игра, анимация персонажей.

.

**Повышенный уровень — 32 часа**

Переменные, счётчики, игровая физика, движение и эффекты.

.

**Продвинутый уровень — 32 часа**

Клоны, уровни, усложнение игр, подготовка к переходу на текстовый код.

.

**💥 Вау-эффект**

На 1-м занятии ребёнок уже делает свой первый мультфильм. На 4-м — первую игру. К концу курса в его портфолио будет десятки уникальных проектов, которые он сможет показать друзьям и семье.

.

**💻 Технические требования**

*   Компьютер или ноутбук с доступом в интернет
*   Любая современная ОС (Windows, macOS, Linux)";0.9;0.9;1;1;Нет;;Да;;Программирование;visible;;"ru, en, he, de, fr, es, ukr";"ru, en, he, de, es, ukr";https://docs.google.com/document/d/1OCirBeQz5TNuXsE5jfNpu04kLC-QC-Dk/edit
XgkCduhtR3JEPEZAz;Scratch 30;Мурина Ольга;sWz3o373r3Mgff2Ec;5;;invisibly;1;;;"Windows, MacOS, Linux, ChromeOS";;;Индивидуальный;"Курс для начинающих программистов. Идеально подходит для тех, кто ранее не имел опыта в программировании.";;;;;0.7;0.7;0.7;1;Нет;;;;Программирование;invisibly;;ru;;
HQFcTiamDcWzP3H8L;Soft Skills;Бобкова Наталья;ywqNgcfBqasmhPPpf;7;;Доступно;1;;;"Windows, MacOS, Linux, ChromeOS";"Android, iPad";;Индивидуальный;"Soft Skills — это «инструкция по управлению собой» и ключ к общению с миром. Мы помогаем  развить эмоциональный интеллект, навыки общения, креативное мышление и лидерские качества, которые станут его главным преимуществом в любой профессии.";https://itgen.io/razvivayushchie-programmy-dlya-detey/softskills;https://itgen.io/softskills-gena;;"[#softskills\_psychology](https://itgenio.slack.com/archives/C03B3649048)

.

[Визитка направления](https://editor.itgen.io/editor/ZWiYvO4sr98-7A).

коммуникативные навыки и ораторское мастерство, креативное, критическое мышление до 16 лет, а эмоциональный интеллект лучше до 14, а старше - индивидуальные запросы

[ПРОГРАММА](https://drive.google.com/file/d/1YLm20jemyx3FQd40B8a0dQdXi6eFXq38/view?usp=sharing)

🌟 Soft Skills: Курс личной эффективности и общения

(Ключевые слова для поиска: софт скиллы, мягкие навыки, лидерство, уверенность)

Soft Skills — это «инструкция по управлению собой» и ключ к общению с миром. В школе учат фактам, но не учат, как справляться со стрессом перед контрольной, как помириться с другом или уверенно выступить у доски. Мы помогаем ребёнку развить эмоциональный интеллект и лидерские качества, которые станут его главным преимуществом в любой профессии.

.

**Почему это жизненно важно в любое время**

*   Эмоциональный интеллект важнее дипломов. Умение понимать себя и других — основа психического здоровья и успешной карьеры в мире, где ценится командная работа.
*   Уверенность вместо страха. Мы учим не «не бояться», а управлять своим волнением. Ораторское мастерство помогает ребёнку чётко и ярко доносить свои идеи.
*   Критическое мышление против манипуляций. В эпоху ИИ и фейков важно уметь отличать факты от мнений и задавать правильные вопросы.
*   Тайм-менеджмент — свобода от хаоса. Ребёнок учится планировать день так, чтобы хватало времени и на учёбу, и на любимые хобби без дедлайнов и слёз.

**🎓 Чему научим:**

*   Эмоциональному интеллекту: распознавать свои чувства, управлять гневом и тревогой, понимать эмоции окружающих.
*   Коммуникации и конфликтологии: договариваться, защищать личные границы и находить выход из споров без агрессии.
*   Ораторскому искусству: техникам речи, работе с голосом и секретам успешных публичных выступлений.
*   Мышлению: креативно решать задачи (техника «6 шляп») и критически анализировать информацию.
*   Тайм-менеджменту: расставлять приоритеты и организовывать свой день.

**🧪 Что на пробном уроке?**

*   Первое занятие — это игра-диагностика, где ребёнок проявляет свои сильные стороны:
*   Диагностика навыков: тренер через упражнения видит, как ребёнок общается, мыслит и управляет эмоциями.
*   Погружение в тему: знакомство с первым блоком (эмоциональным интеллектом) в живом формате.
*   Первая обратная связь: тренер мягко подсвечивает зоны роста и таланты ребёнка.
*   Личный маршрут: по итогам игры тренер выстраивает индивидуальный план обучения.

**🎯 Что получит ребёнок:**

Уверенность в себе: умение выступать и не теряться в сложных ситуациях.

Навык работы в команде: опыт продуктивного общения со сверстниками.

Инструменты самопомощи: техники успокоения и концентрации.

Вау-эффект: ребёнок начнёт осознанно говорить о своих чувствах и самостоятельно планировать дела.

**🚀 Дальнейшие шаги:**

Развитые Soft Skills усиливают успех в любом другом направлении Айтигенио:

*   Программирование: чтобы уметь работать над кодом в команде и презентовать свои проекты.
*   Творчество (Дизайн/Иллюстратор): чтобы уверенно защищать свои идеи перед заказчиками.
*   Финграмотность Teens/Junior: для успешного ведения переговоров и бизнеса.
*   Нейросети: для развития системного подхода к работе с новыми технологиями.

**📦 Форматы обучения:**

*   Групповой: идеален для социализации и отработки навыков в живом общении (группы до 8 человек). ВЕДЁМ НА ГРУППОВЫЕ НАПРАВЛЕНИЯ. Актуальные группы уточнять у Саши Щегуренковой. Если время не подходит - можно на ИФ временно или записывать в резерв.
*   Индивидуальный: для тех, кто хочет проработать темы в своём темпе.";1;1;1;1;Нет;;Да;;Развитие личности;visible;;"ru, en, es";ru;
awgPxeBhxmuaZxoSy;Soft Skills 30;Бобкова Наталья;ywqNgcfBqasmhPPpf;5;;invisibly;1;;;"Windows, MacOS, Linux, ChromeOS";;;Индивидуальный;"Курс направлен на развитие у ребенка лидерских качеств, критического мышления, адаптивности, эмпатии, а так же освоения навыков межличностного общения, ораторского искусства и планирования времени";https://itgen.io/razvivayushchie-programmy-dlya-detey/softskills;https://itgen.io/softskills-gena;;"[#softskills\_psychology](https://itgenio.slack.com/archives/C03B3649048)

**Записывать ИСКЛЮЧИТЕЛЬНО ПО ПРЕДВАРИТЕЛЬНОМУ СОГЛАСОВАНИЮ С ТРЕНЕРОМ.**

.

**Чему научим?**

Важным навыкам Soft Skills, таким как эмоциональный интеллект, конфликтология, тайм-менеджмент, ораторское мастерство. При поддержке тренеров, дети познают аспекты развития своей личности, коммуникации и управления временем.

.

**Особенности в обучении?**

Программа обучения разбита на четыре ключевых блока: эмоциональный интеллект, конфликтология, тайм-менеджмент и ораторское мастерство. Кроме того, ученики могут изучить модули по креативному и критическому мышлению.

.

**Что на пробном уроке?**

Пробный урок предлагает детям представление каждого блока учебной программы. Он дает представление о том, чему будут учиться на протяжении всего курса и знакомству с эмоциональным интеллектом.

.

**Результат в конце курса?**

В конце курса дети усвоят навыки эмоционального управления, умения вести диалог в конфликтных ситуациях, планирования своего времени и уверенности в публичных выступлениях.

.

**Вау-эффект?**

Ребята поймут, как эффективно управлять своими эмоциями, справляться с конфликтами, планировать свое время и выступать публично, что даст им необходимую уверенность и компетенции для успешного развития.";1;1;0.7;1;Нет;;;;Развитие личности;invisibly;;ru;;
19;Unity;Хисаев Эмиль;Y3sxFaTRY5asf9tDP;10;;Доступно;2;;;"Windows, MacOS, Linux, ChromeOS";;Да;"Индивидуально-групповой, Индивидуальный";"На курсе Unity ты создашь свои игры — от простых мини-проектов до большой 2D-игры! Узнаешь, как оживлять персонажей, делать уровни, добавлять звуки и эффекты, писать первые скрипты и собирать настоящие игровые миры.";https://itgen.io/programmirovanie/unity;https://itgen.io/unity_gena;;"[#unityparty](https://itgenio.slack.com/archives/CGELDF7RP)

[**Визитка направления.**](https://editor.itgen.io/editor/5zUZjL-fz2LZZ8)

**🎮 Unity — создание игр для детей от 10 лет**

Ребёнок научится создавать собственные игры: от маленьких прототипов до полноценного проекта.

Unity — один из самых популярных игровых движков в мире. На нём создают мобильные игры, инди-проекты, платформеры, 3D-приключения и даже VR-проекты. Курс подходит детям, которые любят игры и хотят понять, как они устроены изнутри — и попробовать себя в роли настоящего разработчика.

.

**🧠 Чему научим**

Ребёнок:

*   научится создавать собственные игры на Unity — 2D и 3D;
    
*   создаст собственные мини-игры и один большой финальный проект;
    
*   освоит базовые принципы программирования на C# — языке, используемом в Unity;
    
*   научится работать с игровыми персонажами, уровнями, управлением, анимацией, физикой и объектами;
    
*   поймёт, как делают мобильные игры и как адаптировать игру под телефон;
    
*   будет работать в реальной профессиональной среде разработки.
    

Все занятия проходят практично: сделал — проверил — увидел результат — улучшил.

Каждый навык изучается на практике: разобрали — сделали — протестировали — улучшили.

.

**⭐ Особенности обучения**

Обучение идёт поэтапно:

от простых сцен и мини-игр → к полноценным проектам.

.

Каждая тема сразу закрепляется в игре, чтобы ребёнок не просто знал, «как это работает», а умел применять.

**⭐ Почему курс полезен**

*   Ребёнок развивает логику, внимание, усидчивость и навык доводить проект до конца.
*   Начинает разбираться в принципах программирования, но без «страшных» сложных тем.
*   Получает настоящий опыт создания игр — это мотивирует сильнее любых учебников.

**🎮 Что будет на пробном?**

Ученик поработает с учебным проектом в жанре Tower Defense, познакомится с интерфейсом Unity и научится импортировать ресурсы. Он освоит базовые инструменты редактирования и работу со сценой для создания игровой локации.

Главный результат — создание визуально цельного игрового уровня. Ребенок изучит принцип работы компонентов и префабов, а также научится правильно размещать объекты на сцене.

**🎯 Результат в конце курса**

*   базовые навыки программирования на C#;
*   понимание того, как работают физика, столкновения, персонажи и уровни;
*   портфолио из мини-игр;
*   готовность перейти к созданию больших проектов или изучению более продвинутого программирования.
*   несколько мини-игр и прототипов в портфолио;
*   готовность перейти к созданию полноценной собственной игры;
*   уверенное владение основами геймдизайна, программирования и визуальных инструментов.

🎆 Вау-эффект

*   ребёнок видит результат сразу: персонажи двигаются, предметы сталкиваются, мир оживает;
*   создаёт свои собственные уровни, механики и мини-игры;
*   в финале собирает настоящую 2D-игру от начала до конца.

**📘 Программа курса (65–75 часов)**

*   **Модуль 1\. Первое приключение в мир игр \| 10 ч**

Первые шаги в Unity. Создание простой игры и освоение базовых инструментов.

*   **Модуль 2\. База программирования на C# \| 8–10 ч**

Переменные, циклы, методы, взаимодействие объектов. Два игровых прототипа.

*   **Модуль 3\. Движение, столкновения и игровые объекты \| 12–14 ч**

Физика в игре: падения, столкновения, реакция на действия игрока.

Итог: ребёнок понимает базовую логику Unity, может писать первые скрипты.

*   **Модуль 4\. Пространство и управление \| 16 ч**

Камера, кнопки, анимации, плавные движения, внутриигровые события.

*   **Модуль 5\. Маленькие игры своими руками \| 15 ч**

Серия мини-игр: раннер, платформер, космическая стрелялка и др.

Итог: ребёнок собирает полноценные игровые механики: управление, стрельбу, врагов.

*   **Модуль 6\. Анимация и визуальные эффекты \| 4 ч**

Создание законченных игровых сцен и анимаций, подготовка проектов.

*   **Модуль 7\. Большая игра от начала до конца \| 20 ч**

Финальный и самый масштабный проект: полноценная 2D-игра.

Итог: ребёнок умеет делать большие проекты, создаёт свою игру «с нуля».

.

**💻 Технические требования**

**Нужно установить Unity до первого занятия.**

**Системные требования:**

*   ОС: Windows 10/11 (64-bit) или macOS 11\+
*   Процессор: Intel Core i5 или AMD Ryzen 5 1600 или лучше
*   Оперативная память: 8 ГБ
*   Видеокарта: NVIDIA GTX 1050 Ti / AMD Radeon RX 570 (с поддержкой DirectX 11 и Shader Model 4\.0) или лучше
*   Хранение: SSD 256 ГБ (HDD возможен, но менее эффективен)

**Материалы доступны и на английском.**";1.3;1.3;1;1.1;Нет;;Да;;Программирование;visible;;"ru, en, es";"ru, en";
ckAeiJa4j8atp6i3c;Unreal Engine;Хисаев Эмиль;Y3sxFaTRY5asf9tDP;12;;Доступно;2;https://docs.google.com/document/d/1eUYaVA4SCC9fztyjRAr2QiJ_ZLvp8s4PLyCksmHKdSE/edit?usp=sharing;;"Windows, MacOS, Linux, ChromeOS";;Да;"Индивидуально-групповой, Индивидуальный";"На курсе мы научимся создавать свои игры в Unreal Engine: собирать уровни, добавлять свет, звуки и эффекты, а также оживлять персонажей.  Шаг за шагом мы создадим свои первые игровые сцены и проекты для портфолио!";https://itgen.io/programmirovanie/unreal_engine;https://itgen.io/unreal_engine_gena;;"[#unreal\_engine](https://itgenio.slack.com/archives/C032XV7GE20)

.

[Визитка направления](https://editor.itgen.io/editor/XgZCSiCkZUFwKp).

**🎮 Unreal Engine — создание игр на профессиональном игровом движке**

Unreal Engine 5 — это один из самых мощных движков в мире. На нём делают Fortnite, крупные 3D-игры, визуальные эффекты в кино и даже виртуальные миры.

Он позволяет ребёнку почувствовать себя настоящим разработчиком: строить уровни, оживлять персонажей, добавлять эффекты, звуки и механику без сложного кода — через удобную систему Blueprints.

**Почему Unreal Engine актуален именно сейчас**

*   Это топовый инструмент игровой индустрии. Unreal Engine используют профессиональные студии — от AAA-игр до VR-проектов. Ребёнок будет учиться на реальном инструменте, а не на упрощённой «детской» программе.
*   Порог входа мягкий благодаря Blueprints. Чтобы создавать игры, не нужен сложный код — система узлов (Blueprints) позволяет легко программировать механику. Но при желании можно переходить к C\+\+ — это уже уровень будущих разработчиков.
*   Подходит подросткам, которые «хотят настоящее». Работа с 3D-персонажами, эффектами, анимациями, миром, звуками — всё это делает процесс похожим на профессиональный геймдев. И это невероятно мотивирует.
*   Быстрый результат: своя игра уже на первом месяце. Ученики быстро видят результат — персонаж двигается, собирает монетки, мир оживает. Это вызывает восторг и создаёт ощущение настоящего творчества.

**🎓 Чему научим**

*   Создавать свои игры на Unreal Engine 5 — от идеи до рабочего проекта
*   Строить 3D-миры, уровни, рельефы и окружение
*   Оживлять персонажей: движение, прыжки, взаимодействие
*   Работать с эффектами, звуками, светом, материалами и анимацией
*   Программировать игровую логику через Blueprints
*   Создавать интерфейсы: меню, кнопки, сообщения
*   Собирать собственные игровые проекты для портфолио

**🎯 Что получит ребёнок**

*   Полное понимание того, как «устроена» игра
*   Умение собирать свои 3D-проекты и игровые механики
*   Первые игры в портфолио — их можно показывать друзьям и хранить как достижения
*   Понимание основ программирования через Blueprints
*   Уверенность в своих силах и желание развиваться в геймдеве
*   Готовность перейти к Unity, C\+\+ или дизайну игр

.

**🎮 Что будет на пробном?**

Ученик создаст свой первый проект и познакомится с основными инструментами работы на сцене. Он научится создавать объекты и разработает собственный светящийся материал для игровой монетки.

Главный результат — создание классической механики подбора предметов. Ребенок напишет код, благодаря которому монетка будет вращаться и собираться персонажем, и увидит готовый результат работы уже на первом занятии.

.

**🚀 Дальнейшие шаги**

После прохождения курса по Unreal Engine ребёнок сможет двигаться дальше:

*   🧠 C# или C\+\+ — для тех, кто хочет углубиться в программирование
*   🎨 Blender — для создания собственных 3D-моделей
*   🌐 Создание сайтов — чтобы расширить техническое мышление
*   🤖 Нейросети — для старших учеников, интересующихся современным ИИ

**📚 Программа**

*   **Модуль №1\. Первые шаги в Unreal Engine (1–3 часа)**

Ученик познакомится с интерфейсом, создаст первый уровень и научится управлять персонажем. Результат — самая первая собственная игра.

*   **Модуль №2\. Левел-дизайн (8–12 часов)**

Ученик будет создавать рельеф, окружение, добавлять растения, здания, объекты и эффекты.

Соберёт полноценную игровую карту.

*   **Модуль №3\. Материалы и текстуры (8–12 часов)**

Поймёт, как работают материалы и почему объекты выглядят реалистично.

Научится делать стекло, металл, камень, землю, воду и другие типы поверхностей.

*   **Модуль №4\. Освещение и атмосфера (4–6 часов)**

Работа со светом, солнцем, тенью, небом и эффектами погоды.

Ученик сделает свою сцену атмосферной и красивой.

*   **Модуль №5\. Звуки и музыка (4–6 часов)**

Добавление шагов, ударов, фоновой музыки, выбора источников звука.

Игры оживают именно здесь.

*   **Модуль №6\. Программирование на Blueprints (38\+ часов)**

Самый объёмный модуль.

Ученик освоит:

*   переменные
*   события
*   функции
*   условия
*   таймеры
*   физику
*   взаимодействие объектов
*   создание противников и AI
*   управление игроком
*   сохранение игры

После этого модуля он сможет создавать полноценную логику для своих игр.

*   **Модуль №7\. Интерфейсы (8–10 часов)**

Создание меню, кнопок, хп-баров, уведомлений — всего, что делает игру удобной.

*   **Модуль №8\. Анимации (8–10 часов)**

Настройка скелетной анимации, смена движений, анимация действий, переходы.

Ученик оживит персонажей.

*   **Модуль №9\. Визуальные эффекты (8–10 часов)**

Огонь, дым, снег, магия, взрывы — всё через систему частиц.

*   **Модуль №10\. C\+\+ (по желанию)**

Для тех, кто готов перейти от визуального программирования к профессиональному.

*   ⏳ Примерное время обучения

60–100 часов, в зависимости от возраста, темпа и задач ученика.

.

**ПОЛНАЯ ПРОГРАММА**

[Программа обучения](https://docs.google.com/document/d/1PxeZKXu4IYJukd_Kbn805uhZ34dq1Mv-qvayeWR6KfA/edit)

.

**Технические требования**

*   ОС: Windows 7 и выше. Обязательно x64 или Mac OS X 10\.9\.2 и выше
*   Linux. Для каждого дистрибутива нужно находить справку отдельно\*
*   Оперативная память: 8 гб и выше
*   Процессор: 4-ядерный, от 2\.5 Ггц
*   Видеокарта: с поддержкой DirectX 11-12
*   Видеопамять: от 4 гб""

Материалы у нас делают под 5 версию , но у некоторых ребят она не тянет и там тогда ведут на 4\.";1.4;1.4;1.2;1;Нет;;Да;;Программирование;visible;;"ru, en, es";ru;https://docs.google.com/document/d/1eUYaVA4SCC9fztyjRAr2QiJ_ZLvp8s4PLyCksmHKdSE/edit?usp=sharing
8tNr7nDpTrtMN9tmE;Web-дизайн;Капариха Татьяна;TuuxHqNwgt3udSSkP;11;;Доступно;2;;;"Windows, MacOS, Linux, ChromeOS";;;"Индивидуально-групповой, Индивидуальный";"Научимся делать крутые сайты и приложения, оживлять их анимацией и превращать идеи в дизайн. В конце соберём своё портфолио, чтобы все сказали «вау»!";https://itgen.io/design/web-design-sozdanie-sajtov;https://itgen.io/design/web-design-sozdanie-sajtov;;"[ЧАТ НАПРАВЛЕНИЯ](https://itgenio.slack.com/archives/C03QKMS0K1U)

**.**

**🎨 Веб-дизайн — профессия будущего для подростков**

.

Веб-дизайн — это направление, где ребёнок учится создавать современные сайты, интерфейсы приложений и digital-контент. От первых шагов в Figma до собственного портфолио: курс помогает раскрыть креативность и освоить востребованные навыки, которые нужны уже сейчас.

.

**Почему веб-дизайн актуален именно сейчас**

**Нейросети не заменят дизайнеров.**

Дизайн — это не просто «красивая картинка», а мышление и умение решать задачи через визуальные решения. Мы учим подростков именно дизайнерскому подходу: анализировать запрос, думать о пользователе и создавать проекты, которые работают, а не только выглядят эффектно.

.

**Востребованная профессия.**

Веб-дизайнер входит в топ самых нужных IT-специальностей. Даже подростки могут собирать портфолио и пробовать себя на фрилансе.

.

**Цифровые навыки будущего.**

Работа в Figma развивает логическое и визуальное мышление, учит работать с интерфейсами, презентацией идей и современными digital-инструментами.

.

**Самовыражение через творчество.**

Дети превращают свои идеи в реальные проекты — от лендингов и карточек товаров до мобильных интерфейсов.

.

**Портфолио и первые проекты.**

Подросток получает готовое портфолио (3–5 проектов) и уверенность в своих силах. Это помогает двигаться дальше — от школьных задач до первых заказчиков.

.

**🎓 Чему научим**

*   Работать в Figma: от базовых инструментов до прототипов и анимации
*   Понимать основы визуального дизайна: композицию, цвет, типографику
*   Создавать сайты, приложения, баннеры, карточки товаров
*   Презентовать проекты и собирать портфолио
*   Работать по реальным брифам и ТЗ, как настоящие дизайнеры

**🎯 Что получит ребёнок**

*   Уверенные навыки работы в Figma
*   Понимание, что такое удобный и красивый сайт
*   Первые проекты в портфолио (лендинги, интерфейсы, баннеры, иллюстрации)
*   Опыт работы с заказами и презентации идей
*   Знания о профессии веб-дизайнера и перспективах в этой сфере

.

**🎨 Что будет на пробном?**

Ученик зарегистрируется в Figma и познакомится с интерфейсом программы. Он освоит базовые инструменты: создание фреймов, работу с фигурами, настройку заливки и обводки, а также научится работать с текстом и добавлять изображения в проект.

Главный результат — создание экрана мобильного приложения и самостоятельная разработка рекламного баннера. В завершение урока ребенок узнает, как правильно сохранять свои проекты на устройство и добавит первый проект в портфолио на нашей платформе.

.

**🚀 Дальнейшие шаги**

После курса по веб-дизайну подросток может продолжить обучение в смежных направлениях:

*   ✍️ Графический дизайн (Photoshop, Illustrator) — работа с графикой и печатными материалами
*   🎬 Моушн-дизайн (After Effects, анимация) — создание анимаций и видео
*   🌐 Web-разработка (HTML/CSS/JS) — чтобы самому превращать макеты в сайты

**📚 Программа курса — 34 часа**

**Модуль 1\. Первые шаги в веб-дизайне (10 часов)**

*   Знакомство с Figma и базовыми инструментами
*   Работа с цветом, формами и картинками
*   Основы шрифтов и композиции
*   Мини-проекты: баннер, карточка товара, первый макет сайта

.

**Модуль 2\. Продвинутые инструменты и визуальные приёмы (10 часов)**

*   Создание иконок и простых иллюстраций
*   Сборка страницы из блоков (шапка, подвал, карточки)
*   Стили и компоненты, аккуратный дизайн
*   Анимации и прототипирование
*   Адаптивный дизайн для компьютеров и телефонов
*   Проекты: макет главной страницы, анимированный прототип, мобильная версия сайта

**Модуль 3\. Дизайн для сайтов и приложений (8 часов)**

*   UX/UI — что удобно пользователю
*   Прототипы и сценарии взаимодействия
*   Интерфейсы приложений: поиск, фильтры, корзина, формы
*   Проект: прототип приложения доставки

**Модуль 4\. Финальный проект и портфолио (6 часов)**

*   Работа по реальному брифу
*   Анализ задачи и подбор стиля
*   Полноценный проект: сайт, лендинг или интерфейс приложения
*   Создание портфолио и публикация на Behance/Notion/Telegram

**💥 Вау-эффект**

Подросток создаст настоящее портфолио веб-дизайнера — с лендингами, баннерами и приложениями, которые можно показать друзьям, родителям или даже будущим работодателям. Это первый шаг в профессию и возможность уже сейчас почувствовать себя дизайнером.

.

**💻 Технические требования**

*   ОС: Windows 7/8/10 или macOS 10\.9\+
*   ОЗУ: от 2 ГБ
*   Программа: бесплатная Figma (регистрация на первом уроке, установка десктопной версии - на втором).";1;1;1;1;Нет;;Да;;Дизайн и творчество;visible;;ru;ru;